month,alpha,Mkt_RF,SMB,HML,Mom,regime_index,alpha_se,Mkt_RF_se,SMB_se,HML_se,Mom_se,regime_index_se,annualized_alpha,excess_ret,fitted,residual,regime_level
2014-10-01,-0.0012469346305482658,0.5904154905205251,0.22782522277783937,0.4284505844544128,0.5853158039411209,-0.006314125342689915,0.02982243794805019,0.7871395028716243,1.4300905586678005,1.9779933014864166,1.2760903153746914,0.028641804231780272,-0.014861021072152591,-0.0141999999999999,-0.014379223167625795,0.000179223167625895,-1.3024365904447388
2014-11-01,0.000397573758003816,0.6042025726089717,0.21512246004335045,0.38421674717052945,0.5502677342744406,-0.009162577988093945,0.03669377106521828,0.8509295768908894,1.373526499474001,1.9879534849273415,1.261013579731211,0.039850118044254666,0.004781331216701545,0.0141999999999999,0.010927621536863125,0.003272378463136775,-0.930806364920027
2014-12-01,-0.004099163240263986,0.6259077677592356,0.26008726510498414,0.37044363859258134,0.5187185925123043,-0.008186629076962855,0.036907483061422226,0.8651503979339165,1.358899584305355,1.9854201374374503,1.2175483936945277,0.04868994613443676,-0.0480959661809649,-0.0073,-0.005874717916976364,-0.0014252820830236356,-0.30782339161402084
2015-01-01,-0.007680844556215118,0.6416544749646629,0.31068571076258095,0.3551089809132417,0.48971954312142113,-0.007309115689411924,0.038514621543173845,0.8958938747906913,1.3830941520630298,1.975676733371415,1.1346480100935672,0.0540247335624294,-0.08837442775322357,0.0023,0.005272154942310017,-0.0029721549423100168,-0.0946277406301961
2015-02-01,-0.008835394368680513,0.6554884172294246,0.35374496574434156,0.3333650939058691,0.4832907781663627,-0.006205925406086841,0.03948672639294651,0.8823755551204108,1.383962191538915,1.9533373321790224,1.159276926848064,0.05728109730638884,-0.10102126145776014,0.0182,0.01851146535651163,-0.0003114653565116296,-0.5758831060852314
2015-03-01,-0.014449682256296188,0.6310626373851074,0.41742569572184374,0.3108712843727407,0.5192569062617026,-0.004225734095751615,0.04049425623961579,0.868338690655837,1.3703352750009419,1.920910544330242,1.2240518379414034,0.05873611499393672,-0.16025847873848464,-0.0161,-0.013276106251044171,-0.002823893748955829,-0.510795508202745
2015-04-01,-0.012108281937758654,0.575339023405538,0.5022108664232687,0.2683458177273469,0.5826567867052634,-0.004304316239054117,0.04354864650236901,0.8428924657293079,1.3169322370848984,1.8824955512599568,1.249416297960841,0.05983462415113807,-0.1360031984732647,0.0137,0.014050005204252702,-0.000350005204252702,-0.4588500426841736
2015-05-01,0.001460929943603405,0.6155400358718015,0.7050887745188387,0.24298766131023086,0.5957575738478883,-0.005551948640973704,0.04204955010005677,0.8769911428549967,1.3334783265484733,1.830948729500845,1.2601697292410232,0.058855816618925305,0.017672712438255855,0.0364,0.028073523034524123,0.008326476965475879,-0.47975893596991126
2015-06-01,0.010925451340178154,0.6621241423617197,0.8798388848748092,0.22467054434311517,0.5763730196196308,-0.005879533708030461,0.03523731910734584,0.8697745101824997,1.3183700641915612,1.7666083753939723,1.3227913070567305,0.057028430700909474,0.13927762271741462,0.038,0.032091958359174826,0.0059080416408251735,-0.14858586390381923
2015-07-01,0.003776318887570353,0.8003647615589015,0.9325824938910057,0.1993381207216054,0.5230335900450261,-0.006642411902653501,0.03727718702521279,0.869444238620057,1.296049876391505,1.6904244077402497,1.3521839483113873,0.052919258713230305,0.04626897404663444,-0.0266,-0.025625266039636,-0.0009747339603639986,0.043469888114541916
2015-08-01,0.004289379013234137,0.9400501599192843,0.8933641668655233,0.10449291024388585,0.47551927482633455,-0.005969749251853958,0.044825296943246024,0.8199052233410574,1.3733928642304083,1.6868020529151875,1.3526916650259988,0.04564911499614959,0.05270439810021488,-0.0516999999999999,-0.0496048721598213,-0.0020951278401785955,1.2754360259959394
2015-09-01,0.012762766984779447,1.011898771626785,0.8927515746816953,0.010089906010416483,0.40231458943357057,0.0010763831066695432,0.05430591779862158,0.8284499680620099,1.4264285141146185,1.6703198574843703,1.3630299045190206,0.0398834361584291,0.1643745912358352,0.003,-0.0007510700958061507,0.003751070095806151,1.5723955248180237
2015-10-01,0.014252919608296928,1.1186790565614686,0.8617280228810281,-0.06290972664346817,0.2930576738742664,0.0011029037638022403,0.05866753709404165,0.7894490481993034,1.4558028219059198,1.6463015568356074,1.3973226538770778,0.03989106460837092,0.18510054639284745,0.0666,0.06433396941422516,0.0022660305857748475,1.3360939881721476
2015-11-01,0.008862369584333746,1.1520275483425513,0.8747606065208421,-0.14958084488253376,0.22116481783706776,-0.00609257435742517,0.06125185955526897,0.8235659252700505,1.5018402246347762,1.6182528302756667,1.415393672823596,0.040541730576144394,0.11168841177645472,0.0038,0.00444936517651388,-0.0006493651765138802,1.5211026767490294
2015-12-01,0.004115230090686407,1.1851197647623413,0.8899742671491309,-0.23892585129181643,0.1512094991069206,-0.012628531492351108,0.06512408687140805,0.8158477553013385,1.5306361370712327,1.6082128630258905,1.4058073562020723,0.03859808899301194,0.05051595404698883,-0.006,-0.001686508809035838,-0.004313491190964162,1.8815588837360784
2016-01-01,0.003176845497781095,1.2201831981215103,0.9323619605778608,-0.33344999442662915,0.09876889289723922,-0.014555800902895231,0.06471247819657452,0.767699764996724,1.5943977494456285,1.5761912159380418,1.4013626370072565,0.03930716260217026,0.038795345174157836,-0.11320000000000001,-0.11057205883737906,-0.002627941162620953,2.030406995700368
2016-02-01,0.011619669757950072,1.1837293934125377,0.9553563024084617,-0.453054122814182,0.03982132065472899,-0.005986133879553171,0.06399453483429317,0.7790279630264085,1.6567935228923696,1.5291450670474964,1.3733842334204962,0.03704193802720437,0.1487014815809622,0.0116,0.006019846581552791,0.005580153418447208,2.0307921770375694
2016-03-01,0.006487030704625651,1.1470465624253854,0.9193422971197853,-0.5650675347455807,0.014321298461942744,-0.013975852247181838,0.060042231236888496,0.7285584280424052,1.718804329426149,1.4635278657193507,1.327556163195517,0.04386694859665709,0.0806826942160519,0.0794,0.08103433574860383,-0.0016343357486038324,1.3215019262335608
2016-04-01,0.008534792934179481,1.1965054739852508,0.929693035693353,-0.6799998648783117,-0.03403378817825975,-0.01430814467400765,0.05061846317843885,0.8163065444666884,1.7840641662317074,1.3798051336362187,1.255538568603291,0.0492405377809677,0.10736456890483637,0.0184,0.02316287939393657,-0.004762879393936572,0.9426294980172171
2016-05-01,0.013851558133208021,1.2632268366412946,0.950156434635697,-0.7737345686850107,-0.10032699931051248,-0.011997024452292343,0.042200495778470334,0.8416496167112726,1.8302826486129207,1.3598624216260076,1.1670542329895401,0.05498664128613576,0.1794851443885328,0.0217,0.01897469991876782,0.0027253000812321806,0.5480018796025007
2016-06-01,0.00617101783349937,1.3444433878763107,0.9628362812359319,-0.8088596426838783,-0.2315233963679728,-0.016436970146889232,0.04120638652245949,0.8185722628747236,1.8574337611085727,1.3698632843429894,1.020519435489393,0.05986501810112266,0.07661801572422333,-0.046,-0.03694984410897732,-0.009050155891022676,0.39982285754276975
2016-07-01,0.009320431368262546,1.3739195173782242,1.0064903101970653,-0.8651984856852917,-0.20405455851281612,-0.016381973950180356,0.03866671225726899,0.7786114529192297,1.865614382412248,1.3441517641092038,1.0152495168457918,0.06290063101758454,0.11776054473542907,0.0635,0.062160844570315864,0.001339155429684137,-0.0010746398972920762
2016-08-01,0.012146976523625667,1.4005921508796475,1.0496022673017684,-0.9233698032572608,-0.1756882791563697,-0.016411818919356586,0.03840205791419347,0.8510578636438014,1.8540208264385531,1.320098969943916,0.9480362036172284,0.0652436707952531,0.1559072442195677,0.0038,0.0036220063690930674,0.0001779936309069326,-0.28075883821932374
2016-09-01,0.012944724082254368,1.4319525339777281,1.0917999880018106,-0.9906397150479,-0.12258687200884011,-0.016389695828120443,0.04378245783689707,0.906833897379087,1.8245504101151422,1.2538711413190258,1.025802802487872,0.06632696899773673,0.16688742890486497,0.07619999999999999,0.07124233704022093,0.004957662959779063,-0.40904765994506204
2016-10-01,0.0035465723508407657,1.4341428903518245,1.0471612609610677,-1.0492490171925006,-0.14103815574236736,-0.015061186949834049,0.05093251747046209,0.9362709364260061,1.8472399390199246,1.1568059714752634,1.0704247560975606,0.0662753000235526,0.04339892061958084,-0.07200000000000001,-0.0673221735534214,-0.0046778264465786035,-0.11439393458798579
2016-11-01,0.003004134076095231,1.3962203971949103,1.0215851015895616,-0.992629731272243,-0.20250939287938874,-0.012961182944302891,0.05547851137171174,0.9483354964309553,1.8528792527717728,1.2594296177676254,1.0219247862140317,0.06508540404134092,0.03665125223645216,-0.037500000000000006,-0.03860523602403634,0.001105236024036338,-0.47847184051950686
2016-12-01,-0.0035557031163385797,1.400210508489829,0.997575585572253,-0.9679544048149953,-0.18469562337548365,-0.009644716442655039,0.06300084327868591,1.0003585791241192,1.841127449279167,1.306146023665686,1.0665246352971152,0.06249302219394768,-0.041843809158812695,0.015399999999999999,0.019379414976831273,-0.003979414976831274,-0.8753148493346774
2017-01-01,-0.005063176434034433,1.4178361088216351,0.9561529671458113,-0.923437129281575,-0.20273947144478977,-0.008890015301400862,0.07251463192268343,1.0425663183482856,1.8376684224398345,1.3338582345581385,1.0835365203863954,0.058216380053516086,-0.05909439028631036,0.0558,0.05719207722145885,-0.0013920772214588498,-1.3747609556452998
2017-02-01,-0.0053306510159433,1.4442056175697977,0.9238593767187189,-0.8744462252110814,-0.20721708400907743,-0.00959281718146501,0.07843931081083265,1.0795779666930867,1.8450451773762524,1.3513564310861677,1.155289815222558,0.05548578276969998,-0.062125294913870976,0.0429,0.04341464964417287,-0.0005146496441728668,-1.6144216218190808
2017-03-01,-0.010159588509573513,1.4844486110830373,0.8757698665564546,-0.801382322295938,-0.17338214401668287,-0.0041404354975475306,0.081166414999913,1.1083759677655083,1.8534805907129142,1.3650779057865532,1.2637192238291481,0.05875138608383622,-0.11532823727679664,0.031099999999999996,0.03326042391874393,-0.0021604239187439367,-1.4702682256769892
2017-04-01,-0.009608028511070359,1.5429614297462997,0.7977934014133559,-0.7547483149026379,-0.1394565826537932,-0.00529140313119553,0.08285865230124428,1.1186361944803094,1.884841877950716,1.3595557899204624,1.3416362580015369,0.061266518599970315,-0.1093945805967299,0.0453,0.04315267166197284,0.0021473283380271588,-1.4334067864803248
2017-05-01,-0.012908544606993394,1.5912729561484515,0.731263388578957,-0.6919229076837836,-0.09732354127516224,-0.0019614025761180557,0.08395966954461571,1.1070517498936243,1.9042677841076177,1.325358639795424,1.3980341016024562,0.06355024542920622,-0.14436466696917782,0.0561,0.05890876713986812,-0.0028087671398681208,-1.4068567987192793
2017-06-01,-0.016560160470662243,1.6378913265749102,0.665204243675974,-0.6262400587646965,-0.05487187476767902,0.0017677090593960897,0.08520959528123725,1.0997681884688917,1.9087168834794181,1.3394028103123077,1.434018721461048,0.06335459574186401,-0.18158501430874807,-0.0197,-0.01652284447711904,-0.0031771555228809582,-1.399604288442691
2017-07-01,-0.013738894719617305,1.6686127284936014,0.6400450684486425,-0.5376985619928344,0.0070764895468934386,-0.0020742512981367332,0.08583192740768972,1.0874766707120835,1.9304156068646403,1.348959225329616,1.453163171673763,0.06458710949842456,-0.15296203407919984,0.0393,0.03233234748885788,0.0069676525111421195,-1.384176960975109
2017-08-01,-0.015469622148311577,1.675956309282502,0.6082817871774595,-0.4820055061354861,0.042209401254155565,-0.0006752492578596305,0.08520562797617047,1.0891404695196938,1.9366208148710558,1.3877321205084332,1.467660087493854,0.0626445251993,-0.17062784408242238,-0.0124,-0.008969562532686933,-0.0034304374673130664,-1.383026149065081
2017-09-01,-0.010763355991085466,1.664552539652047,0.5896739262590713,-0.44016187899817716,0.09187531839226803,-0.006661365295428217,0.08604493668907516,1.085837987235228,1.9291646092539347,1.4178158898579005,1.4634396417093298,0.0600708673384355,-0.12178197772573984,0.0443,0.03757729639848571,0.006722703601514286,-1.5390369219899258
2017-10-01,-0.01654672436819108,1.6372889787889382,0.5738210909137595,-0.4250037778447704,0.11887775853120075,0.0013943276675294752,0.08503905697306695,1.0629949093690418,1.9074662903814983,1.4360433964653982,1.4350567882377137,0.058436006445704944,-0.18145082653027245,-0.0050999999999999995,0.0013114328141004554,-0.006411432814100455,-1.5759860929221012
2017-11-01,-0.012449063686084328,1.6078793842699564,0.5535415388616199,-0.42100384521487133,0.19894633257036565,-0.0046118687310741915,0.08153699801738742,1.0155731881079033,1.871552039311793,1.4357868615108351,1.408272624668176,0.05815046866574008,-0.13957293821190275,0.015399999999999999,0.010855349799166749,0.00454465020083325,-1.5051589554153273
2017-12-01,-0.013157088087790956,1.588778560004887,0.533235286672287,-0.40726651147122583,0.27227256935132343,-0.0043976052568041706,0.07600757303263996,0.9495370600541865,1.8198119221630331,1.4185821310903082,1.3611249363816025,0.061335033502220915,-0.14694641342100068,0.023,0.02740963769069448,-0.004409637690694482,-1.412190810090668
2018-01-01,-0.009015324663639118,1.571988236959343,0.5521424678920026,-0.40146358321224346,0.32428859303582624,-0.009626352465291753,0.0690952550305972,0.8507106722389068,1.8257871557574223,1.3804673614196374,1.3381387656214385,0.06411514288851161,-0.10297765221832633,0.0899,0.08670696762086819,0.0031930323791318077,-1.3447535850408359
2018-02-01,-0.007732727708849108,1.5273946022349585,0.5668351312967493,-0.39705366706632733,0.35111344466804584,-0.011671927197889601,0.05910019336297495,0.8017242270250459,1.813693215285376,1.319662487375075,1.3533052715467149,0.06732691554757268,-0.08894623261480272,-0.046599999999999996,-0.04947246060902523,0.0028724606090252333,-0.7809958575600611
2018-03-01,-0.01120392127023102,1.5348800516013368,0.5602642583695151,-0.38382788020845604,0.3794324982135365,-0.011214976293143128,0.048625840535158546,0.8879605083578419,1.8040589518940213,1.2212327819392463,1.3446868010850528,0.07076060222936123,-0.12646396411639982,-0.0332,-0.029610079816504143,-0.0035899201834958573,-0.39223542407249146
2018-04-01,-0.004635924399204231,1.4982075627626619,0.5315076536633357,-0.42791740777627485,0.3630347865741675,-0.012315610971290598,0.04403021892345196,0.9346539288765149,1.7905385407760812,1.162156720736693,1.3476894732675706,0.07227514415882591,-0.05423432691991792,0.0055999999999999,0.00449759030754242,0.0011024096924574806,-0.36501216127759345
2018-05-01,-0.0007893297539570913,1.4578817415125358,0.5235202183279362,-0.4863140171625381,0.3534398923048917,-0.013206228935960455,0.04450386709416682,0.9470797284934255,1.7854971798379775,1.1260892073865298,1.3207821232598198,0.07227287013755306,-0.009430944311921818,0.022399999999999903,0.01978257567943141,0.002617424320568492,-0.37411615030203194
2018-06-01,-0.0015045916155114305,1.4375785583752825,0.49044740810176135,-0.4841521038557848,0.3318768002088204,-0.013342530792564273,0.04502376308406976,0.9136088461365648,1.788991778170077,1.1606335279294326,1.2793075395975397,0.07069709339934996,-0.017906435663568643,-0.0276,-0.028524355489767776,0.0009243554897677767,-0.2799299683276886
2018-07-01,0.001660033000445862,1.3983655036011375,0.43815860762223036,-0.49827972828743894,0.28834638598961343,-0.013749588474804262,0.04445955566414688,0.8872826147627081,1.7953612733751125,1.1621233702048963,1.250746071368237,0.06785911106298327,0.020103283010621142,0.015299999999999998,0.012984583476109497,0.002315416523890501,-0.37769737439127204
2018-08-01,-0.0003534400508004888,1.3540078617873366,0.43108242516660605,-0.5211286375227823,0.2745198080629098,-0.01368566254106308,0.041572677339134126,0.822489242423417,1.8404533107190322,1.111910561208948,1.2247814452963606,0.06377681924056515,-0.004233045603869168,0.0092,0.008378896599244956,0.0008211034007550438,-0.5146406234185775
2018-09-01,-0.006804730672564546,1.3342068995315715,0.41723645552247757,-0.4978453334476015,0.25366143346091197,-0.012372844944138026,0.03527884272592104,0.7421671768553533,1.8672607536714705,1.1487455618546483,1.1731607427968456,0.05974248791458214,-0.07866894999274343,-0.0054,-0.001415322957670698,-0.003984677042329302,-0.3438002023972079
2018-10-01,-0.009315611357757641,1.3145099510318254,0.39012161704149945,-0.4565043128683586,0.24315985929470207,-0.011368008917243221,0.03856785784075552,0.5989003849712446,1.8708007800618864,1.213397226094554,1.1106137024116114,0.05409697675638345,-0.10623399407155154,-0.1459,-0.1469895753644205,0.001089575364420503,0.47101260512526655
2018-11-01,-0.01386288392382739,1.3245639204028017,0.3705475236309567,-0.4212979592841033,0.24954150004785863,-0.011038305285005098,0.040753962834990984,0.7110654859863682,1.8626236545887975,1.2563788659787063,1.0912785115812471,0.04539193537778616,-0.15423898975357597,-0.034800000000000005,-0.033003478828109306,-0.0017965211718906984,0.846696558016601
2018-12-01,-0.0021315443803050366,1.325407805903674,0.3595853012606948,-0.4556948437334541,0.14843274640733206,4.348113489063138e-05,0.05092072768253407,0.7376272274184515,1.841262586339283,1.3070363621389365,1.0977701265318758,0.038577968031402676,-0.025280783223759262,-0.0806,-0.08279532516206616,0.00219532516206615,1.6808266076846152
2019-01-01,0.0033842783930144076,1.3659140172670496,0.3867071099391812,-0.5185767023414268,0.033107771258740926,0.004670146617755992,0.054209668724671985,0.7556547009667623,1.8343579570506836,1.3607312219215,1.0824353168414271,0.03929103903250483,0.041375853942931196,0.1089,0.10471399618635058,0.004186003813649419,1.4971792795609011
2019-02-01,-0.0008784775469683013,1.3073806656934257,0.4254127628260454,-0.5448392426646012,-0.027146348304304457,-0.001462159811912305,0.05038595097103966,0.8653365698169869,1.8084628834869805,1.3894286072915376,1.034896094199328,0.046109987040051766,-0.010490945711452593,0.0269,0.03125282009053619,-0.00435282009053619,1.0225648517809183
2019-03-01,0.006141002005480137,1.2935276439402132,0.4447734447503482,-0.6205708116648477,-0.11305918678047144,0.0015901446636524853,0.04605029426603466,0.9255215138084657,1.7623450241908423,1.409128808636465,0.9374832724488196,0.05518069804618916,0.0762326703426639,0.0181999999999999,0.017679892701132238,0.0005201072988676621,0.5396950232357566
2019-04-01,0.009951821271948158,1.2760535718906025,0.47906335987547255,-0.6815471133690623,-0.2206329800094839,0.002912833170118098,0.03992725540985578,0.9490118117669268,1.7310350639625078,1.4234211518461082,0.8661874839938556,0.05961903865238575,0.1261801815491106,0.0657,0.060673412684185454,0.00502658731581454,0.2430023623043624
2019-05-01,0.005039994468029005,1.2303207048049762,0.5264555871922438,-0.7011033035284424,-0.24113013752747137,0.0011736880652955294,0.042084506134712,0.9278527298619126,1.6793775919776632,1.4387245593970337,0.915692149432299,0.06015585656366731,0.062184922721202573,-0.0533,-0.05324275383669896,-5.724616330104321e-05,0.5924970980547467
2019-06-01,0.0051167978892072054,1.1497816726060548,0.5868343057994353,-0.7365370903973665,-0.19119870627594357,0.0019830145240739283,0.04214971637736974,0.8909163685204385,1.6212789429773427,1.4272533480641225,1.057128945759147,0.059539203249948595,0.06315937627192825,0.047899999999999894,0.05200617617804473,-0.004106176178044839,0.4630495500692123
2019-07-01,0.010279239038818456,1.111026061431215,0.6051462767101243,-0.7799205845810522,-0.14881811370671172,0.005604274993416301,0.03661177200620232,0.924214258173705,1.6290103953642983,1.3932958820876709,1.1362832006002064,0.05872621861916987,0.13056917798663292,0.0115,0.007029283777893362,0.004470716222106638,0.508904796730704
2019-08-01,0.00809452057829902,1.0935786448957787,0.6089182533692683,-0.8044344264924942,-0.09637369571999208,0.0057690230496829555,0.03624121847514504,0.9481055640925727,1.641749229947207,1.3406925864589156,1.1809674645366297,0.05801682523360084,0.10157748306733128,-0.0046,-0.006756670747873674,0.002156670747873674,0.5861323344875554
2019-09-01,0.0008721532045555692,1.0966175608053943,0.6378987860213261,-0.8029289056121613,-0.06665046973912729,0.0033770257708694005,0.033690346779265336,0.9653209453634998,1.6829332867655065,1.2961014906852446,1.2155460455590401,0.05697936386744282,0.010516187670440491,-0.0038,-0.0005521548657368518,-0.0032478451342631484,0.32633967431145805
2019-10-01,0.0020279244834277123,1.1239153980049004,0.6626045329607313,-0.7463795128293305,-0.1075473551204956,0.004569282256904115,0.03273774237171572,0.9518483940150386,1.7041484450984086,1.2984926306944353,1.2748483752329023,0.05668730287635664,0.024608360483659775,0.0383,0.03763819731097112,0.0006618026890288786,-0.185214427548907
2019-11-01,-5.743756610415403e-05,1.13507203490571,0.680975110164294,-0.6944565613802212,-0.13717116475551494,0.005479920717706998,0.03476954599750486,0.9529784648138352,1.7100229743987019,1.2709142233697674,1.2927952536996596,0.054140657943799214,-0.0006890330960478419,0.0194,0.023353876360403526,-0.003953876360403525,-0.5057505889332952
2019-12-01,0.003955067714149802,1.1512848972398608,0.7088534003821589,-0.6744225106290391,-0.1810484708405759,0.005087593174718908,0.03793165727567654,0.9185573896842606,1.6925163760734598,1.274487964110636,1.2992159774603647,0.05037723156005205,0.048506954287397486,0.0448,0.04291214523629555,0.0018878547637044482,-0.9148162278494861
2020-01-01,0.005856476106254056,1.1554890850092274,0.7219043952118929,-0.6583332572884951,-0.22846867511663227,0.00590551911905232,0.03764614191858013,0.8672426191844851,1.6990898127636023,1.2584055357392954,1.2830718073309255,0.04694957902038384,0.07258618048579035,-0.0197,-0.018566267159776398,-0.001133732840223601,-0.20254730424279999
2020-02-01,0.010946733550698261,1.1426504852387978,0.7205798811709208,-0.6681896625675432,-0.2574034959451901,0.006611566999548715,0.042884997234989806,0.7819384671599925,1.7113659324646973,1.2771802597633184,1.2683706182627696,0.03916921803159655,0.13956546772660605,-0.09479999999999991,-0.09609208683676733,0.001292086836767417,1.5421127775756587
2020-03-01,0.009211831992470984,1.2104750758855745,0.7644378871855192,-0.6834633206548633,-0.2599654142520381,0.0013921618087619552,0.054832059781152825,0.7530873415359008,1.715753549355403,1.2714536504086558,1.2554004932247884,0.030506611669939825,0.1163181926228094,-0.1376,-0.13683478157084267,-0.0007652184291573327,3.5809695923001317
2020-04-01,0.013107832530850981,1.208015506002818,0.7801320626617969,-0.7566899274225202,-0.22410304873804904,0.004926018236141039,0.06039178883367972,0.7583143815396123,1.6987871887987571,1.2845797773136618,1.2404450658796986,0.02471638852408279,0.16914418996036407,0.1746,0.17377948686952666,0.0008205131304733493,3.5294335607380463
2020-05-01,0.013847322875963722,1.1671463349879905,0.7669512225297351,-0.8093355788159952,-0.19329261815759727,0.002465329558019416,0.061155859675642965,0.8271945412963221,1.701406577285999,1.2437412051152923,1.1922008952021277,0.03203006073016677,0.17942601965938754,0.1383999999999999,0.13787599219736021,0.0005240078026396977,2.33696635726817
2020-06-01,0.010391849949588099,1.0879019892593869,0.726453249335039,-0.8200500892687028,-0.16448170685929964,-0.006063348069174179,0.05997376943306904,0.8472716799707849,1.6968024931282581,1.2885007541595876,1.1005285866532597,0.034471190713035074,0.13208233395455804,0.016,0.018511915076471708,-0.0025119150764717074,1.8058721133189386
2020-07-01,0.016699270417941663,1.0756646297756625,0.6627834816563039,-0.8135718043600001,-0.0923716110450509,-0.0022298760513891616,0.05886887534150888,0.834433147186482,1.6846858086971004,1.3219058639190684,0.9687397744369018,0.04380514535553594,0.21986042737140576,0.0712,0.06796511567806604,0.003234884321933959,1.1866748799091456
2020-08-01,0.015444017632841554,1.0125703744500665,0.5963406068444324,-0.7560070004015167,-0.1363305752874979,-0.005923743532485541,0.0544286435435888,0.8064014892227793,1.6475585445990495,1.340439055342421,1.0043583032007395,0.04728359601030327,0.20190965565693708,0.0943999999999999,0.09610467586229193,-0.0017046758622920322,0.5964072214914548
2020-09-01,0.01884262407095643,0.9950670439625551,0.5729955039423276,-0.716516309925614,-0.20979980682917845,-0.006647736255679094,0.051408799102927595,0.8105401539104443,1.6587761410194333,1.335679058888424,1.0542290138068529,0.04688830412245662,0.2510805392164335,0.023200000000000002,0.02386157133221177,-0.0006615713322117682,0.8521031369196859
2020-10-01,0.025687713047907613,0.9703278347576637,0.5760404056802241,-0.7046614816187918,-0.26186749839094337,-0.005030895255570395,0.04876335639855297,0.767992470499134,1.6820225605452765,1.3689903717743659,1.0647740951054077,0.041936017323106915,0.35575694050982287,-0.013999999999999999,-0.01664219930491908,0.002642199304919081,1.3537815856657762
2020-11-01,0.03635334344117047,0.9296026995754572,0.5879970498718489,-0.6897507931694681,-0.32156072307478256,3.165858260748347e-06,0.04913684520024809,0.706967545430456,1.6783405250126653,1.3784564247679651,1.0183303804234285,0.046280445464486106,0.534950003387435,0.16060000000000002,0.15961188930946102,0.0009881106905390014,0.34295893541074945
2020-12-01,0.044135559326634946,0.8278257038190555,0.6167773438320608,-0.7005789713399264,-0.30386910076933105,0.0033326674680217655,0.04635332716298992,0.7033266610536661,1.6793959083374475,1.3466116135423623,1.1067967257326965,0.0477590692792308,0.679123490723768,0.0863,0.08571217918603308,0.0005878208139669244,-0.013027460071667898
2021-01-01,0.06020046413349838,0.8099857191151139,0.7171000807348031,-0.7038503072808271,-0.2606151565240574,0.008795123505536719,0.041807866533050804,0.8072525485825012,1.7178971951300388,1.287324438747628,1.176537840944991,0.04615926279993588,1.0167677139453315,0.0718,0.060567547298722046,0.011232452701277956,-0.09741955446292277
2021-02-01,0.05383640955578017,0.8490764193620444,0.7237629203103462,-0.7557887343834935,-0.22231833904743667,0.01220204161346167,0.05521373831659099,0.8944328488931018,1.721177048333567,1.1894591085014892,1.203369084365081,0.041039966144905696,0.8761967961374417,0.0332,0.036373852562347354,-0.003173852562347354,-1.1977940007048047
2021-03-01,0.04579607410194812,0.885563351571571,0.7214584134011641,-0.837213558754711,-0.16067700342501434,0.01693204557456087,0.06433947229239094,0.9448101566065535,1.736373958564829,1.1877801267754564,1.2529949166010461,0.03098948773137034,0.7114494885499338,-0.0172,-0.014717398239355042,-0.0024826017606449577,-2.5874594542347404
2021-04-01,0.04189652912684364,0.9174978910789275,0.6931322040474339,-0.8599120906750478,-0.15608901761953198,0.009465199794822327,0.07040554086939053,0.9654352938703106,1.7481632946656276,1.1461689082843245,1.2937677980677806,0.032655018629603724,0.6364211924795473,0.0728,0.07023163321563185,0.0025683667843681562,-2.5373847923551436
2021-05-01,0.03541791839960802,0.9354207322956243,0.6577444378159216,-0.8479030715946626,-0.18212279395917869,0.010609376565036528,0.073940184799572,0.9654834655301704,1.7452791595327373,1.1056748024679268,1.3453655829023021,0.035168908657618576,0.5184067181142076,0.0126,0.013189383890457214,-0.0005893838904572138,-2.4665537007515543
2021-06-01,0.028981239667583654,0.9534753186909376,0.6218806839527359,-0.8355865766854279,-0.20815225815339694,0.011629581737761949,0.0757704763967293,0.9430557021481296,1.759210702641062,1.0546299999102142,1.376305655805887,0.03638410578334578,0.40893021103509253,0.0161,0.01750982364411381,-0.001409823644113812,-2.3914378892986683
2021-07-01,0.023476715815203643,0.9615767399158657,0.5867246249020586,-0.8378035813341068,-0.24055659885207234,0.010254791051708175,0.0754164455949344,0.9394570180697821,1.7547690121002752,1.0418335325949137,1.4103397184483732,0.04000048918072002,0.3210997259829702,0.0097,0.011150982484632817,-0.0014509824846328165,-2.0375347748653767
2021-08-01,0.01863507638763494,0.9668086998869104,0.548997071840089,-0.843551066234686,-0.2740591430786134,0.00752195275831407,0.07430591534021144,0.9039274855523228,1.7442021572595214,0.9688316093864191,1.4219914595926044,0.042752060359129145,0.24802568300789574,0.0445,0.04488764753089324,-0.00038764753089324394,-1.8117060706785648
2021-09-01,0.011239015122699314,0.9737385487105263,0.5020828131097836,-0.8224955510800607,-0.30469885684619186,0.009133191654144217,0.0733968822643531,0.8281553482261341,1.7273870363032382,0.9045547367698312,1.4160284465124942,0.043379340118592194,0.14352536932202153,-0.064,-0.062213880194532195,-0.0017861198054678062,-1.5947570761998622
2021-10-01,0.0046803246265398404,0.9710237462518596,0.4579517596452717,-0.7902177854777015,-0.33225304258902494,0.00953543329465354,0.07036531125847888,0.7824712393065275,1.7073491991116052,0.9181744742163781,1.4021331053964325,0.04175319673109412,0.057632449184097156,-0.0036,-0.0026143773555968863,-0.0009856226444031136,-2.076412659488356
2021-11-01,0.0006183449078517936,0.9736199223703857,0.38677387673895,-0.7690907579158235,-0.33633205710274783,0.004237976302783317,0.0630302459775163,0.6915371478796186,1.7001889181824543,0.8680337882828383,1.3979165074927464,0.04568752926497545,0.007445426108089626,-0.0312,-0.030695571379157634,-0.0005044286208423648,-1.3159129192693042
2021-12-01,-0.007528347013159999,1.0303438460152843,0.33759881691839516,-0.7141660561150471,-0.326551712107984,0.0032622555212308384,0.057406556015467,0.725979507497111,1.693643712089956,0.8278162596401537,1.3850915251260463,0.04621750283348267,-0.08669184540698072,-0.002,-0.002015499768594234,1.5499768594233812e-05,-1.4502305257092476
2022-01-01,-0.015833813932583984,1.0861104021852526,0.28940697219836997,-0.6611744947637171,-0.31709915734310756,0.0024777063779833144,0.05096419086040433,0.7555818537245199,1.6663688454956465,0.7410906249373935,1.3514049590106716,0.0494233319015158,-0.17430192170003656,-0.1495,-0.14995703838888463,0.00045703838888463966,-0.839478739512684
2022-02-01,-0.025363874469602574,1.1586264461463007,0.2526925613425074,-0.6521879044021082,-0.29657022042595343,0.0023172035094643426,0.038984723137473205,0.7873127009098797,1.6572327301064331,0.8936237719402872,1.3145871665643534,0.05014796781172657,-0.26529997087944224,-0.0638,-0.05616268786163739,-0.007637312138362606,-0.07493758933467333
2022-03-01,-0.02586870370286538,1.1884359418034185,0.2652806679281372,-0.6041288788155015,-0.2989094117272169,0.0030182696739040845,0.041665510728512246,0.77268364111811,1.7100371344179834,0.9475579880877727,1.2749100214627571,0.04838118902261114,-0.2698535872771144,-0.0258,-0.02515212257480578,-0.0006478774251942217,0.26371712562049043
2022-04-01,-0.023975399662972095,1.2212557498414693,0.2762267428377154,-0.5600499947141814,-0.28330609258343414,0.004610661858404353,0.052137643683682816,0.7084484280422292,1.7459485174934368,0.9405129001671345,1.307085178308433,0.04311576456890797,-0.25264117279509357,-0.1251,-0.12563325725916605,0.0005332572591660589,1.348111594848362
2022-05-01,-0.026281160350779067,1.290234688578102,0.2991083489906932,-0.5549044087280205,-0.2873193468556481,0.0024519971867466668,0.058085777622402725,0.6861742433975779,1.7682913583117468,0.9097544837142281,1.3428398057433215,0.03889280538526985,-0.27355477317377064,-0.039,-0.039772723547684276,0.0007727235476842759,1.5304551150642267
2022-06-01,-0.02829959765087369,1.3600033575550041,0.3208720832227342,-0.5466750644961655,-0.2910660855329669,0.0006097541148715052,0.06365744948100478,0.6195316459968349,1.7855839147884538,0.9370989603902136,1.3550186112320755,0.03908489634286386,-0.2914204883657503,-0.15719999999999998,-0.15500695806370302,-0.0021930419362969633,2.093204883064588
2022-07-01,-0.02243014678581771,1.3457246846592013,0.3359311282549068,-0.5434127536051097,-0.3097133885977361,0.007448595580540156,0.069949930172166,0.6869370712235229,1.7864639258529682,0.913755328414845,1.355437063691516,0.037147143224968274,-0.23831815981029825,0.10500000000000001,0.10363005831073446,0.001369941689265547,2.078941172869505
2022-08-01,-0.019413635234799182,1.3086233734310475,0.34443287364317154,-0.50311238232414,-0.31189706229574804,0.010633222506481861,0.0756116232107114,0.7440072370411771,1.775971731620799,1.0027149435548912,1.361845226905281,0.034903247505111826,-0.20963045011985826,-0.0835,-0.084976924794723,0.0014769247947230002,2.429174496890709
2022-09-01,-0.016760640040849074,1.2729963306546135,0.35210170972294247,-0.46569572016026706,-0.31645702608535253,0.013308952339967269,0.07929569719827684,0.7022144339629406,1.7663228003574019,1.1089582377736322,1.4031394835670783,0.03567879717346297,-0.18358483136733572,-0.12549999999999992,-0.12645613383873544,0.0009561338387355234,2.8819786947747956
2022-10-01,-0.014114465135402474,1.2374351260504308,0.3598013910955279,-0.428309353777642,-0.3210320348843535,0.015975005013399286,0.08234567222975378,0.7409919671848985,1.772924244798418,1.1542570999509576,1.41097731817599,0.03239296893183514,-0.156824584857148,0.08510000000000001,0.08472538658826204,0.0003746134117379729,2.7789701612903293
2022-11-01,-0.022625197824448603,1.111622198398111,0.4246075151850033,-0.41140687264612885,-0.31671360562584366,0.0006530720015281146,0.08352449120498036,0.7530158706898024,1.7829838635384236,1.1587718655773922,1.3923258310690518,0.03583155336705608,-0.2401398678594675,0.1075,0.11209260798459827,-0.0045926079845982765,2.5016920324466225
2022-12-01,-0.021210195576342773,1.1566455501417088,0.4547998091536135,-0.40653884816997354,-0.37186211796610896,0.0011984194676800987,0.08289081912206421,0.8543872111921589,1.7804763008179534,1.1223645569956957,1.3617135808675753,0.03454298297944398,-0.22683311917025706,-0.0484,-0.048293081263073724,-0.00010691873692627446,2.6114435825713382
2023-01-01,-0.013374373667886703,1.2100365912658297,0.5174412395086272,-0.34639346721762515,-0.40481153403097897,0.011506685225079744,0.08015293803009153,0.8818387389646374,1.8086791948094396,1.079824135937866,1.3239245747026416,0.03920412063162049,-0.14919761598255488,0.1178000000000001,0.1146846606916424,0.0031153393083576952,2.153689136234326
2023-02-01,-0.012529264998100816,1.1901439512797485,0.5976010290029637,-0.2750480227473992,-0.37032645468913855,0.012354716285047479,0.07722696768333363,0.9006631510768777,1.824735145464091,0.9849640104080274,1.3754465058530583,0.04073314097311018,-0.14041109120246953,-0.035,-0.03605428745033777,0.001054287450337768,2.0002897161676203
2023-03-01,-0.02047603967123325,1.191118221027112,0.6923641423565354,-0.27062922746336415,-0.3550065648962838,0.0023839498979898277,0.07392874378434017,0.8908876192813545,1.8271893027336383,0.9251107061703149,1.4116830552703323,0.04474711913039824,-0.21984523414182056,-0.0007999999999999999,0.0026119689917301877,-0.0034119689917301876,1.8633031728607072
2023-04-01,-0.019148001644970433,1.2299120185848982,0.7377646790583561,-0.3516979039346989,-0.3482112823237218,0.0034039546876604124,0.0678444561035258,0.8515734668517833,1.8231208028320252,0.9933259916648121,1.4261985320941373,0.0486013124397161,-0.20705735554465243,-0.0118999999999999,-0.010310846299673718,-0.0015891537003261819,1.3278626490801373
2023-05-01,-0.012464416474869736,1.290899622438593,0.755079847551405,-0.4126478347741262,-0.3393750330738907,0.00977857149400327,0.060734757994229914,0.7933249132543363,1.8266217252530403,1.0531983719048692,1.421912553310164,0.052539697825928725,-0.13973344224267092,-0.0516,-0.05348571421509257,0.0018857142150925724,1.2929308573307372
2023-06-01,-0.009787195571335578,1.3752690706712714,0.7718286766234541,-0.4640700021810382,-0.32795255620540753,0.012775720177528024,0.056251149244303494,0.763898144933028,1.8119114582721905,1.0834019996731916,1.400323539887083,0.05690948768168191,-0.11132603992878543,0.0157,0.014077194329228432,0.0016228056707715665,0.690461212378237
2023-07-01,0.004887779418872466,1.54994281577661,0.7083146150413725,-0.4506784291271922,-0.2683082060791049,0.0243522221785651,0.05103574008314025,0.7516144402720017,1.8310834316024482,1.083922676789615,1.393486820810078,0.058196418144569426,0.06025609296277401,0.0659,0.060523351980407064,0.005376648019592936,0.6726289874845575
2023-08-01,0.0027037868592489096,1.653162606699441,0.614988903340778,-0.5645440959544867,-0.14974431384753728,0.024820771003761573,0.04497856116206235,0.7189664423665109,1.8451224086188391,1.094034364129148,1.392760881217687,0.06081339614682555,0.03293230796877267,-0.062199999999999894,-0.059093624751535984,-0.0031063752484639107,0.5020721623976669
2023-09-01,-0.0029174666248875207,1.7812329136977971,0.5199865491066186,-0.6934662187579199,-0.03298919545877588,0.0237634298393105,0.044061805623595206,0.7071028192318807,1.8425162470570327,1.038569425723013,1.369302549308778,0.06111303985045798,-0.0344532605598199,-0.1085,-0.10111124469596507,-0.007388755304034933,0.3474098464165091
2023-10-01,-0.0036383714491702458,1.8713576037693378,0.41388416161787833,-0.7654286491776539,0.08067743743650424,0.02447794400286022,0.03672485706335795,0.6372022951775228,1.8306177201717468,1.12613917681435,1.3205925015899904,0.058290631928901826,-0.04279727590595195,-0.0889999999999999,-0.09095392810881563,0.001953928108815728,0.542504085191834
2023-11-01,-0.002737514359718099,1.94853565509057,0.30206757716976673,-0.8338341176249933,0.19498207106043985,0.025926638316072358,0.037985571346435126,0.590167649426376,1.810281699362999,1.1566939938246108,1.241367146680594,0.05745091471432542,-0.03236005491354943,0.19490000000000002,0.19053179883214122,0.004368201167858798,0.16097183467748416
2023-12-01,-0.01417580278247191,1.8266777406525776,0.23994275413828808,-0.812625219772237,0.2699235637351662,0.022213340634988234,0.040525580209683866,0.7134007107801786,1.7845375539725097,1.172891422488427,1.1395338777245596,0.058305964167548206,-0.15745387538451605,0.0637,0.06959991366026562,-0.005899913660265613,-0.5326607883562242
2024-01-01,-0.016693693855414235,1.777551874442885,0.25308196882964873,-0.8290315762269629,0.25080246577643417,0.017027024458321556,0.049460817915540925,0.7679932805852279,1.7962444922328498,1.1700073014875871,1.1062822321969419,0.05883432678496399,-0.1829175307399391,-0.058399999999999896,-0.05950166328411828,0.0011016632841183843,-0.6937957615146458
2024-02-01,-0.006051269569242844,1.6809829035978865,0.14830722692641235,-0.8064479599744849,0.40054390703659604,0.005992794970074329,0.060177915815717645,0.7856794194123062,1.7941235962065691,1.139366632874521,1.1310716191979193,0.05763775324633267,-0.07024654710178024,0.041999999999999996,0.030253243606405255,0.01174675639359474,-1.1534989056673108
2024-03-01,-0.007700399383898901,1.5685833735186534,0.17938854321883496,-0.779801349802437,0.37199012854554436,0.006457320086914128,0.06573290122681641,0.7526478813302284,1.8066066191515777,1.0723411159047553,1.156698254120425,0.059870175813516176,-0.08858998036706511,-0.0034000000000000002,-0.0014332313260690503,-0.00196676867393095,-1.1944710482085452
2024-04-01,-0.0027808281670603056,1.4864878684827871,0.19180692559965323,-0.6573056212619133,0.382233619218703,0.0009729513494593999,0.06697627714924803,0.6931970622932357,1.7991688931156726,1.1215393420634192,1.1640705917886252,0.06166408536519239,-0.03286426110082685,-0.0799999999999999,-0.08449799950729142,0.004497999507291517,-0.9718009701910394
2024-05-01,-0.0006738009194929562,1.4331382515429723,0.20504674544964524,-0.5573509820814962,0.41681630972759603,-0.0026840058401418235,0.07071894249165142,0.7107218030381648,1.7745355931358062,1.1528898146250577,1.2354699398691182,0.06133194729278299,-0.008055713725547808,0.0621,0.060299484339043384,0.0018005156609566184,-1.214041461149095
2024-06-01,-0.004431764903971595,1.3439565872874522,0.21182210350082925,-0.4712291701180734,0.43008570425229004,-0.0009464268856246658,0.07173400399577722,0.7311769809961688,1.7321604162968232,1.151040167816781,1.288555658125775,0.06286603687411847,-0.05190386289362081,-0.020899999999999898,-0.020146524208557448,-0.0007534757914424497,-1.1523721861950664
2024-07-01,-0.008909859270151891,1.261005441208111,0.21895504181437442,-0.3802020789878007,0.4425166548752665,0.0014355829526193514,0.07199857317122672,0.8043735052642682,1.6671379242110937,1.1760842108478007,1.316858378135897,0.06507831367925362,-0.10183139582247103,0.013499999999999998,0.016402142545713937,-0.0029021425457139392,-0.9460567009122416
2024-08-01,-0.009152408346880863,1.1925929033982747,0.25638368592597355,-0.2714230206876104,0.4420668352025148,0.0013122829324336577,0.07577030090279303,0.8536864440594978,1.6412686233079894,1.1938058485281995,1.3197658307444333,0.06316097330447515,-0.10446554947209785,0.014700000000000001,0.019382240840193462,-0.004682240840193461,-1.1943777452513438
2024-09-01,-0.007156136635514441,1.1272811468437278,0.27625344283692677,-0.18137540058302593,0.4369131667634579,-0.0007929809584966288,0.08147688727472943,0.8649421066901236,1.6756576420407376,1.2437340339881993,1.3010704849692079,0.0580044479642403,-0.08257309991524564,0.0005999999999999998,-0.002787247266027248,0.003387247266027248,-1.4756652058517035
2024-10-01,-0.0053171159863113805,1.0622211490443634,0.29557894152675973,-0.09159643647577109,0.43291644493036086,-0.0027128954074309786,0.0840869455364982,0.8296251137277997,1.7032285793137432,1.2668044560669334,1.3113955409081133,0.05791782594672179,-0.06197213713899319,-0.049300000000000004,-0.05268493756320682,0.003384937563206819,-1.4859697956450144
2024-11-01,-0.0034920277122108983,0.9973906595009244,0.31493969094376495,-0.0019083176352311937,0.42885202365640473,-0.0046143867726359125,0.08728389464532099,0.9378513041621548,1.7185637577640223,1.276172302978442,1.314119782393605,0.053252589917404794,-0.04110880654259008,0.0112,0.01188810086543768,-0.0006881008654376804,-1.743207364761464
2024-12-01,-0.0015316422079430627,0.931750921918136,0.33392945281985714,0.08794283418879312,0.4262611654093672,-0.006749774482359441,0.08374042399412675,0.9787369190395687,1.706256299439061,1.2505620334187233,1.395933173858543,0.057425913906738756,-0.018225663026367078,-0.014,-0.017303525550429882,0.003303525550429882,-1.4998215749066284
2025-01-01,-0.0009369835152204711,0.8809169028123651,0.3503126409049653,0.17078184636142746,0.4296526502482112,-0.007178142872182063,0.08255274644744824,1.0837979163667426,1.6801532212583885,1.1811090014768184,1.498888753804526,0.06201331540200237,-0.011186038861545788,0.0338,0.03556381115620431,-0.0017638111562043104,-1.4065254578308615
2025-02-01,0.0019061145351658235,0.8428988741258654,0.3338285672579342,0.24409830160406876,0.43922110221902694,-0.010216620201778926,0.07848563740772307,1.1876979302600206,1.7111143869940468,1.0839834804907993,1.5928169644608643,0.07013825741758695,0.023114700564716317,0.0342,0.02978721480949041,0.00441278519050959,-0.9208940076358183
2025-03-01,-0.000193931685867621,0.8046349117597513,0.3497770371724357,0.25747606209540463,0.43684274696664643,-0.010292209347512089,0.07745703810671303,1.2695290954004825,1.7863022028539166,1.051831459366189,1.6650581059733174,0.07619250327903718,-0.002324699607400671,0.0341,0.03461263953076589,-0.0005126395307658918,-0.33808046392558944
2025-04-01,-0.0036304984673738517,0.7674872976865332,0.3558674368970759,0.2490721175999355,0.42220334646955043,-0.010278984238408749,0.07742820147307222,1.334917039877551,1.8914192162760608,1.143127294617038,1.8021123706666475,0.0810916340695618,-0.0427065092574469,0.0340000000000001,0.0360166927489891,-0.0020166927489890032,-0.19587654816602446
2025-05-01,-0.0071057214309121096,0.7300386992294847,0.36187089185164933,0.24093776261970648,0.407414272379348,-0.010268777489849761,0.08622765756076704,1.3725923893464456,1.9864500045139601,1.3264280006539773,1.9318844967556235,0.08585437471763234,-0.08201391610553899,0.0337,0.037585037925512474,-0.003885037925512473,-0.4612153770376682
2025-06-01,-0.005734426572415441,0.7356709378837873,0.3736669641863479,0.24320774524547306,0.4073351883787614,-0.010841187736010482,0.09409448241120788,1.4952576683701597,2.0626302487705943,1.502844624371983,2.054175108369933,0.08963848758738686,-0.066683752861732,0.0341,0.03271168015544538,0.0013883198445546197,-0.758942404552218
