month,window,alpha,Mkt_RF,SMB,HML,Mom,alpha_se,Mkt_RF_se,SMB_se,HML_se,Mom_se,r2,nobs,fitted_oos,residual_oos,excess_ret,annualized_alpha
2014-10-01,24,,,,,,,,,,,,,,,-0.0141999999999999,
2014-11-01,24,,,,,,,,,,,,,,,0.0141999999999999,
2014-12-01,24,,,,,,,,,,,,,,,-0.0073,
2015-01-01,24,,,,,,,,,,,,,,,0.0023,
2015-02-01,24,,,,,,,,,,,,,,,0.0182,
2015-03-01,24,,,,,,,,,,,,,,,-0.0161,
2015-04-01,24,,,,,,,,,,,,,,,0.0137,
2015-05-01,24,,,,,,,,,,,,,,,0.0364,
2015-06-01,24,,,,,,,,,,,,,,,0.038,
2015-07-01,24,,,,,,,,,,,,,,,-0.0266,
2015-08-01,24,,,,,,,,,,,,,,,-0.0516999999999999,
2015-09-01,24,,,,,,,,,,,,,,,0.003,
2015-10-01,24,,,,,,,,,,,,,,,0.0666,
2015-11-01,24,,,,,,,,,,,,,,,0.0038,
2015-12-01,24,,,,,,,,,,,,,,,-0.006,
2016-01-01,24,,,,,,,,,,,,,,,-0.11320000000000001,
2016-02-01,24,,,,,,,,,,,,,,,0.0116,
2016-03-01,24,,,,,,,,,,,,,,,0.0794,
2016-04-01,24,,,,,,,,,,,,,,,0.0184,
2016-05-01,24,,,,,,,,,,,,,,,0.0217,
2016-06-01,24,,,,,,,,,,,,,,,-0.046,
2016-07-01,24,,,,,,,,,,,,,,,0.0635,
2016-08-01,24,,,,,,,,,,,,,,,0.0038,
2016-09-01,24,0.0013804773186519449,1.0287703359672251,0.6835234193654168,0.18125125506006823,0.3771915951363214,0.006318805291596556,0.18775271566415513,0.41563224029930956,0.6224733503984505,0.3890752004446388,0.6770080495454738,24.0,,,0.07619999999999999,0.016692085764914433
2016-10-01,24,-0.002902502441753047,1.1390884698980839,0.9553090934325893,-0.4604773597733357,0.18449906573513863,0.00654091607868982,0.18924153721331688,0.42268591927350124,0.4774035242098391,0.38766624949058265,0.6824766699921573,24.0,-0.008788523771505994,-0.06321147622849402,-0.07200000000000001,-0.03427935546625971
2016-11-01,24,-0.0036771321802285747,1.1147177973817348,1.0649490709839537,-0.4326265047038185,0.1314155146013476,0.00639570129509691,0.17456649164175878,0.4399717140897597,0.47109393206598676,0.3648795747340418,0.7013246756440753,24.0,-0.050150715741683186,0.01265071574168318,-0.037500000000000006,-0.04324402863804888
2016-12-01,24,-0.003356478291291711,1.120079472231768,1.0329920696628476,-0.412428788062317,0.13622789637065447,0.0062822261510485245,0.17561523581517435,0.4367620620887613,0.46822478748586127,0.36534521268144965,0.7003714600277697,24.0,0.006582586703105724,0.008817413296894274,0.015399999999999999,-0.03954244359418402
2017-01-01,24,-0.0035364326638113947,1.125810086656061,1.055983874123134,-0.4059497525243355,0.1347201960560882,0.006402973456740614,0.16820915468657358,0.4595785001739397,0.45464005493780385,0.3613761003044114,0.7149580954552885,24.0,0.0513843358227471,0.0044156641772528996,0.0558,-0.041621425619413066
2017-02-01,24,-0.0007202514380597663,1.1511203345725978,1.0792603427997722,-0.586043779028385,-0.021600304403893822,0.006542778152182762,0.17214072900377939,0.45835854524635683,0.43638156246922416,0.34505429055333575,0.7188599536647597,24.0,0.013992457626083935,0.028907542373916066,0.0429,-0.00860886102343128
2017-03-01,24,7.727042354351097e-05,1.1506584421956085,1.0620332133943042,-0.5911324779319634,-0.007662510581140203,0.0063646370577200165,0.16913004344178859,0.4447211342264684,0.4323038176886032,0.3431755154663642,0.7220327014884302,24.0,0.027328186063175747,0.003771813936824249,0.031099999999999996,0.0009276392514494525
2017-04-01,24,0.0018415785552395245,1.2907695361181373,1.5163720498179987,-0.8021968938728534,-0.21795513967319557,0.005043441030442623,0.1424599092631042,0.3896736254824152,0.354405137758941,0.28610058777608277,0.8203775256319277,24.0,0.029369220361342784,0.015930779638657216,0.0453,0.022324155558153258
2017-05-01,24,0.0014777513935507556,1.2843623176046726,1.4935800567823332,-0.814881646049573,-0.24892225488196768,0.004916031854895601,0.13870196150375003,0.3867840509036857,0.3402192053997132,0.28486472558616743,0.8286529263928204,24.0,0.05654524640187447,-0.0004452464018744745,0.0561,0.017877856483137666
2017-06-01,24,-0.0008445138150205266,1.3050175301764715,1.3299577096386568,-0.9245353878242992,-0.3204925069881267,0.004572731298946714,0.12934118103663833,0.3642523534424545,0.3103349586629861,0.26107547920228913,0.8525435540962556,24.0,0.01370793932642879,-0.03340793932642879,-0.0197,-0.010087226600532628
2017-07-01,24,0.0021050928878235276,1.3061633779221962,1.0034561605724317,-0.9196712236306733,-0.22188097519892103,0.004928057857896634,0.12573606496268794,0.42467937530855493,0.29217183486831716,0.24072727239041924,0.8571636368542122,24.0,0.02121114235557367,0.01808885764442633,0.0393,0.025555650146956932
2017-08-01,24,0.0004855225425602072,1.3398152701786767,0.9586697388565686,-0.9014038209815831,-0.19687296264513593,0.005061162287433441,0.1392489928007803,0.4449610652767077,0.29932708929112517,0.25403153013005075,0.8409427733057045,24.0,0.010689424292308698,-0.023089424292308695,-0.0124,0.005841854039165373
2017-09-01,24,-0.0009022493087265521,1.4254518876609457,0.8033585109194159,-0.7895294514193855,-0.15838971998326695,0.004770081448980139,0.13353973344252001,0.4117162631497778,0.27667399349332417,0.2324522183956026,0.8646192184864533,24.0,0.018578678571050375,0.025721321428949624,0.0443,-0.010773425410854576
2017-10-01,24,-0.0015023162819361967,1.4274507044812126,0.8271776458425113,-0.8094507304514245,-0.20251689109046805,0.005064467322187693,0.14476168716299515,0.4841932872964336,0.2845511627547321,0.23572530085999732,0.8494781962874048,24.0,0.016950842673683176,-0.022050842673683176,-0.0050999999999999995,-0.017879579834901516
2017-11-01,24,-0.001207175961199852,1.4278158046027103,0.8112952402124541,-0.8108865961221154,-0.19878789524866397,0.005068883845977184,0.14620122259277707,0.4875500412248708,0.2948279772697732,0.2368080487801669,0.8486138896243538,24.0,0.009485274510147709,0.00591472548985229,0.015399999999999999,-0.01439031743523378
2017-12-01,24,-0.0013972369400223547,1.412368961512835,0.8236513170589301,-0.7969931313126626,-0.15947624507719527,0.00507952309259008,0.14892565091463753,0.5122198823303505,0.2945593911637799,0.23090722444107611,0.8462368527877253,24.0,0.03880595512773005,-0.015805955127730052,0.023,-0.016638591620216858
2018-01-01,24,0.003381350344662179,1.3347869847116283,0.5713771676709416,-0.8610611944331873,-0.11141064170236842,0.006024483449399591,0.17305745632164626,0.5191949527065972,0.30132129507465666,0.22325681025037092,0.7987540694760927,24.0,0.06227363494558768,0.027626365054412315,0.0899,0.04133938755636524
2018-02-01,24,0.0025746339249821844,1.3592559669082735,0.48005424908985317,-0.8172456760206724,-0.07580077171904598,0.005799291083918878,0.15761966769136643,0.5282190177973232,0.30385474932265905,0.22781764124933968,0.8230904781674644,24.0,-0.04428860503535506,-0.0023113949646449347,-0.046599999999999996,0.03133688041726357
2018-03-01,24,-0.00202588801784603,1.5849107316783633,1.1923023831901347,-0.8752764005965255,-0.1959927727899693,0.004921895534045274,0.16356244563171432,0.5565593228407935,0.28195834181154195,0.2248971153925718,0.8407209122737154,24.0,-0.0032440356235504102,-0.02995596437644959,-0.0332,-0.024041598466636227
2018-04-01,24,-0.0006976542115411759,1.6015708560472661,0.9982430721824044,-0.7564041042155087,-0.17286821278975006,0.004700976914870184,0.16510623638532965,0.46558580421408086,0.2700898551412179,0.2172629735475256,0.8426151211349263,24.0,-0.016406586764379713,0.022006586764379613,0.0055999999999999,-0.008339801512946332
2018-05-01,24,-0.0021297916745503624,1.6383510723869386,1.118976936152377,-0.7388344312365492,-0.2290351365538456,0.004427472115029322,0.15859950190006136,0.4368029842144616,0.22338663129084377,0.20357411650556217,0.8576958567107322,24.0,0.018330237634459682,0.004069762365540221,0.022399999999999903,-0.025260238481917163
2018-06-01,24,-0.0019231131480515612,1.6378492079675193,1.1011368813587328,-0.7510340608836457,-0.24417370360380874,0.004268583049893777,0.17644333920096594,0.42427686636661927,0.22537579188277992,0.2633493284804515,0.8505855163652609,24.0,-0.031131127047480063,0.0035311270474800635,-0.0276,-0.022834823712964192
2018-07-01,24,-0.0009819966240482009,1.6572094104114345,0.966116678553564,-0.7430860978968312,-0.2526310137915968,0.004211620038689955,0.19832173374722983,0.4033602057433988,0.2299211833496361,0.2770383757166461,0.8346781252699429,24.0,-0.0035277918077376118,0.01882779180773761,0.015299999999999998,-0.011720522413008139
2018-08-01,24,-0.0004048983958821542,1.587876452980134,0.8341562272818535,-0.7808127334841871,-0.10057913736630653,0.0040272473458798745,0.19265972996274183,0.4173219321796181,0.22300404694313825,0.310017557859891,0.8346128731193343,24.0,-0.00782290062168529,0.01702290062168529,0.0092,-0.004847975121996528
2018-09-01,24,-0.0010217555838162914,1.5423720131291694,0.5721382625617086,-0.7887857072341151,-0.13577206584531187,0.0034981693279055176,0.16651969212170417,0.36314054708813315,0.18957168085833015,0.2577852603028282,0.8562461812735775,24.0,-0.010084073168215663,0.004684073168215662,-0.0054,-0.012192398165285057
2018-10-01,24,-8.572032363376655e-05,1.4923233600631935,0.6171131071304818,-0.6782771148595729,-0.12779683692124388,0.0032573147933277974,0.1219157126838662,0.3510319180281035,0.21157546706069005,0.24981166597540502,0.9092179793787356,24.0,-0.15309924367738473,0.007199243677384726,-0.1459,-0.00102815905587339
2018-11-01,24,-0.003589992373459372,1.452218595040517,0.30642740756173936,-0.5995883402351939,0.304931500449374,0.003756212018926062,0.13575098640853928,0.418219586248838,0.23678797637900137,0.30287480622378077,0.8849538313903063,24.0,0.010901320768575657,-0.045701320768575665,-0.034800000000000005,-0.042239394702035415
2018-12-01,24,-0.0033802470592086973,1.4226908795562436,0.2211062736100612,-0.5791596672390618,0.37355846389378244,0.003909676041310088,0.1208150482525431,0.37286609587552394,0.23792570492270665,0.27471803323640015,0.8985282439592228,24.0,-0.09136530949351439,0.010765309493514383,-0.0806,-0.03981727684874503
2019-01-01,24,-0.002511714198124926,1.4751381071610532,0.19411747623901954,-0.6301727533080248,0.2683475517859642,0.003976956159386319,0.11447023886828217,0.39289498285842545,0.24654477593725488,0.26935159567826455,0.906228184048238,24.0,0.08650827926061452,0.022391720739385473,0.1089,-0.029727662061315385
2019-02-01,24,-0.005509002768037062,1.4623606012059565,-0.005924954435432395,-0.6154267212069044,0.47874463937424155,0.0037681121923628423,0.1030027463613972,0.36776379385015967,0.21712303777703298,0.260509204500526,0.9222748539304779,24.0,0.04113074127485111,-0.014230741274851112,0.0269,-0.06414132245628856
2019-03-01,24,-0.005005546945985259,1.4786282503466042,0.02371993322024235,-0.5990893721260361,0.4189401482825831,0.003708259199995776,0.10280977161034156,0.33322866663871625,0.20504432152453195,0.2236002964810756,0.9237327236143481,24.0,0.029268878184864587,-0.011068878184864687,0.0181999999999999,-0.05844018368705883
2019-04-01,24,-0.0033332740526977045,1.4985424733232326,0.0479183918095869,-0.6507433495597059,0.2319006053111097,0.003968445721841148,0.11280014796483577,0.3651184252427174,0.22239806836704554,0.22040998599636116,0.9116450354707537,24.0,0.029569630955988604,0.03613036904401139,0.0657,-0.03927406831358693
2019-05-01,24,-0.0032337050593595727,1.5137833702240275,0.04265014692035329,-0.654329064136749,0.19525031818924188,0.00399480911361993,0.11227445777794136,0.36600989000943657,0.22419107537595295,0.1874996552764942,0.9121060684428448,24.0,-0.045799875578634214,-0.007500124421365786,-0.0533,-0.0381216940300686
2019-06-01,24,-0.0016195707590512323,1.4871349933834646,0.3860586468797898,-0.5219133564626608,0.162433959974633,0.004222906907107596,0.10842829684574293,0.3578527197584907,0.2330598154066811,0.18571604414842657,0.9144344087754548,24.0,0.07299998875204897,-0.025099988752049072,0.047899999999999894,-0.01926266168132673
2019-07-01,24,4.9841377321737344e-05,1.472086640960335,0.4817489921300817,-0.5176464570832948,0.13528743495155027,0.0045951701728577975,0.11947242623574336,0.38861155009131204,0.27196909008179243,0.19874355867851043,0.9013769849268668,24.0,-0.01749947038318278,0.02899947038318278,0.0115,0.0005982605098544536
2019-08-01,24,0.0010395877534052078,1.4619810111810783,0.4152983835964604,-0.5616262852341697,0.19555856498674673,0.004688287365909324,0.11724781981992845,0.36604143845585996,0.259932425124731,0.1924746732575683,0.9027467039455067,24.0,-0.027421049939798173,0.022821049939798173,-0.0046,0.01254662981390453
2019-09-01,24,-0.0014070427823137002,1.4309059681180272,0.29832257303935916,-0.6917400810548349,0.19386668985539124,0.004381064695108279,0.11683110608697603,0.3525345849273568,0.24296985414342154,0.18711129720247288,0.903309442930747,24.0,0.010451056648696378,-0.014251056648696378,-0.0038,-0.016754459508607433
2019-10-01,24,3.053248998611917e-05,1.4597485156748464,0.34550020066385845,-0.6341393120995117,0.25674277711451,0.003967638545553487,0.10764489645442481,0.3193208266358661,0.22368267140713088,0.17752866752182134,0.9181449622304139,24.0,0.03919514777552621,-0.0008951477755262116,0.0383,0.00036645141346958177
2019-11-01,24,-0.0004932159641473392,1.4545487418552667,0.3207506323333413,-0.6265313886127969,0.26161685190172007,0.004034483482798234,0.10885124395656379,0.32198290988758727,0.22685134329473558,0.17994740829577507,0.9167344733788152,24.0,0.030015681287993652,-0.010615681287993652,0.0194,-0.00590256264509037
2019-12-01,24,-0.000516844876442722,1.4484696590053212,0.32187934585480876,-0.6375485234087229,0.24819057127079885,0.004023197762815529,0.10543659206203332,0.3248933110909592,0.2189764237868744,0.17880905804868688,0.9183463045142384,24.0,0.05095595938610534,-0.006155959386105338,0.0448,-0.006184538366777792
2020-01-01,24,-0.0017631567779788507,1.4009797422758663,0.3028116688014644,-0.6780296244291889,0.1594710489030593,0.004057958467472105,0.11154570301898499,0.3116418823916485,0.21514227176367753,0.18315792451412152,0.9132770751134425,24.0,-0.010204180465130521,-0.009495819534869478,-0.0197,-0.020953906781162823
2020-02-01,24,-0.002052983370497764,1.2911801202658097,0.08731249842737787,-0.7195642785118985,0.08596949680278043,0.004757886550447139,0.10878564974991829,0.35538867971638205,0.2396952538253046,0.19840479333229674,0.9045980904297022,24.0,-0.13735349377190692,0.04255349377190701,-0.09479999999999991,-0.02435952240847228
2020-03-01,24,-0.0005734096274530569,1.3013424273299476,0.15600337158447153,-0.7039179723811259,0.03290155443653675,0.004467263530804649,0.09567068722425408,0.32149184313785795,0.2020388032822059,0.19164442534347287,0.9305914999919193,24.0,-0.12406095589686064,-0.013539044103139358,-0.1376,-0.006859256246297241
2020-04-01,24,0.001749684664652109,1.3412098874246414,0.4417575665275537,-0.7945484195006141,0.020496794977825417,0.004791850116682905,0.10379588771829946,0.3295929394769667,0.22372455231631497,0.21334303541113353,0.9390202813793901,24.0,0.12883164861105423,0.04576835138894578,0.1746,0.021199451217392973
2020-05-01,24,0.0021609801749526633,1.3476255826738837,0.4928295025243967,-0.8515200470752211,-0.0015016821029667504,0.0048963130299436676,0.10603199345125358,0.3404546007314455,0.21984745401244823,0.2160830642461552,0.9456910451164138,24.0,0.12130748021694983,0.017092519783050084,0.1383999999999999,0.026242202175124296
2020-06-01,24,0.0017289481897433262,1.3047659272006744,0.5332505746646632,-0.9251276668301277,-0.1103109994710536,0.004972558815255264,0.10277808646514798,0.34405436671026185,0.22052231991448537,0.2106158381361898,0.9430787423544862,24.0,0.039888633150778986,-0.023888633150778986,0.016,0.02094581101531867
2020-07-01,24,0.0013655115989404457,1.3086441948319314,0.5890720122978594,-0.9187168632744043,-0.06178941946781613,0.004980824174804052,0.09797872211689485,0.3567878082819474,0.21847292238088828,0.18583360459064868,0.945416052114858,24.0,0.06106807262191674,0.010131927378083258,0.0712,0.016509766115076818
2020-08-01,24,0.000653818853922121,1.3112387790565327,0.5320102684832086,-0.9155553855032781,-0.04377515385413833,0.004849851897484597,0.09949088570659581,0.34222838923518906,0.22194387143461364,0.18399312417052582,0.9474743207696824,24.0,0.10504823089882236,-0.010648230898822456,0.0943999999999999,0.007874101446457615
2020-09-01,24,0.0004654162378901275,1.3055259660616454,0.5539146836202846,-0.9324457536390078,-0.05197456068060735,0.004939793488527439,0.0976275786905948,0.31513677271205204,0.23280843883299138,0.18801361002290437,0.9474939736823659,24.0,0.019765660688340545,0.0034343393116594567,0.023200000000000002,0.005599313467312017
2020-10-01,24,0.00412928939976126,1.2295010828745703,0.7052432958195154,-0.8527559035977046,-0.11282185058859007,0.005190645835283684,0.10961611018717032,0.31428129530890914,0.23607582503602323,0.2004010137701799,0.9334757388435293,24.0,-0.0418133384237153,0.0278133384237153,-0.013999999999999999,0.05069247561129675
2020-11-01,24,0.008074659423550845,1.1857920888485314,0.6856517545495282,-0.9716985521576544,-0.34494052825823696,0.00399503598907091,0.08495960009506438,0.2326173264628367,0.18636005236392683,0.1533966983689904,0.9643396702460786,24.0,0.1322835008222067,0.02831649917779333,0.16060000000000002,0.10131707617310903
2020-12-01,24,0.007360425889968082,1.2022763368958256,0.7361124628587858,-1.0033567895273705,-0.35384651757512753,0.0040829511836082254,0.08399083023219099,0.22465915181730287,0.1896693592616075,0.1513284019055213,0.9626033192776969,24.0,0.07657652865494848,0.009723471345051526,0.0863,0.09198991479053897
2021-01-01,24,0.013559220616660206,1.1266619680803651,1.0039389043230575,-0.7358499777452049,-0.31299747907064646,0.005542548829974965,0.12083203712366912,0.3191385350192604,0.2696952216307479,0.21923254531404437,0.9196233076139574,24.0,-0.006247648289314057,0.07804764828931406,0.0718,0.17541044781042214
2021-02-01,24,0.015227058495144323,1.1213404778790037,1.008564730487175,-0.7140669591294431,-0.32644250820844745,0.004983463991320692,0.11633573880398344,0.30320848052691013,0.23665165191019422,0.21610751093621197,0.9223090949581143,24.0,0.021004986971008763,0.012195013028991238,0.0332,0.1988316830985799
2021-03-01,24,0.013159589132974665,1.1117468648461002,1.0771038576708123,-0.8019177769039476,-0.37276450459643273,0.005053029748071889,0.12376295527503078,0.3274042047434055,0.2381200466151442,0.23063139218415604,0.9170684732736393,24.0,0.015317253015138631,-0.03251725301513863,-0.0172,0.16986112769049044
2021-04-01,24,0.013009695353847328,1.1238033224947932,1.0732342401567347,-0.7770973347599313,-0.3357922033626517,0.005131467749382681,0.12117749506515771,0.32652740456538326,0.2511945127155692,0.24044983641518913,0.9174216820697323,24.0,0.0654451044119031,0.007354895588096905,0.0728,0.1677858895140083
2021-05-01,24,0.013652887141216909,1.116208976931275,1.1158663186975057,-0.7268771073465123,-0.2793257429425431,0.005059275407066948,0.1162363859273595,0.3109301314181765,0.25005179755651685,0.24066024380247134,0.915629694344227,24.0,0.017431530715326028,-0.004831530715326028,0.0126,0.1767145956391376
2021-06-01,24,0.013081062997783253,1.1196393635945512,1.1348562940554077,-0.6899130955879023,-0.2505760838302109,0.004997150858709883,0.12057184449600573,0.3472280353202704,0.24174142613613345,0.23143872945344543,0.9149523998645492,24.0,0.027090454933493838,-0.010990454933493838,0.0161,0.16877353370755133
2021-07-01,24,0.012540702558998786,1.1224344323539872,1.1408355637028764,-0.685927418000027,-0.2461954505760855,0.005055291670498906,0.12275003888922266,0.34868641770814673,0.24221162156415446,0.23331815646048423,0.9145855045262402,24.0,0.01803163243396718,-0.00833163243396718,0.0097,0.16131459033544804
2021-08-01,24,0.01145473981486652,1.1188391623633844,1.205862810693914,-0.6663317994487411,-0.2583344083789463,0.005008228203376086,0.12102639741635081,0.353244556846871,0.23686299482522868,0.23007220824320865,0.9160953758905581,24.0,0.05285605735332517,-0.008356057353325175,0.0445,0.14645614589689537
2021-09-01,24,0.011458239814825535,1.1299719737896754,1.1354220436306255,-0.7460585790885126,-0.3272629410432173,0.004920228468317199,0.11833698786158439,0.3415136896025286,0.2083926912087721,0.2226657911552091,0.9228669008482451,24.0,-0.0397348963243298,-0.024265103675670203,-0.064,0.14650375264793492
2021-10-01,24,0.011296816322303269,1.1002498302010864,1.250746273209351,-0.7553614572956358,-0.3881912585450653,0.005045068337696673,0.1154284370614327,0.32526764828841226,0.21153904064255663,0.21674348287794823,0.9210488491822446,24.0,0.01968413515370572,-0.02328413515370572,-0.0036,0.1443099662800973
2021-11-01,24,0.012320193821794192,1.0958229070391179,1.2557481725434818,-0.7795415389393657,-0.41196524285467184,0.004825284750385267,0.1096086991972857,0.31532009143444234,0.20365808211932576,0.2075132715064238,0.9274631261384415,24.0,-0.032706640759929566,0.0015066407599295673,-0.0312,0.15828332244930032
2021-12-01,24,0.012449433614311813,1.087716076108399,1.3204700862170005,-0.7914570611488261,-0.43109642296230244,0.004814224417923326,0.107060977221243,0.3128731389621002,0.1960006265805367,0.19847113879977302,0.9283661224519875,24.0,0.01077404928379015,-0.01277404928379015,-0.002,0.1600590624242071
2022-01-01,24,0.012943616346517452,1.0809944294655747,1.3145094881557573,-0.764901017912958,-0.4205098724642069,0.004714020396728376,0.10348562968128076,0.3178026192919621,0.156096143059665,0.19652771676002095,0.9411783951066666,24.0,-0.15735763699081218,0.007857636990812183,-0.1495,0.16687211598481322
2022-02-01,24,0.008222718533854194,1.1903335649851874,1.14768189489138,-0.7712516145391628,-0.3086466746938332,0.005555805156776655,0.12550871526711962,0.3523023348486147,0.18007827304784668,0.23065071202610782,0.9210348204246631,24.0,-0.0013373191594127087,-0.06246268084058729,-0.0638,0.10325969194729012
2022-03-01,24,0.006075415100949638,1.2018712941807363,1.2484828459843276,-0.7514317795934977,-0.35497962782649517,0.006804978130009843,0.16352463889931615,0.4100191873997242,0.22391445335844964,0.24329821028703882,0.8974637020292168,24.0,0.01004957497605221,-0.035849574976052206,-0.0258,0.07539110081057077
2022-04-01,24,0.0057388480080051915,1.1837994824852252,1.1660830609207034,-0.7657351358383169,-0.3721928800203502,0.006574799307556935,0.16484940482307792,0.43593303207254386,0.22184073818733047,0.2411343682402638,0.8970864852069573,24.0,-0.11909178386474814,-0.006008216135251848,-0.1251,0.07108196800252009
2022-05-01,24,0.005012690393051383,1.172881674245759,1.1382603583299722,-0.7525107346612573,-0.3706070242752766,0.00666399004274257,0.16376615735343228,0.4370185227924844,0.2205902093277649,0.23629701086397378,0.8856016560377055,24.0,-0.034492496890413046,-0.004507503109586954,-0.039,0.06183869597759961
2022-06-01,24,0.00039459969097992154,1.3380011475371258,1.236494385708613,-0.6181656952274948,-0.2056803716887201,0.0064557999142898295,0.14777358242277128,0.4665617873020681,0.22043530739212255,0.24086911235717767,0.8940554302148899,24.0,-0.10325255651196419,-0.05394744348803579,-0.15719999999999998,0.004745486609624816
2022-07-01,24,-0.0015472050347733442,1.280773755727957,1.3327111864192862,-0.5841542671889691,-0.3184610738235838,0.00588775707650431,0.15143860738445125,0.4541059404864042,0.1877705877269675,0.2509257573608154,0.9048707711671864,24.0,0.1181631568202546,-0.013163156820254596,0.10500000000000001,-0.018409278750653457
2022-08-01,24,-0.0005187382932709175,1.3080481261663641,1.5557423621105002,-0.5771635747443394,-0.3585146826249548,0.005732764443747623,0.148434897988783,0.4769400376383976,0.1759917214450174,0.23928340259331324,0.9092536537742678,24.0,-0.08319626772687999,-0.0003037322731200137,-0.0835,-0.006207130291058571
2022-09-01,24,0.0012224847564418946,1.2201556441223853,1.2760643858692817,-0.619790557837204,-0.3713949523040485,0.006137600586210136,0.14634831192955516,0.49942376363621777,0.18501374060835318,0.2544481664359379,0.9059676314719469,24.0,-0.17364859639947738,0.04814859639947747,-0.12549999999999992,0.014768855070102838
2022-10-01,24,0.0016321527806194645,1.2963799837716308,0.8678210497408853,-0.6354738457230255,-0.2511282070431866,0.006787540465329219,0.15788472545662754,0.5102797694530569,0.19971990730865594,0.2743305715361004,0.8966982616082189,24.0,0.02576612445951471,0.059333875540485304,0.08510000000000001,0.019762612331883034
2022-11-01,24,0.00017194337154341488,1.2386406120127254,1.0154115486533901,-0.6088567172623959,-0.2089412931638841,0.007089053950000592,0.15619825648880448,0.5188092445555977,0.2060596482104278,0.3471459887878756,0.8781361875066213,24.0,0.147691642963453,-0.040191642963453,0.1075,0.0020652728358268035
2022-12-01,24,-0.0009627052973968271,1.199828812389815,0.7933764622013566,-0.6681524986074885,-0.2834248707951392,0.007237455916443124,0.16516219795571774,0.531390339170117,0.20285285832076322,0.34936242363319925,0.8673691927851866,24.0,-0.0210222863856275,-0.0273777136143725,-0.0484,-0.011491490537989368
2023-01-01,24,-0.0045349334922634935,1.193220894954491,0.3730545459462566,-0.7120020702641423,-0.36852001523396094,0.005651074633748652,0.12942225209019131,0.42758372294042823,0.15616860672049027,0.25610589515662435,0.924144023823708,24.0,0.09154541400458616,0.026254585995413943,0.1178000000000001,-0.05308218104306617
2023-02-01,24,-0.006235313735830084,1.176258062794524,0.007450021335700385,-0.7689291578675236,-0.15940438166728388,0.005766586003371641,0.12771042588906953,0.47043241041224015,0.1605092229798771,0.27225720585859814,0.9253764615455815,24.0,-0.07029999444835901,0.035299994448359004,-0.035,-0.0723103341338992
2023-03-01,24,-0.006491183290868407,1.2018923688950094,0.35803043309396987,-0.6361903540958715,-0.257393155146316,0.006324795096878882,0.13713275119105625,0.4757602945650198,0.16274667137444931,0.30270046934607053,0.9133749163804756,24.0,0.0522533771930215,-0.0530533771930215,-0.0007999999999999999,-0.07517256131285999
2023-04-01,24,-0.008013132004912096,1.1471649071121903,0.32812764861930854,-0.6386015271532458,-0.3832348881823022,0.006204841144459712,0.13748146686416438,0.45521855588503174,0.15730073270554984,0.3031153472630914,0.9141685739098621,24.0,0.0025919370559048995,-0.0144919370559048,-0.0118999999999999,-0.09203088594450481
2023-05-01,24,-0.007831665562190074,1.1436177124393363,0.33114536268883876,-0.6420741308797122,-0.38678346876763303,0.006036158878390822,0.13626942176957751,0.45819056350992443,0.15553859410799364,0.3035867346855715,0.9139966762268305,24.0,-0.05475918697327746,0.00315918697327746,-0.0516,-0.09003571676756628
2023-06-01,24,-0.009207194714921318,1.1590848614273033,0.28511744661824445,-0.6163651657602824,-0.34271866468693046,0.006282282524178798,0.1316756032542186,0.4459586433999789,0.15672813855132786,0.29264784277311695,0.9160901201552515,24.0,0.014173600168089787,0.001526399831910212,0.0157,-0.1050595640834674
2023-07-01,24,-0.00587646596397863,1.1976990457272283,0.5438486834761517,-0.5483077288763603,-0.4343252796768007,0.006908832966102596,0.1460778562082725,0.4814033665359724,0.17332398015142467,0.32405804894555973,0.8997839472108671,24.0,0.006837592825677215,0.05906240717432278,0.0659,-0.06828248338556231
2023-08-01,24,-0.006970508321320935,1.1856082464611999,0.4808254845577361,-0.534043595848722,-0.4341013471476667,0.007028856439999317,0.14400684190188306,0.48723654319097176,0.1729882303374112,0.3204848284367128,0.8998098492483839,24.0,-0.06957407948004495,0.007374079480045051,-0.062199999999999894,-0.08051264735009589
2023-09-01,24,-0.007775773327547799,1.199006354610778,0.4719614304695573,-0.5517221218552721,-0.41323338083408023,0.0072718822634909855,0.14581664049198764,0.5130427204035596,0.1773323698066481,0.3252810010018671,0.9001608736041601,24.0,-0.08522965364030159,-0.023270346359698407,-0.1085,-0.08942038934915186
2023-10-01,24,-0.007972949564975459,1.2246078055950558,0.4423039133789637,-0.5476162375597087,-0.3540393272815612,0.00719710333041164,0.14586605439650877,0.5180868854924952,0.17583562487467072,0.3424990397929677,0.902833888832174,24.0,-0.07810058048773626,-0.010899419512263642,-0.0889999999999999,-0.09158943803854824
2023-11-01,24,-0.006579049240086787,1.426037426876039,0.39235918249529966,-0.5193352569636178,-0.0020083300175768315,0.00878885815113131,0.17216945029047073,0.6273483150235947,0.22275793726249526,0.39920451357876113,0.8935585879467381,24.0,0.09832080762476157,0.09657919237523845,0.19490000000000002,-0.07615358522491289
2023-12-01,24,-0.007632666851083688,1.4593950149810442,0.26559325779901766,-0.47308638752928756,0.10297954579024848,0.007789758872706962,0.1741627261898707,0.5425819380720842,0.22459519034812678,0.3771633662227662,0.9004029213418481,24.0,0.07955757422754885,-0.01585757422754884,0.0637,-0.08784316612158605
2024-01-01,24,-0.00786154927248416,1.430241804430388,0.33312281350415196,-0.45615157912561666,-0.05497741462327621,0.0079505190941561,0.18064754545053088,0.5691692386609156,0.28008411693717405,0.4040639878333245,0.8874451154872643,24.0,-0.025136879468132946,-0.033263120531866947,-0.058399999999999896,-0.09036455537823118
2024-02-01,24,-0.005828325153628567,1.4664435247818823,0.40433798769865126,-0.4640989532974015,0.07771017458170215,0.00847988754903256,0.17841010616582856,0.6021665038240698,0.28298709378891057,0.37732937931494454,0.8849827437437426,24.0,0.005206352357958022,0.036793647642041974,0.041999999999999996,-0.06774091385671943
2024-03-01,24,-0.004477423455351893,1.4758122832162786,0.5025182614557369,-0.5628333846585838,0.19410523910360755,0.008415233538832919,0.17172781494842898,0.5982224685051285,0.26808256590830204,0.3889935084046783,0.8898181955930349,24.0,0.018160335037447687,-0.021560335037447687,-0.0034000000000000002,-0.05242550804696966
2024-04-01,24,-0.004544427568970159,1.476758955172055,0.49823815279431916,-0.5624715269578624,0.21504988011207304,0.008251853377221565,0.167326730943618,0.5986466407085063,0.265916713235187,0.3596844023033853,0.8846825773683146,24.0,-0.07571831078369959,-0.004281689216300316,-0.0799999999999999,-0.053190548146802796
2024-05-01,24,-0.0038343802233668815,1.4984762158791147,0.4939088215719605,-0.5048919891988153,0.22949720904343707,0.00803200658447838,0.16146702027577495,0.5873142537203958,0.278588097891797,0.35130289007407817,0.8880212395548365,24.0,0.0480307345919509,0.014069265408049106,0.0621,-0.045054495672052886
2024-06-01,24,-0.0016297355424545884,1.436988089786269,0.48670210963826577,-0.5669034462942169,0.18012676350949075,0.008025328602018364,0.17938314034723973,0.5763883092019767,0.2749633119465058,0.3549191114457906,0.8737630045785212,24.0,-0.02803680625291264,0.007136806252912742,-0.020899999999999898,-0.01938247682329175
2024-07-01,24,-0.0027454571399272154,1.4199964494152053,0.3746293682583062,-0.5831540080592535,0.174998862036146,0.00892322718741193,0.1789249818782566,0.5689086182394151,0.3378433992521714,0.35941390818566,0.8623790332445982,24.0,0.03405275657085295,-0.020552756570852954,0.013499999999999998,-0.032452533050638
2024-08-01,24,-0.003673566240385496,1.4287818012442894,0.4239511877855979,-0.5374530907598944,0.1992552630294373,0.00889779688657102,0.179840618377448,0.5896987499205399,0.33258738349076916,0.3785245309798662,0.8532429337985679,24.0,0.033954487969175426,-0.019254487969175425,0.014700000000000001,-0.043202935917892926
2024-09-01,24,-0.0058538783589569265,1.537832090014735,0.6072641845006754,-0.5300473628890076,0.26313230500510487,0.008457906239053826,0.1990525608145438,0.5915777247214411,0.32232292957853714,0.36641746207300124,0.8427204471137354,24.0,0.0071130740556146505,-0.006513074055614651,0.0005999999999999998,-0.06802841559600714
2024-10-01,24,-0.003773386899603543,1.4743436950292534,0.8218725337311859,-0.568985969590451,0.31899514322422196,0.008267543601154054,0.19450590221681424,0.6166180668564805,0.3236871897404903,0.3667284643508564,0.8390237537192565,24.0,-0.09198025108650917,0.04268025108650917,-0.049300000000000004,-0.04435262541027263
2024-11-01,24,-0.0025978759003923175,1.5719054044479914,0.6672197423206003,-0.5372393913173397,0.2659365129107507,0.007819599300066777,0.195747757891968,0.6013353307560004,0.3107116880845532,0.3458073548536036,0.8373420306376188,24.0,-0.006951196501987748,0.018151196501987748,0.0112,-0.03073291429572189
2024-12-01,24,0.0010491255962584156,1.5751853460085372,1.0562119915356791,-0.46874078757222926,0.34869264678149525,0.007727080667639463,0.19791284727831285,0.6698489431608662,0.31804103053847255,0.3659252983156429,0.8321844226858635,24.0,-0.05421763587683143,0.04021763587683143,-0.014,0.012662405655655684
2025-01-01,24,-0.001243533716029319,1.5633322281161377,1.5002582448862132,-0.45531633897333706,0.7440854949353848,0.007426706378211997,0.18659338832698155,0.6447686657003934,0.29986077390141996,0.4259000994712765,0.8304611530739868,24.0,0.039024906815171144,-0.005224906815171147,0.0338,-0.01482076564181023
2025-02-01,24,-0.0019188333878187754,1.6023041570119612,1.2964036692012617,-0.3422702032942337,0.6751221294027203,0.007821274264233076,0.19636152823445413,0.6630681448854119,0.3040669011725374,0.44772055778317155,0.8128958949916708,24.0,-0.01612133296539015,0.05032133296539015,0.0342,-0.022784541438945483
2025-03-01,24,0.0008977313123182578,1.601529001399056,1.3202817460383738,-0.44585982903213245,0.7009823455000253,0.008216562699154963,0.1865882345302757,0.5695815153446782,0.3187055360449262,0.3835858750031555,0.8220839620403356,24.0,0.02045931651495999,0.013640683485040009,0.0341,0.010826126059603647
2025-04-01,24,-0.0023820558348198097,1.5428967226220507,0.8742219070731133,-0.2492720280990296,0.4982343818353724,0.00855458763136712,0.1965625497635752,0.6083328505526217,0.32761628872529275,0.4058414647713825,0.7972950091645513,24.0,0.09747040291463144,-0.06347040291463134,0.0340000000000001,-0.028213131173390638
2025-05-01,24,-0.004337217585214253,1.5049053737567784,0.7591316880922159,-0.2302787126802613,0.4506316560156013,0.009559966078681696,0.21276893744593461,0.627060669937018,0.36306787719371075,0.4183477787089445,0.7768638138970076,24.0,0.07496648378496844,-0.04126648378496844,0.0337,-0.05082283060821913
2025-06-01,24,-0.0053779237150936784,1.5453832902105298,0.47097358847993664,-0.14036735252285787,0.4229931253461312,0.00926673015612225,0.21419901548887468,0.6020523943086623,0.3657689812213662,0.4079143918376192,0.786494980354018,24.0,0.050947729428364716,-0.016847729428364717,0.0341,-0.06266003681448984
2014-10-01,36,,,,,,,,,,,,,,,-0.0141999999999999,
2014-11-01,36,,,,,,,,,,,,,,,0.0141999999999999,
2014-12-01,36,,,,,,,,,,,,,,,-0.0073,
2015-01-01,36,,,,,,,,,,,,,,,0.0023,
2015-02-01,36,,,,,,,,,,,,,,,0.0182,
2015-03-01,36,,,,,,,,,,,,,,,-0.0161,
2015-04-01,36,,,,,,,,,,,,,,,0.0137,
2015-05-01,36,,,,,,,,,,,,,,,0.0364,
2015-06-01,36,,,,,,,,,,,,,,,0.038,
2015-07-01,36,,,,,,,,,,,,,,,-0.0266,
2015-08-01,36,,,,,,,,,,,,,,,-0.0516999999999999,
2015-09-01,36,,,,,,,,,,,,,,,0.003,
2015-10-01,36,,,,,,,,,,,,,,,0.0666,
2015-11-01,36,,,,,,,,,,,,,,,0.0038,
2015-12-01,36,,,,,,,,,,,,,,,-0.006,
2016-01-01,36,,,,,,,,,,,,,,,-0.11320000000000001,
2016-02-01,36,,,,,,,,,,,,,,,0.0116,
2016-03-01,36,,,,,,,,,,,,,,,0.0794,
2016-04-01,36,,,,,,,,,,,,,,,0.0184,
2016-05-01,36,,,,,,,,,,,,,,,0.0217,
2016-06-01,36,,,,,,,,,,,,,,,-0.046,
2016-07-01,36,,,,,,,,,,,,,,,0.0635,
2016-08-01,36,,,,,,,,,,,,,,,0.0038,
2016-09-01,36,,,,,,,,,,,,,,,0.07619999999999999,
2016-10-01,36,,,,,,,,,,,,,,,-0.07200000000000001,
2016-11-01,36,,,,,,,,,,,,,,,-0.037500000000000006,
2016-12-01,36,,,,,,,,,,,,,,,0.015399999999999999,
2017-01-01,36,,,,,,,,,,,,,,,0.0558,
2017-02-01,36,,,,,,,,,,,,,,,0.0429,
2017-03-01,36,,,,,,,,,,,,,,,0.031099999999999996,
2017-04-01,36,,,,,,,,,,,,,,,0.0453,
2017-05-01,36,,,,,,,,,,,,,,,0.0561,
2017-06-01,36,,,,,,,,,,,,,,,-0.0197,
2017-07-01,36,,,,,,,,,,,,,,,0.0393,
2017-08-01,36,,,,,,,,,,,,,,,-0.0124,
2017-09-01,36,0.0004758147313862447,1.1488386614995614,0.8832023293991145,-0.5856551705081705,0.06300890595331876,0.004531324789237091,0.13860974477219812,0.3346741589873666,0.32490678695994396,0.2560247863743853,0.696666644944337,36.0,,,0.0443,0.005724742878837397
2017-10-01,36,-0.00045303333725331754,1.1486788094774083,0.942073196781773,-0.5942065338421101,0.03157052694015122,0.004723038992083257,0.14165358410420748,0.3473388349105595,0.3310735746395509,0.2563007953562655,0.6877224381725038,36.0,0.01849881491687294,-0.02359881491687294,-0.0050999999999999995,-0.0054228746943407735
2017-11-01,36,-0.001225183280703035,1.1551447923058429,1.020663999553375,-0.5808686417837121,0.02795011540986969,0.00477902300373496,0.1406408943007155,0.3599592962330567,0.328575443690287,0.2539769762853816,0.6932426039360744,36.0,0.010562954719337908,0.004837045280662091,0.015399999999999999,-0.014603531966556171
2017-12-01,36,-0.0016248550680840676,1.1538217412897278,0.9697855308849606,-0.555235026216877,0.051953026649059764,0.00480942582642049,0.1418500080721825,0.3539622387254207,0.326588311825163,0.25073092473235536,0.6901907853630284,36.0,0.0360660717472955,-0.013066071747295502,0.023,-0.01932495098298803
2018-01-01,36,-0.0015371081370361174,1.1989387418698394,0.9533920757292518,-0.5110866385529226,0.12232167712670783,0.004992732729882141,0.1413479164762403,0.37454175021606234,0.334884230138183,0.26057326290354965,0.7016092829198866,36.0,0.055562860672163816,0.03433713932783618,0.0899,-0.01829015557397251
2018-02-01,36,-0.0006264015460542022,1.233070994131402,0.8972718361522019,-0.5465211561565566,0.0752515456749856,0.004928887504373229,0.1362126901246343,0.3692443914238836,0.33017819150787514,0.25924234382764216,0.7271250162658452,36.0,-0.036712516542045666,-0.00988748345795433,-0.046599999999999996,-0.007490975542405076
2018-03-01,36,-0.001334815322551348,1.241317034018768,0.9170514118751294,-0.48901419390083406,0.12454650637223058,0.004825832860098309,0.13638291636003833,0.3705562596127442,0.32349372973010976,0.2557998062986677,0.7286354199192935,36.0,-0.012014735525046082,-0.02118526447495392,-0.0332,-0.015900711216446317
2018-04-01,36,-0.00012357456613049274,1.3377372747905865,1.2043195316745967,-0.5514183043304427,-0.0030063845920345333,0.004147267722211055,0.12454806526067741,0.32727441541582303,0.27743853894201403,0.2278358361358739,0.7890650461608786,36.0,-0.009944552553512707,0.015544552553512607,0.0055999999999999,-0.0014818873441618807
2018-05-01,36,-0.000291127479887094,1.3346058551088638,1.181317960994947,-0.5637639386516291,-0.030684570011480256,0.004061541206769033,0.12337169356480275,0.3194004738216418,0.2481923189064,0.22314214944402885,0.7916300400501695,36.0,0.02175190079954349,0.0006480992004564111,0.022399999999999903,-0.003487941339667011
2018-06-01,36,-0.0012745385416726741,1.363983529768938,1.0563974652745838,-0.6047430257825486,-0.04730792955758442,0.003572131857527789,0.11118431398342839,0.2886563579357512,0.22364043346290816,0.20052190387371344,0.8299325321988484,36.0,-0.029429452325529397,0.0018294523255293973,-0.0276,-0.01518770308877937
2018-07-01,36,0.0010477950546553018,1.3530359000075627,0.7500513101331971,-0.6715459596140702,-0.021417948478130236,0.003559457090140682,0.10948693658921939,0.30759290604594564,0.22715489238685566,0.19833067005240856,0.8317113265718488,36.0,-0.00828812780989694,0.023588127809896938,0.015299999999999998,0.012646254045393324
2018-08-01,36,0.0005379619964676931,1.3948760344426023,0.6815027208009051,-0.7078730473444932,0.008924348569958107,0.0035079068815956245,0.11475756180641228,0.30832398873375627,0.21501102818678722,0.197287314893249,0.8275338415213613,36.0,0.0009344163314091774,0.008265583668590822,0.0092,0.00647467885567421
2018-09-01,36,-0.000735784495178915,1.4536847865603995,0.6291686639317036,-0.7098101430384641,-0.0383907987579441,0.0032033315161477567,0.10713992390638906,0.2756394885852235,0.19149954175590203,0.1762052090107299,0.857052716103359,36.0,-0.006714144712765417,0.0013141447127654167,-0.0054,-0.008793770429289194
2018-10-01,36,-0.000329088736028309,1.4699913741666206,0.5722239301126302,-0.7220966581234146,-0.04643568407361409,0.003095404831087609,0.0947065646241457,0.2881905225029983,0.18946014247323725,0.17464775392851448,0.8919300296662982,36.0,-0.1463446283219676,0.00044462832196759394,-0.1459,-0.00394192490721379
2018-11-01,36,-0.002022492275145989,1.4692937679421196,0.5439428719793253,-0.5955173953621007,0.07240151146035761,0.00331764101374775,0.10312588739616314,0.31396201759329273,0.19963748099925083,0.18186474041158587,0.8746532410242183,36.0,0.009766863274888293,-0.0445668632748883,-0.034800000000000005,-0.02400174774585817
2018-12-01,36,-0.0013079468322969995,1.4391454782368425,0.5026067230772655,-0.5496936257694789,0.1328431202889528,0.0033031465072029214,0.10073094737555988,0.3121089606588844,0.1948699828821719,0.17415352488113703,0.8821077758334427,36.0,-0.10002335904815034,0.019423359048150332,-0.0806,-0.015582944955661593
2019-01-01,36,0.00021470527841133472,1.420519681810815,0.4221537498919643,-0.6278379451663068,0.10496208937784884,0.003283974158836635,0.09986473745354787,0.3041804795178128,0.1851274864417354,0.16708976965695052,0.8814068813398677,36.0,0.09247863581710064,0.016421364182899356,0.1089,0.0025795080109862756
2019-02-01,36,-0.0008332434991403289,1.4273813350405005,0.37776021122000736,-0.5874839491843891,0.13706922752244297,0.003260094837473264,0.09961905101102367,0.30832328108357915,0.17971784876597285,0.16724616634976844,0.8835459660559223,36.0,0.041449357528079274,-0.014549357528079274,0.0269,-0.009953225572930546
2019-03-01,36,-0.00021173596565315402,1.4746142835404261,0.4973657231360863,-0.6067052342187047,0.09504719873071643,0.003124800251206274,0.10028991737466406,0.2951836481180088,0.17223655115107311,0.15849147544217657,0.8862018487088342,36.0,0.01693887516347489,0.0012611248365250113,0.0181999999999999,-0.002537874755345171
2019-04-01,36,0.000877865150461234,1.4960535174073601,0.535333810613288,-0.6300873540838177,0.020163120135776785,0.0031405389134497403,0.10221904966881007,0.3044799992004076,0.17279005129628916,0.15425304333172746,0.8872355551861526,36.0,0.04200546195900848,0.023694538040991517,0.0657,0.01058539365196065
2019-05-01,36,0.0002927275747101176,1.5049565776369511,0.5435160158093048,-0.6063647071953648,-0.0035854001529119217,0.0030780955938026567,0.0976667954750951,0.2983050621377915,0.1704574987694508,0.14307003261624998,0.895890254972543,36.0,-0.05047033844199881,-0.002829661558001191,-0.0533,0.0035183919211418946
2019-06-01,36,0.00042308163867463625,1.4788504582427178,0.6312963597106916,-0.5943569180134168,0.02560340532289948,0.0031013293488358087,0.09650320416755952,0.27800936273016047,0.1703400166234626,0.15233421023875862,0.8941817650309729,36.0,0.06377828384400054,-0.015878283844000647,0.047899999999999894,0.005088810213557782
2019-07-01,36,0.0012396517265268357,1.4612146250399916,0.6665348703514197,-0.6184346433609053,0.01377764664760521,0.0031533298404295466,0.10201863361783693,0.2866877140754305,0.1783156600399862,0.15660183789718057,0.8841908124378337,36.0,-0.01362633280266801,0.02512633280266801,0.0115,0.014977665596163536
2019-08-01,36,0.0008728276959953651,1.4434424255972458,0.5300535159645742,-0.6763319268211464,0.1037449352609057,0.0032336504781173016,0.1008948164062768,0.28034054136402525,0.17801812810853,0.1616480648977325,0.8833938522991004,36.0,-0.029659375103220767,0.025059375103220767,-0.0046,0.010524359587812393
2019-09-01,36,-0.0007168560011396518,1.412769369737422,0.3403740815378129,-0.7237160165487365,0.0811442396313918,0.0030081170613682445,0.09460140596296504,0.27302332861608336,0.16318722925006823,0.14973884927189174,0.8926835783752043,36.0,0.008796502279759939,-0.012596502279759938,-0.0038,-0.008568436679918467
2019-10-01,36,-0.00021088443837966563,1.403386320095069,0.3758389660677527,-0.6646357199691444,0.08000248428327397,0.00303158714911468,0.09331811960826938,0.2733385020627931,0.18002299274581446,0.1481268460140323,0.8876308645096399,36.0,0.04025269020274492,-0.001952690202744918,0.0383,-0.0025276801545894845
2019-11-01,36,-0.0015821055911764102,1.427026439025541,0.3138388682506646,-0.695370443372699,0.14601591897978927,0.0031022814221571965,0.09464655062924232,0.2715988387419806,0.18021834587927085,0.1546271735474631,0.8879540827746975,36.0,0.029594138662299645,-0.010194138662299644,0.0194,-0.018820933388410177
2019-12-01,36,-0.0015272120900252633,1.4261079031441786,0.30109776234485275,-0.6924547263707048,0.14115343587745016,0.0031030663474001167,0.0936580862077969,0.26205237119480584,0.18039901550140028,0.15553001541670233,0.8896737991531838,36.0,0.04748137266324563,-0.0026813726632456333,0.0448,-0.018173389174877652
2020-01-01,36,-0.0016991896888544217,1.423836485422037,0.30773590033757015,-0.6873797296771894,0.11976845326960284,0.0031310630886059085,0.09568446311880789,0.26264916284996487,0.18066479847693825,0.15804354233911444,0.8876893750579493,36.0,-0.012429059477442252,-0.007270940522557747,-0.0197,-0.0202007932566709
2020-02-01,36,-0.0015857548329264847,1.3329226108800576,0.08327641728313229,-0.6499389704609667,0.13959780203464855,0.003243505509884032,0.08717027529626523,0.2677870508664105,0.18617340707551958,0.16562138046422828,0.8935151535622835,36.0,-0.13932690212130697,0.044526902121307055,-0.09479999999999991,-0.01886396732427642
2020-03-01,36,-0.001330410441612643,1.3527681384901378,0.07160871912095756,-0.6367142394452383,0.13757625118430772,0.0032195233089671264,0.0818790403290329,0.26046833093915267,0.16904290400027328,0.16173899421624582,0.9138700363592234,36.0,-0.1305921785214652,-0.0070078214785347925,-0.1376,-0.01584862234309603
2020-04-01,36,-0.00037675204680954685,1.3928206581795348,0.28159629645167117,-0.7516583041233643,0.11537413794932161,0.003454120602421614,0.0863768108805844,0.26345711610780403,0.17324218565431015,0.17377926941860225,0.9208212429037813,36.0,0.12747819206256858,0.047121807937431426,0.1746,-0.004511668137767488
2020-05-01,36,1.0164416636287976e-05,1.4107303623748462,0.30945869876444654,-0.8187451248230493,0.09667242142562227,0.0035081111826037814,0.08777341782449406,0.2657911967908034,0.16622363968879503,0.17524089116132732,0.9268061878297783,36.0,0.11711192366819,0.021288076331809916,0.1383999999999999,0.00012197981868156127
2020-06-01,36,0.0006395176752232896,1.3735802136743098,0.4534502118374646,-0.7942809982818282,0.05310207542146639,0.003640857208846178,0.08629193270542602,0.272998267929825,0.17262207731767465,0.17215209727020808,0.9249495274518514,36.0,0.0438889087934603,-0.0278889087934603,0.016,0.00770126259550552
2020-07-01,36,0.0002648306052617719,1.3733143348452037,0.43670199790584086,-0.8196959471051958,0.048039923523187145,0.0036997099640441295,0.08309463829827153,0.2712858760011068,0.1802033921606921,0.15988930149931546,0.9268930442540901,36.0,0.0678996798143806,0.003300320185619404,0.0712,0.003182600278313741
2020-08-01,36,0.0008139413458399039,1.3698065834205881,0.45166099374903723,-0.7922260237512537,0.0704629679124602,0.0035963520622962083,0.08141318957021239,0.2582776726745119,0.17759956217335843,0.15374447778006217,0.9327613757358963,36.0,0.10040705228967789,-0.006007052289677989,0.0943999999999999,0.009811140033618937
2020-09-01,36,0.00012535711662692295,1.3594598171482852,0.46211038494660484,-0.8335675795883382,0.05155862508120679,0.0035558293311683557,0.07914541634350915,0.2420462937089287,0.1772399252003791,0.15116430046947002,0.9351818915906956,36.0,0.016585080281772586,0.006614919718227415,0.023200000000000002,0.0015053229838668525
2020-10-01,36,0.002437782469990494,1.3422487741775728,0.5560663624210993,-0.7502829487674256,0.07706625165438952,0.00349813182949021,0.077757818033849,0.236637123700396,0.177544650119833,0.153339751880668,0.9349611394562829,36.0,-0.04431983531531495,0.03031983531531495,-0.013999999999999999,0.029648818079395012
2020-11-01,36,0.003206500374192879,1.3639529314012788,0.4929954287230589,-0.7656858101835076,0.01092439389822597,0.0035473909224709487,0.07654768046399438,0.233861948981139,0.1813310768515507,0.1437382422568429,0.940729439473358,36.0,0.13332126041328443,0.02727873958671559,0.16060000000000002,0.039163898615640846
2020-12-01,36,0.003987033114854065,1.3625551483329656,0.5471215262870794,-0.7411318903894579,0.01131278462754115,0.0035295907789775973,0.07546570831050985,0.23329060074411234,0.17669686612575403,0.14079352462700173,0.9431884813645398,36.0,0.08160746151902522,0.004692538480974784,0.0863,0.04890763135972431
2021-01-01,36,0.007268827508246509,1.3118123136405782,0.7670388838808697,-0.6100187143910961,-0.001222910380465736,0.004241790649532063,0.09507958389126589,0.2796428711575796,0.2157532307023511,0.18006510688302277,0.9129160695323922,36.0,-0.008242810540505957,0.08004281054050597,0.0718,0.09079898651848528
2021-02-01,36,0.009058363416378987,1.2905822794820694,0.8755825820368526,-0.5245844604558522,-0.007395746975262574,0.004097177395287765,0.09730115808533324,0.2748138917536661,0.19752869358477734,0.18140199285656614,0.910097847174852,36.0,0.010996831805222484,0.022203168194777516,0.0332,0.11428282351392105
2021-03-01,36,0.0087152061322761,1.2747932509610846,0.8719172142016736,-0.6166053912862424,-0.055644664089802065,0.004021337878122771,0.09735400030823742,0.2736398244450221,0.19322581762185867,0.1822176389567158,0.9101914407048447,36.0,0.0130914973234862,-0.0302914973234862,-0.0172,0.10974401913802834
2021-04-01,36,0.008600213322229686,1.274141293179822,0.8842204451945688,-0.6237678552133955,-0.059170359871750344,0.0040442195609831835,0.09600981287305502,0.2782087525854154,0.19528387138856695,0.1814465208297287,0.911670810644181,36.0,0.070395784435021,0.0024042155649790092,0.0728,0.10822685036458357
2021-05-01,36,0.008491410774161136,1.2620047032930755,0.9222650399282664,-0.6539814948736642,-0.08643896635317883,0.0040576069289485995,0.0951823404209206,0.2774730500905188,0.19607209035865292,0.17919977757901562,0.9112459329296809,36.0,0.024604059498183575,-0.012004059498183575,0.0126,0.10679310419990129
2021-06-01,36,0.008815746305730475,1.2566755123659323,0.9058896710365647,-0.6677679840444232,-0.10049455445522537,0.004030851226136339,0.09427087060375484,0.2766489072869722,0.19222469866097394,0.17588608464779687,0.9110877012645939,36.0,0.016858780727339,-0.0007587807273389986,0.0161,0.11107206542739334
2021-07-01,36,0.00836929194929652,1.2530521277826199,0.9471259293130312,-0.6666847863233305,-0.10143461151471755,0.004008502843415255,0.09411178190587136,0.28321347964560745,0.19149443910205027,0.1752542758494444,0.9117789579942215,36.0,0.016231033118099644,-0.006531033118099643,0.0097,0.10518590804581662
2021-08-01,36,0.008256493012559915,1.2528865285903121,0.9432703841935322,-0.663209249263147,-0.09930896028570269,0.004015224473642502,0.09465428935313241,0.28327035234301035,0.19301249916178012,0.17589028975778584,0.9118204322990837,36.0,0.04965807817237411,-0.0051580781723741115,0.0445,0.10370327116503875
2021-09-01,36,0.007597472403381635,1.260393801290741,0.9028233611018912,-0.7125643685316961,-0.11985542228127,0.0039615898766102,0.09519391141985323,0.2807949459094592,0.1825102477104984,0.17724963924135695,0.9136817405728519,36.0,-0.04677695019735319,-0.017223049802646814,-0.064,0.09507744143206676
2021-10-01,36,0.008818563340573286,1.1721612066842408,1.019294398398962,-0.7290940682136795,-0.24373826599053539,0.004153127465227967,0.10402332253216272,0.2726414353023517,0.18192108085041772,0.18036268685674792,0.898567221998903,36.0,0.02777224642481013,-0.03137224642481013,-0.0036,0.11110929692545479
2021-11-01,36,0.011215968549945492,1.1192695957127041,1.0662815385761575,-0.8250874150180942,-0.37988961670798593,0.003624266625814615,0.08999946138464461,0.23823073771536735,0.15971040101294381,0.16027328678019925,0.9225233349202998,36.0,-0.03606494197143538,0.004864941971435381,-0.0312,0.14321267129084037
2021-12-01,36,0.010439384132230764,1.1173771476989067,1.112013965357653,-0.8763820808424128,-0.41823335728035116,0.0036758472129526758,0.08915963062599899,0.2384182140690714,0.15577223581719027,0.15531847295522297,0.9171789277140953,36.0,0.01149870858087488,-0.01349870858087488,-0.002,0.13272160911791664
2022-01-01,36,0.01081741350139169,1.0956797384943235,1.1328502687574973,-0.8007077213690934,-0.3938074731015211,0.003526257546273652,0.08694344019349434,0.2397122104710461,0.12705699996935033,0.1544386728728904,0.928536682718118,36.0,-0.16710579855687738,0.017605798556877383,-0.1495,0.13781742281827158
2022-02-01,36,0.009218527633324706,1.1402198910929875,0.946803460669079,-0.851202876614154,-0.3686685815166757,0.0038271400015399836,0.09405135523511379,0.25624792854340955,0.1403630978856855,0.169559060004865,0.9169516229483816,36.0,-0.0072987835412459574,-0.05650121645875404,-0.0638,0.11640707075373657
2022-03-01,36,0.008389804509917609,1.1163982622286617,1.0031965843240573,-0.8686197722083965,-0.43637952376324085,0.003954261009884375,0.09735239563978533,0.2700146552432321,0.1445220983203085,0.17449484744976104,0.912230982377788,36.0,0.00963830956224697,-0.03543830956224697,-0.0258,0.105455722642811
2022-04-01,36,0.007857890329970127,1.1235929852814979,1.009076786793053,-0.8699082855549236,-0.4301377646018447,0.004033441193712821,0.09706287497017364,0.2706773590164153,0.14451372982680508,0.17922809294144995,0.9195840842495245,36.0,-0.11616784392638875,-0.008932156073611239,-0.1251,0.09847860351012971
2022-05-01,36,0.007938497169750695,1.1215262850822048,1.0234057468504552,-0.8674641607352878,-0.4190051191526625,0.004030567796764769,0.0961066982292517,0.2694926766646409,0.1418082063433444,0.18126720549984143,0.9191806393888422,36.0,-0.035620688995271245,-0.003379311004728755,-0.039,0.0995333218300718
2022-06-01,36,0.005226999731513273,1.2122682634166384,0.9768985422282923,-0.8220930162895458,-0.31577166383489264,0.004309963481463625,0.09987364367938913,0.31573013996746097,0.15580392452360695,0.19383046745901186,0.9141965360461013,36.0,-0.09533499800780892,-0.061865001992191054,-0.15719999999999998,0.06455900823083449
2022-07-01,36,0.0038094546144478263,1.219024923138532,0.981277029363191,-0.7584372788133149,-0.25403734175281856,0.004287361441054291,0.10133838289884764,0.3185316442808252,0.14265032722764104,0.18733797884360628,0.9166111953799385,36.0,0.13015930788765323,-0.02515930788765322,0.10500000000000001,0.04668351076184085
2022-08-01,36,0.003046992293277177,1.218036425769062,1.0457415449401162,-0.7465264454123003,-0.27302348624423445,0.00423734031868735,0.09926303826413041,0.31399050293803854,0.13484386547215316,0.18064896851653195,0.9223898367321749,36.0,-0.08110331802422842,-0.0023966819757715863,-0.0835,0.03718292861869754
2022-09-01,36,0.004444052999328896,1.192516786432932,1.0136087737418253,-0.7405923522964057,-0.2903799362397952,0.004293088335519296,0.09792964151052239,0.3155995956092227,0.13618253799082253,0.18414931071247898,0.9260534895419258,36.0,-0.15408167218229282,0.028581672182292905,-0.12549999999999992,0.05465161353731429
2022-10-01,36,0.005743929638205327,1.238053292737065,0.8153733504653684,-0.7518050140519401,-0.25269074815989456,0.004569718267618216,0.1010744195603693,0.3163995399441999,0.1441265377910039,0.19400736304076974,0.9188056610434072,36.0,0.032851357528278426,0.05224864247172158,0.08510000000000001,0.07114691122800165
2022-11-01,36,0.005404418614948576,1.1971492771396124,0.9445785133251268,-0.7345677458456934,-0.26018609239245016,0.004706552411686188,0.09903703177738457,0.31018579829651516,0.14673779379687946,0.19898836253021676,0.9183525729862629,36.0,0.14670784064220965,-0.039207840642209654,0.1075,0.06681588740042677
2022-12-01,36,0.005068290522379289,1.1966860408938067,0.8884307433075405,-0.7666405190686559,-0.28045374964499437,0.00477834103568129,0.1006785787813193,0.3088534355259683,0.14406524009665989,0.2002351295533556,0.9166526369085031,36.0,-0.02228777209582894,-0.02611222790417106,-0.0484,0.06254383735494118
2023-01-01,36,0.005863985900650792,1.1987947606278069,0.8539134337495635,-0.7876755111251306,-0.3088344380477839,0.004771723521670413,0.10152997932124751,0.31266185578282424,0.14401513779875413,0.19858858694879328,0.9188027801871002,36.0,0.09613111861928453,0.02166888138071557,0.1178000000000001,0.07268228046803671
2023-02-01,36,0.0051232457395807215,1.2397855718750828,0.904367467179485,-0.7349288945984742,-0.23660463934682063,0.004884110009627398,0.10819157235831015,0.3166235333279409,0.14519331012820252,0.20318446469450677,0.9164980837838166,36.0,-0.06448969821246991,0.02948969821246991,-0.035,0.06324122149986566
2023-03-01,36,0.002762849919755582,1.2759717260722696,1.109680924264811,-0.6268525732879906,-0.21814672113605305,0.005197766883077077,0.12371329237760179,0.33198297327610937,0.16151227504291518,0.2099329522916676,0.9034646054195892,36.0,0.04490344017340821,-0.04570344017340821,-0.0007999999999999999,0.03366266817622021
2023-04-01,36,0.0020606107060590143,1.2516150422440853,1.0452170364677225,-0.6289481199987014,-0.2360462899784439,0.005175515440135544,0.1255125365738461,0.344167112076286,0.1603588464909504,0.2076636023148597,0.893464305070322,36.0,-0.00038435803606275826,-0.011515641963937142,-0.0118999999999999,0.02500950602509322
2023-05-01,36,0.0010022275436405784,1.2464862999752166,0.9822484532792686,-0.6039993103782607,-0.2271018394883948,0.005070520086258429,0.12131353320877884,0.3499049225544985,0.15822428510248182,0.20346325375984892,0.8882103814550568,36.0,-0.04641170168501048,-0.0051882983149895215,-0.0516,0.012093246860618967
2023-06-01,36,0.0011264427817005082,1.253856790924033,0.9725086100360453,-0.6006638040707368,-0.2121990419941735,0.005067244192297789,0.12066354524699084,0.34345404461356227,0.1571741659721831,0.20183423263272257,0.8887481466355253,36.0,0.016636460085669217,-0.0009364600856692183,0.0157,0.013601374268191746
2023-07-01,36,0.0017004969915189357,1.2215053443945425,1.0669650132265578,-0.571972923447466,-0.3339354299692916,0.005127161605700268,0.128418737111165,0.3469042221402527,0.1585742803193093,0.22690611257430876,0.8845088659166301,36.0,0.020291286254207744,0.045608713745792256,0.0659,0.02059790139807438
2023-08-01,36,0.0025528836647306288,1.2345450331152974,1.1725859956902196,-0.57624119288514,-0.35593621807687725,0.005133827193161273,0.12701054478829657,0.3704443151924683,0.15720197934605082,0.22645670534378176,0.8838065871210888,36.0,-0.06068705127932975,-0.0015129487206701417,-0.062199999999999894,0.031068421570129345
2023-09-01,36,0.0015679665449523355,1.2460890800681894,1.145849149362649,-0.5848083004361091,-0.3555991953449955,0.005350394752166844,0.1275111957710179,0.38925252036754077,0.15904281110645752,0.22923973545564943,0.8870100133825942,36.0,-0.08349419266645025,-0.02500580733354975,-0.1085,0.018978711871215914
2023-10-01,36,0.0002649280016626173,1.2703988392709231,1.122783607278777,-0.5674736299363314,-0.3260554143441303,0.005416034690149453,0.1262536678634537,0.3889089360266517,0.15833453395708233,0.23034638488492434,0.891630353579643,36.0,-0.07651046978321027,-0.012489530216789627,-0.0889999999999999,0.003183772445013222
2023-11-01,36,0.0018409626958851427,1.3843461760950473,0.9977078409157558,-0.5844208254031144,-0.1771457559407157,0.006224141161394897,0.13777965466446326,0.4419189864671791,0.18042124218530126,0.30449523808371487,0.8668314148462684,36.0,0.10243924401595143,0.09246075598404858,0.19490000000000002,0.022316614177010363
2023-12-01,36,-0.0002580120903329878,1.3750234041313152,0.8279032622881437,-0.5688951968373974,-0.0903663684194802,0.006140529339236035,0.14704054694484966,0.4543309026251742,0.18516341866754404,0.30504327973855416,0.8593620566284687,36.0,0.10306927988538898,-0.03936927988538898,0.0637,-0.0030917552247483604
2024-01-01,36,-0.0037694730499492676,1.3549206016908848,0.6078734930687975,-0.5884209953422959,-0.1804451618603573,0.005600471602329608,0.13060908496852872,0.4103407966019769,0.16500752439809677,0.2583499859841469,0.8859662911336637,36.0,-0.035886450893920806,-0.02251354910607909,-0.058399999999999896,-0.04430757131213536
2024-02-01,36,-0.0051102389296245835,1.3686140162223894,0.39702966163310016,-0.6280704868084508,-0.001315999453622707,0.005802560957441132,0.13117974986268224,0.4244412136919428,0.17214049605128326,0.2562015606615027,0.8838405628235874,36.0,-0.002305171390288553,0.04430517139028855,0.041999999999999996,-0.059628331898592624
2024-03-01,36,-0.004618683129817223,1.3581200068258101,0.37566045708470264,-0.6305168655402504,-0.05877552872488567,0.005832349305234052,0.12686622369661799,0.4205940590181772,0.1671420549231723,0.2575246633812829,0.8850382089339851,36.0,0.00838610995595922,-0.011786109955959221,-0.0034000000000000002,-0.054037722424670864
2024-04-01,36,-0.005658330020759732,1.3516397143341694,0.32219917425934375,-0.6296198203842349,-0.06639288529259835,0.005751792005724636,0.12739803863097585,0.4270577258910006,0.1666969493149687,0.25464302889292406,0.8842055557794684,36.0,-0.06868891374498347,-0.011311086255016436,-0.0799999999999999,-0.06582621072469452
2024-05-01,36,-0.004841264656290815,1.3775837789685423,0.3628131168765747,-0.6125874960317828,-0.03741686783077558,0.0057432718806701075,0.12617808832342162,0.4265841562052123,0.1677224053618019,0.254168996162714,0.8850220560019152,36.0,0.03824301259996671,0.023856987400033294,0.0621,-0.05657297151788798
2024-06-01,36,-0.0055037726861237035,1.385068447539208,0.35140471640616966,-0.5954748217243333,-0.014477037166281459,0.0058096005629984515,0.12610158448244768,0.4248438390970613,0.1692943001302055,0.2554574106315649,0.8857250910931787,36.0,-0.02847979709924635,0.0075797970992464506,-0.020899999999999898,-0.06408225997144212
2024-07-01,36,-0.006257321095071983,1.3767190047688558,0.2930593975475848,-0.601253503379991,-0.011593968056051285,0.005763821659085275,0.12496389511527597,0.40519050218641245,0.16964060570498274,0.2563891560063197,0.8851573277782224,36.0,0.0275914908737917,-0.0140914908737917,0.013499999999999998,-0.07255683329258211
2024-08-01,36,-0.007449727319237367,1.3778114158068138,0.2941355306983773,-0.5741850774391931,-0.0031041030275158477,0.005880565741466838,0.1249743875966811,0.40595072445395064,0.1685945343628084,0.255989503542293,0.8836553625594148,36.0,0.031035972252295187,-0.016335972252295185,0.014700000000000001,-0.08582328296751662
2024-09-01,36,-0.007733780931184698,1.3773259705016403,0.2754878125191865,-0.5771039675304542,-0.001189488958948548,0.005782821374822214,0.12502477773135684,0.40899029563631956,0.17050377191557467,0.25460797147791564,0.8824775443759946,36.0,0.0046189091962919315,-0.004018909196291932,0.0005999999999999998,-0.08895783678559643
2024-10-01,36,-0.006149856047421822,1.3733540102695212,0.24434991876814838,-0.5830170674197046,0.07554175186430112,0.005805361551656293,0.12638786604006752,0.4157229991459067,0.17250686959995098,0.2608146013863022,0.8804712655180015,36.0,-0.09192337284743592,0.04262337284743591,-0.049300000000000004,-0.07135257354310698
2024-11-01,36,-0.006714934114973328,1.4137965619225181,0.3148044613912331,-0.5389594099569628,0.1610601788373207,0.005929318848453723,0.13143136971390365,0.4192158386921697,0.1798645984968847,0.25832161304527707,0.8804428566574283,36.0,-0.015319986153661064,0.026519986153661065,0.0112,-0.07766886255930217
2024-12-01,36,-0.004842669608818925,1.421525607914194,0.36557349295523145,-0.5059165996555021,0.14366204045710118,0.0058847769050708034,0.13528837756297094,0.4225898412653087,0.18587536507426447,0.26132183496653527,0.8769570663752833,36.0,-0.0555307566259706,0.041530756625970604,-0.014,-0.056588954414079184
2025-01-01,36,-0.0048803824758954575,1.423285438132893,0.4333771346603146,-0.5214499704441893,0.15886508411657152,0.0059034321194578005,0.13754581919452638,0.4341087295665676,0.22327871362925905,0.2855140076933508,0.866418086411461,36.0,0.04512908622257913,-0.01132908622257913,0.0338,-0.05701788744242464
2025-02-01,36,-0.003358735449112596,1.4350016984417784,0.4542401779819287,-0.4389966171319345,0.14207495947573223,0.006207416051113925,0.14008029421615817,0.45313800847473173,0.2216963699078816,0.29178425016099035,0.859853029807716,36.0,-0.01248293989109104,0.04668293989109104,0.0342,-0.03956854573282331
2025-03-01,36,-0.0012120716225638133,1.5136048126091994,0.7694708072287182,-0.41335654001864164,0.3750707215612761,0.006232041316755882,0.1359398492460743,0.4276975804958136,0.21741844277773134,0.29206562599800706,0.8612277034288573,36.0,-0.01605463941950898,0.05015463941950898,0.0341,-0.01444828839034007
2025-04-01,36,-0.002813030691531623,1.4613595277744356,0.6022280516700158,-0.33252680754136255,0.2818076549485853,0.006285999502647107,0.13854780373076567,0.42912181182876236,0.2195853930192248,0.2918998702541742,0.8428827860598292,36.0,0.08214200918474993,-0.048142009184749826,0.0340000000000001,-0.033238967271580044
2025-05-01,36,-0.0034740639475835736,1.436524615840876,0.4671745794515765,-0.27443115262544104,0.2239265294332391,0.006261514720489612,0.1357014665251028,0.4325168223968613,0.22960718761729584,0.2903344603969081,0.8418459833341834,36.0,0.06748529271685565,-0.033785292716855646,0.0337,-0.040901358083136885
2025-06-01,36,-0.001962977642973065,1.373732767928428,0.4205101271491327,-0.3212887368520814,0.17053014929354404,0.006430787404525306,0.14836254624411904,0.4057030558560889,0.2337349148949944,0.2918901940046553,0.8218223702533707,36.0,0.04331293643430265,-0.009212936434302654,0.0341,-0.023303071887166515
