month,allocation,selection,interaction,active,fund_ret,bench_avg_ret,true_active,residual
2018-02,4.607859233063394e-18,0.0,0.0,4.607859233063394e-18,-0.0455,-0.0435911651674381,-0.0019088348325618995,-0.001908834832561904
2018-03,4.336808689942018e-19,0.0,0.0,4.336808689942018e-19,-0.032,-0.0023695362331591,-0.0296304637668409,-0.0296304637668409
2018-04,1.6534083130403943e-18,0.0,0.0,1.6534083130403943e-18,0.0069999999999999,0.0083038427054997,-0.0013038427054998004,-0.0013038427054998022
2018-05,0.016368081361643857,0.05692454058746165,-0.026987058421915726,0.046305563527189786,0.0237999999999999,-0.0100110846056578,0.0338110846056577,-0.012494478921532083
2018-06,-0.0030211721358730124,0.009067663655709523,-0.007356156500375425,-0.0013096649805389138,-0.0262,-0.0222629893961935,-0.0039370106038065025,-0.0026273456232675887
2018-07,-0.004851180590871991,0.0037521185922138474,0.0017577116739629778,0.0006586496753048334,0.0169,0.016644114009202,0.00025588599079800003,-0.00040276368450683337
2018-08,0.00846841043990047,0.02752247788023212,-0.01050575047662725,0.025485137843505336,0.0108,-0.017112280278591,0.027912280278591002,0.0024271424350856656
2018-09,-0.013452434881462428,0.017333054961321193,-0.023975963388781767,-0.020095343308923,-0.0039,-0.0049733317290567,0.0010733317290566998,0.0211686750379797
2018-10,-0.007340103701221304,-0.034387027720383,-0.0027105923091730643,-0.04443772373077737,-0.144,-0.0930871994558488,-0.05091280054415119,-0.006475076813373823
2018-11,0.0031979626440855453,-0.03205385534129712,-0.006193016275455952,-0.03504890897266753,-0.033,0.0053049451563441,-0.038304945156344104,-0.003256036183676571
2018-12,-0.005915959906424379,-0.01848227214916689,0.011737527959331879,-0.012660704096259391,-0.0787,-0.0585795255063084,-0.020120474493691608,-0.007459770397432217
2019-01,0.004771686307557968,0.07517416889265616,-0.01299310124884152,0.0669527539513726,0.111,0.0739947409488626,0.0370052590511374,-0.029947494900235197
2019-02,0.007719731611413817,0.005094230049437147,-0.014409815821365284,-0.0015958541605143191,0.0287,0.0221517773105122,0.0065482226894877996,0.008144076850002119
2019-03,0.0006124776268011075,0.05740633971973063,-0.035903194621135184,0.022115622725396557,0.0200999999999999,0.0057282765087418,0.0143717234912581,-0.007743899234138457
2019-04,0.008242796867380733,0.04445550591941579,-0.013109271984577023,0.0395890308022195,0.0678,0.0288754268591977,0.038924573140802304,-0.000664457661417199
2019-05,-0.0035407596645884616,0.01594131820944415,-0.011180956470275928,0.0012196020745797547,-0.0512,-0.0532469243019354,0.002046924301935399,0.0008273222273556442
2019-06,0.0028910888745471712,0.01944473214350776,-0.012663560809147684,0.009672260208907246,0.0496999999999999,0.0507193922885547,-0.001019392288554806,-0.010691652497462052
2019-07,0.014504710046707689,-0.02214511829486964,0.029982792283188585,0.02234238403502663,0.0134,-0.018673926022355,0.032073926022355,0.009731541987328372
2019-08,-0.00044743468004332636,0.00339028536084492,0.014711562519845107,0.0176544132006467,-0.003,-0.0205586710106116,0.0175586710106116,-9.574219003510159e-05
2019-09,-0.003861519364155476,-0.03887648758186051,0.00039168107792247886,-0.04234632586809351,-0.002,0.0275353180025184,-0.0295353180025184,0.01281100786557511
2019-10,0.011557061966075236,0.01072435181150833,-0.011201138773897461,0.011080275003686104,0.0398,0.0372125309305367,0.002587469069463305,-0.008492805934222799
2019-11,0.007644350427649741,0.004176927894728481,-0.0005469599313808939,0.011274318390997325,0.0206,0.017592684298204,0.0030073157017959998,-0.008267002689201325
2019-12,0.001433307333621127,0.0012869074483043187,0.0030847854064090735,0.00580500018833452,0.0462,0.0417115784658666,0.004488421534133397,-0.0013165786542011235
2020-01,0.004214386994392659,-0.011371882447564848,0.016233718162196095,0.009076222709023904,-0.0184,-0.0346644974078578,0.0162644974078578,0.007188274698833895
2020-02,0.0015865654868245254,-0.0002456020193856511,-0.006801350999447375,-0.005460387532008504,-0.0935999999999999,-0.0815919351612578,-0.012008064838742102,-0.006547677306733599
2020-03,0.017328954822003587,0.01923309851942316,-0.04172954534885662,-0.005167492007429866,-0.1364,-0.1752371864371149,0.038837186437114896,0.04400467844454476
2020-04,0.020762807248856385,0.08669378309503954,-0.036919092196031116,0.07053749814786481,0.1746,0.0900117172267969,0.0845882827732031,0.014050784625338292
2020-05,0.016344674461947414,0.09145337067214679,0.00015305749328536206,0.10795110262737956,0.1384999999999999,0.0662884788738478,0.0722115211261521,-0.035739581501227455
2020-06,0.006200134179706831,-0.0043396123678577135,-0.024424359474251527,-0.022563837662402407,0.0161,0.0317847643112175,-0.015684764311217504,0.0068790733511849035
2020-07,0.004997663702382295,0.01193792471416696,0.016712513057104347,0.0336481014736536,0.0713,0.0329393748229736,0.0383606251770264,0.004712523703372801
2020-08,0.006485420022327524,0.007704439505705637,0.03103390761469894,0.045223767142732095,0.0944999999999999,0.0597605712554842,0.0347394287445157,-0.010484338398216393
2020-09,0.013382533644812126,0.019154858159957287,-0.010009218998472208,0.02252817280629721,0.0233,-0.0137730745265296,0.0370730745265296,0.014544901720232394
2020-10,7.088073419045588e-05,-0.014483136242496537,0.011052838480338606,-0.003359417027967475,-0.0139,-0.0324172838832401,0.018517283883240098,0.021876700911207574
2020-11,-0.002673393884254089,0.039681617948061194,-0.012937383488597059,0.024070840575210046,0.1607,0.134276464114817,0.026423535885183008,0.0023526953099729624
2020-12,0.004819971398733299,0.05111329909435299,0.052128823318126544,0.10806209381121283,0.0864,0.0633357063379806,0.02306429366201941,-0.08499780014919342
2021-01,0.0007144211303598325,0.06703857059713669,-0.0040502589556035695,0.06370273277189295,0.0718,-0.0060060907592703,0.07780609075927031,0.014103357987377357
2021-02,0.0034716786784852295,0.018861845260333812,-0.020873747286856127,0.0014597766519629113,0.0332,0.0311157740464996,0.0020842259535003987,0.0006244493015374875
2021-03,0.001465725444910753,-0.055222766106092606,0.008094342753361133,-0.045662697907820717,-0.0172,0.022704132548465,-0.039904132548465004,0.005758565359355712
2021-04,0.002647004197982108,0.010584267304741754,0.0035287734565530565,0.016760044959276917,0.0728,0.0366917225291704,0.036108277470829606,0.01934823251155269
2021-05,-0.00029836331738704487,-0.015112097864493228,0.023471506459473615,0.00806104527759334,0.0126,0.0269941230126355,-0.014394123012635499,-0.02245516829022884
2021-06,0.008935477193892347,0.009151813890136754,-0.02981525779737528,-0.011727966713346177,0.0161,-0.0096629970053279,0.0257629970053279,0.03749096371867408
2021-07,-0.0019366613970648828,0.010058424645255606,0.01189727333135038,0.020019036579541103,0.0097,0.0114335176793815,-0.0017335176793814994,-0.021752554258922602
2021-08,-0.0053655082677282655,0.022351161107346668,0.0006200551583493879,0.017605707997967786,0.0445,0.0198533245459818,0.024646675454018198,0.007040967456050411
2021-09,-0.001558257094807651,-0.04790303546591802,0.0022302350007216733,-0.047231057560004,-0.064,-0.0381789895687129,-0.0258210104312871,0.0214100471287169
2021-10,-0.0020904091377740206,-0.008015586427387521,-0.0049382230659796205,-0.015044218631141162,-0.0036,0.0295357974195547,-0.0331357974195547,-0.018091578788413536
2021-11,0.007828468911809255,-0.010678727691764915,-0.02887776572315937,-0.03172802450311503,-0.0312,-0.0491434269908589,0.0179434269908589,0.04967145149397393
2021-12,-0.0048645044268403655,-0.0503222926302551,0.016444116155712844,-0.03874268090138262,-0.0019,0.039161288702766,-0.041061288702766,-0.0023186078013833766
2022-01,-0.01895303779825826,-0.03877039014870479,-0.007697992732069099,-0.06542142067903214,-0.1495,-0.0517453686331428,-0.09775463136685719,-0.03233321068782505
2022-02,-0.011184134064506999,-0.04203171559652412,-0.004439733005478319,-0.057655582666509435,-0.0638,-0.0277868685552536,-0.036013131444746396,0.02164245122176304
2022-03,-0.018428671258129914,-0.052264704241331984,0.019884426702492054,-0.05080894879696984,-0.0258,0.0008098080970659,-0.0266098080970659,0.024199140699903938
2022-04,-0.010192706248498147,-0.040945266946931166,-0.009631139143932013,-0.060769112339361324,-0.1251,-0.0704773995496,-0.05462260045039999,0.0061465118889613354
2022-05,-0.0035187620007405217,-0.05296776217233443,0.00012875520178134633,-0.056357768971293604,-0.0387,0.0108641845115266,-0.049564184511526596,0.0067935844597670075
2022-06,0.003400111724992689,-0.0198889070671661,-0.053553385404142846,-0.07004218074631627,-0.1566,-0.0982028938402038,-0.058397106159796194,0.011645074586520074
2022-07,0.008243952653461008,0.029634076475712694,0.003560773199700314,0.041438802328874015,0.1058,0.0590667910829894,0.046733208917010605,0.0052944065881365895
2022-08,-0.005142433002630895,-0.03015562950637549,-0.012423000032400967,-0.04772106254140735,-0.0816,-0.0556121658495709,-0.025987834150429108,0.021733228390978243
2022-09,-0.0023669091486792546,0.042270272157651265,-0.04832926566284508,-0.008425902653873073,-0.1235999999999999,-0.103247610207855,-0.020352389792144904,-0.011926487138271831
2022-10,-0.00367260077401751,0.056423058573738236,0.00047173839598863346,0.053222196195709365,0.0874,0.0466107894724565,0.04078921052754351,-0.012432985668165857
2022-11,0.00908296686011113,0.021596589419616057,-0.012849121348652116,0.01783043493107507,0.1104,0.1212781295944582,-0.010878129594458205,-0.028708564525533276
2022-12,-0.005080461544653075,-0.005313809874985228,-0.012831799890767197,-0.0232260713104055,-0.0451,-0.0167159927979238,-0.028384007202076202,-0.0051579358916707015
