date,month,vix,vix_chg,cpi_yoy,core_cpi_yoy,pce_yoy,core_pce_yoy,m2_yoy,y10,y2,y3m,slope_10y_2y,slope_10y_3m,baa_spread,baa_aaa_spread,sp500,sp500_ret,sp500_mom_12m
2000-01-31,2000-01,24.95,,,,,,,6.68,6.61,5.76,0.0699999999999994,0.9199999999999999,1.68,0.5499999999999998,1394.4599609375,,
2000-02-29,2000-02,23.37,-1.5799999999999983,,,,,,6.42,6.53,5.78,-0.11000000000000032,0.6399999999999997,1.91,0.6099999999999994,1366.4200439453125,-2.0108083256356934,
2000-03-31,2000-03,24.11,0.7399999999999984,,,,,,6.03,6.5,5.88,-0.46999999999999975,0.15000000000000036,2.3,0.6899999999999995,1498.5799560546875,9.671982835364812,
2000-04-30,2000-04,26.2,2.09,,,,,,6.23,6.68,5.82,-0.4499999999999993,0.41000000000000014,2.34,0.7600000000000007,1452.4300537109375,-3.0795755780191336,
2000-05-31,2000-05,23.65,-2.5500000000000007,,,,,,6.29,6.69,5.63,-0.40000000000000036,0.6600000000000001,2.52,0.9100000000000001,1420.5999755859375,-2.1915050603417807,
2000-06-30,2000-06,19.54,-4.109999999999999,,,,,,6.03,6.38,5.88,-0.34999999999999964,0.15000000000000036,2.4,0.8100000000000005,1454.5999755859375,2.3933549615877237,
2000-07-31,2000-07,20.74,1.1999999999999993,,,,,,6.04,6.3,6.27,-0.2599999999999998,-0.22999999999999954,2.27,0.6999999999999993,1430.8299560546875,-1.6341275904170893,
2000-08-31,2000-08,16.84,-3.8999999999999986,,,,,,5.73,6.18,6.31,-0.4499999999999993,-0.5799999999999992,2.51,0.71,1517.6800537109375,6.069910494167097,
2000-09-30,2000-09,20.57,3.7300000000000004,,,,,,5.8,5.98,6.23,-0.1800000000000006,-0.4300000000000006,2.54,0.7299999999999995,1436.510009765625,-5.3482974719764265,
2000-10-31,2000-10,23.63,3.0599999999999987,,,,,,5.77,5.94,6.38,-0.17000000000000082,-0.6100000000000003,2.56,0.79,1429.4000244140625,-0.49494854217706497,
2000-11-30,2000-11,29.65,6.02,,,,,,5.48,5.61,6.21,-0.1299999999999999,-0.7299999999999995,2.64,0.8299999999999992,1314.949951171875,-8.006861010730892,
2000-12-31,2000-12,26.85,-2.799999999999997,,,,,,5.12,5.11,5.89,0.009999999999999787,-0.7699999999999996,2.88,0.8099999999999996,1320.280029296875,0.40534456237286687,
2001-01-31,2001-01,22.02,-4.830000000000002,,,,,,5.19,4.62,4.99,0.5700000000000003,0.20000000000000018,2.62,0.7799999999999994,1366.010009765625,3.4636576676164488,-2.0402128400121344
2001-02-28,2001-02,28.35,6.330000000000002,3.7212049616065945,2.5655326268823275,2.7014432367977514,2.0052216510106913,6.656525837689609,4.92,4.41,4.85,0.5099999999999998,0.07000000000000028,2.88,0.7700000000000005,1239.93994140625,-9.229073539585963,-9.25631200299668
2001-03-31,2001-03,28.64,0.28999999999999915,3.529411764705892,2.7870680044593144,2.537197196376595,2.035879862930856,7.180243115640161,4.93,4.18,4.3,0.75,0.6299999999999999,3.04,0.8599999999999994,1160.3299560546875,-6.420471080339151,-22.571368223188504
2001-04-30,2001-04,25.48,-3.16,2.9824561403508643,2.6111111111110974,2.1087000884293827,1.932464327861827,7.70634802725132,5.35,4.3,3.95,1.0499999999999998,1.3999999999999995,2.73,0.8700000000000001,1249.4599609375,7.681436165439459,-13.974517551110422
2001-05-31,2001-05,22.64,-2.84,3.2182562902282053,2.66222961730449,2.373236751810892,2.0276880603615766,7.787658878308656,5.43,4.22,3.63,1.21,1.7999999999999998,2.65,0.7800000000000002,1255.8199462890625,0.5090187401275648,-11.599326490830764
2001-06-30,2001-06,19.06,-3.580000000000002,3.5630841121495394,2.54565578306587,2.5576491395143286,1.94251442494342,8.021952604243321,5.42,4.25,3.65,1.17,1.77,2.65,0.79,1224.3800048828125,-2.503538942756467,-15.827029737876108
2001-07-31,2001-07,21.62,2.5600000000000023,3.193960511033689,2.705687465488693,2.3917346855763633,2.092195735345248,8.515585721468067,5.07,3.79,3.54,1.2800000000000002,1.5300000000000002,2.78,0.8399999999999999,1211.22998046875,-1.0740149595403703,-15.347733995691115
2001-08-31,2001-08,24.92,3.3000000000000007,2.7214823393167498,2.6997245179063434,2.1017325092305805,2.1221221221221276,8.738755661302777,4.85,3.64,3.37,1.2099999999999995,1.4799999999999995,2.9,0.8300000000000001,1133.5799560546875,-6.410840688075748,-25.308370938727975
2001-09-30,2001-09,31.93,7.009999999999998,2.7214823393167498,2.638812534359536,2.0964644142072553,2.0420948801002314,8.803817823425675,4.6,2.86,2.4,1.7399999999999998,2.1999999999999997,3.42,0.8599999999999994,1040.93994140625,-8.172340570563886,-27.53688214284804
2001-10-31,2001-10,33.56,1.6300000000000026,2.5921658986175045,2.6330224904004274,1.3130959435436296,1.2167067803146026,10.296177294447206,4.3,2.44,2.05,1.8599999999999999,2.25,3.38,0.8799999999999999,1059.780029296875,1.8099111333141016,-25.858401343507854
2001-11-30,2001-11,23.84,-9.720000000000002,2.127659574468077,2.6286966046002336,1.531881699460702,1.7873267116375269,9.699669492743212,4.78,2.84,1.78,1.9400000000000004,3.0,3.1,0.8399999999999999,1139.449951171875,7.51759041240454,-13.346515572215923
2001-12-31,2001-12,23.8,-0.03999999999999915,1.894374282433997,2.730748225013646,1.321568153430852,1.8146631142217151,10.338542200012292,5.07,3.07,1.74,2.0000000000000004,3.33,2.85,1.2800000000000011,1148.0799560546875,0.7573834088927756,-13.042693172742602
2002-01-31,2002-01,21.09,-2.710000000000001,1.603665521191311,2.782324058919805,1.0620750693969505,1.738727405151308,10.408718240116887,5.07,3.16,1.76,1.9100000000000001,3.3100000000000005,2.85,1.3200000000000003,1130.199951171875,-1.5573832456979853,-17.262688919403267
2002-02-28,2002-02,21.59,0.5,1.1958997722095743,2.610114192495905,0.6659371163187933,1.4182806480552923,9.694072273667697,4.88,3.06,1.79,1.8199999999999998,3.09,2.98,1.38,1106.72998046875,-2.0766211039727644,-10.74325912805284
2002-03-31,2002-03,17.4,-4.190000000000001,1.1363636363636465,2.5488069414316694,0.679565078349853,1.4328987225075585,9.431931433127371,5.42,3.72,1.79,1.6999999999999997,3.63,2.81,1.2999999999999998,1147.3900146484375,3.6738892862074657,-1.1151949786979531
2002-04-30,2002-04,21.91,4.510000000000002,1.3628620102214661,2.4363833243096877,0.9433082406235416,1.4485126761304645,8.418065736580749,5.11,3.24,1.77,1.87,3.3400000000000003,2.84,1.2699999999999996,1076.9200439453125,-6.141762591921907,-13.809159347749455
2002-05-31,2002-05,19.98,-1.9299999999999997,1.643990929705219,2.485143165856285,1.1877053213986466,1.5696834362275203,7.0634936078301624,5.08,3.22,1.74,1.8599999999999999,3.34,2.98,1.3399999999999999,1067.1400146484375,-0.9081481352177012,-15.024441377776544
2002-06-30,2002-06,25.4,5.419999999999998,1.2408347433727984,2.5364274150026844,0.9882602639782245,1.6586121762882877,7.613096628513594,4.86,2.9,1.7,1.9600000000000004,3.16,3.13,1.3200000000000003,989.8200073242188,-7.24553538081798,-19.157450842317857
2002-07-31,2002-07,32.03,6.630000000000003,1.0692177827799743,2.2580645161290214,0.9362006409068035,1.5933331586257538,7.204494121735094,4.51,2.23,1.71,2.28,2.8,3.25,1.37,911.6199951171875,-7.900427514940766,-24.736011342421726
2002-08-31,2002-08,32.64,0.6099999999999994,1.465614430665152,2.1995708154506355,1.1921635118487872,1.5382604718028992,7.4088291746641,4.14,2.14,1.69,1.9999999999999996,2.4499999999999997,3.32,1.21,916.0700073242188,0.4881433306494376,-19.18787885836395
2002-09-30,2002-09,39.69,7.049999999999997,1.747463359639223,2.3567220139260936,1.402946319749887,1.6877196190874244,7.523170220069408,3.63,1.72,1.57,1.91,2.0599999999999996,3.76,1.25,815.280029296875,-11.002431825242788,-21.6784756865532
2002-10-31,2002-10,31.14,-8.549999999999997,1.516002245929271,2.2447888829502993,1.9328166748640685,2.43569195196931,5.736587552053174,3.93,1.68,1.44,2.25,2.49,3.82,1.4100000000000001,885.760009765625,8.644880033371404,-16.420390526391206
2002-11-30,2002-11,27.5,-3.6400000000000006,2.0270270270270174,2.187833511205972,1.7604514385630265,1.8055156938972639,6.798532879224517,4.22,2.08,1.22,2.1399999999999997,3.0,3.38,1.3100000000000005,936.3099975585938,5.706962070498589,-17.82789611815425
2002-12-31,2002-12,28.62,1.120000000000001,2.2535211267605604,2.020202020202033,1.9299850214074654,1.6976956125504428,6.878886310904875,3.83,1.61,1.22,2.2199999999999998,2.6100000000000003,3.48,1.2400000000000002,879.8200073242188,-6.033257188502883,-23.365963957103563
2003-01-31,2003-01,31.17,2.5500000000000007,2.4802705749718212,1.9639065817409707,2.13367302257077,1.7688863435205926,6.229206874368165,4.0,1.72,1.18,2.2800000000000002,2.8200000000000003,3.16,1.1799999999999997,855.7000122070312,-2.741469268304464,-24.28773233269227
2003-02-28,2003-02,29.63,-1.5400000000000027,2.757456387169399,1.9607843137255054,2.3465153584070197,1.7809056731407091,6.431174348550628,3.71,1.53,1.2,2.1799999999999997,2.51,3.21,1.1099999999999994,841.1500244140625,-1.700360825687175,-23.996815911881452
2003-03-31,2003-03,29.15,-0.4800000000000004,3.146067415730336,1.7979904812268632,2.6046216151830226,1.7268690436001988,6.520709628064547,3.83,1.51,1.14,2.3200000000000003,2.6900000000000004,3.04,1.0600000000000005,848.1799926757812,0.8357567684332823,-26.077446914538015
2003-04-30,2003-04,21.21,-7.939999999999998,3.025210084033625,1.744186046511631,2.589654580732015,1.768901569186876,6.659396583060695,3.89,1.51,1.13,2.38,2.7600000000000002,2.76,1.1099999999999994,916.9199829101562,8.10441071800323,-14.857190367540529
2003-05-31,2003-05,19.47,-1.740000000000002,2.175125488008911,1.4760147601476037,1.9886961093585676,1.598448108632411,7.331746060595035,3.37,1.33,1.11,2.04,2.26,2.85,1.1600000000000001,963.5900268554688,5.0898709609522585,-9.703505291860193
2003-06-30,2003-06,19.52,0.05000000000000071,1.8941504178273005,1.5263157894736867,1.8048075660055396,1.63155107155315,7.904780854874005,3.54,1.32,0.9,2.2199999999999998,2.64,2.81,1.2200000000000006,974.5,1.1322214676852127,-1.547756886187146
2003-07-31,2003-07,19.49,-0.030000000000001137,1.948775055679297,1.4721345951629994,1.788127254837657,1.5270719942218847,8.083481893648825,4.49,1.8,0.96,2.6900000000000004,3.5300000000000002,2.58,1.13,990.3099975585938,1.6223701958536507,8.631886406933265
2003-08-31,2003-08,18.63,-0.8599999999999994,2.055555555555544,1.522309711286085,1.8627361145654664,1.5741646501570505,8.096854896354543,4.45,1.95,0.98,2.5,3.47,2.46,1.13,1008.010009765625,1.7873203593487874,10.036351120146048
2003-09-30,2003-09,22.72,4.09,2.216066481994461,1.3082155939298845,2.0067151797029004,1.4888560601194811,8.314562900164946,3.96,1.5,0.95,2.46,3.01,2.57,1.0700000000000003,995.969970703125,-1.1944364585525724,22.162929903003146
2003-10-31,2003-10,16.1,-6.619999999999997,2.378318584070782,1.2545739675901668,2.141338793182146,1.4646283281178007,7.3715627925048155,4.33,1.85,0.96,2.48,3.37,2.36,1.0300000000000002,1050.7099609375,5.496148663571665,18.62242022142333
2003-11-30,2003-11,16.32,0.21999999999999886,2.041942604856528,1.305483028720622,1.9682118170812668,1.565903790461065,6.358746123249981,4.34,2.06,0.93,2.28,3.4099999999999997,2.33,1.0099999999999998,1058.199951171875,0.7128504071372888,13.018119418900408
2003-12-31,2003-12,18.31,1.9899999999999984,1.9283746556473913,1.094319958311618,1.996176703902619,1.6053460327213998,5.512234938608218,4.27,1.84,0.95,2.4299999999999997,3.3199999999999994,2.34,0.9799999999999995,1111.9200439453125,5.076554077889206,26.38039993281984
2004-01-31,2004-01,16.63,-1.6799999999999997,2.0352035203520247,1.0931806350858997,2.122877447350291,1.6371007968076556,5.0939543897290385,4.16,1.84,0.92,2.3200000000000003,3.24,2.19,0.9000000000000004,1131.1300048828125,1.7276386950755285,32.18768128393372
2004-02-29,2004-02,14.55,-2.0799999999999983,2.026286966046009,1.1434511434511352,2.212406575044379,1.828987730061371,4.645480979336214,3.99,1.66,0.96,2.33,3.0300000000000002,2.21,0.7699999999999996,1144.93994140625,1.220897373761054,36.11602070674667
2004-03-31,2004-03,16.74,2.1899999999999977,1.688453159041381,1.2467532467532516,2.000619147124838,1.8532700260376789,4.678362573099415,3.86,1.6,0.95,2.26,2.91,2.29,0.7800000000000002,1126.2099609375,-1.635891961786684,32.77959521122498
2004-04-30,2004-04,17.19,0.45000000000000284,1.7400761283306032,1.558441558441559,1.8964297201672586,1.8604888243239692,4.933201554086297,4.53,2.31,0.98,2.22,3.5500000000000003,2.05,0.7299999999999995,1107.300048828125,-1.6790751960348183,20.762996713599048
2004-05-31,2004-05,15.5,-1.6900000000000013,2.2925764192139875,1.7662337662337713,2.2592244145734686,2.012448925039134,4.968249936499869,4.66,2.54,1.08,2.12,3.58,2.03,0.71,1120.6800537109375,1.208345009735412,16.302579154758213
2004-06-30,2004-06,14.34,-1.1600000000000001,2.8977583378895444,1.710730948678063,2.709537572254317,2.0057452271398324,5.2034264831609445,4.62,2.7,1.33,1.92,3.29,2.09,0.7700000000000005,1140.8399658203125,1.7988998771432563,17.069262782997697
2004-07-31,2004-07,15.32,0.9800000000000004,3.1676679410158393,1.865284974093262,2.890910965613247,2.110063771945425,4.593315784212448,4.5,2.68,1.45,1.8199999999999998,3.05,2.1,0.7999999999999998,1101.719970703125,-3.4290519520026264,11.250009938220318
2004-08-31,2004-08,15.29,-0.030000000000001137,2.939575394665228,1.7580144777662898,2.684537884239746,1.9755433060888228,4.000595129854023,4.13,2.41,1.59,1.7199999999999998,2.54,2.19,0.8099999999999996,1104.239990234375,0.22873503233691306,9.546530246373708
2004-09-30,2004-09,13.34,-1.9499999999999993,2.5474254742547275,1.7045454545454586,2.391167919671111,1.899903802339109,3.450082690638756,4.14,2.63,1.71,1.5099999999999998,2.4299999999999997,2.11,0.8099999999999996,1114.5799560546875,0.9363875526838816,11.908992122305385
2004-10-31,2004-10,16.27,2.9299999999999997,2.5391680172879516,1.961796592669085,2.2739169847937557,1.9490861288773198,4.482129052420358,4.05,2.56,1.91,1.4899999999999998,2.1399999999999997,2.09,0.7400000000000002,1130.199951171875,1.4014243690939843,7.565359917540881
2004-11-30,2004-11,13.24,-3.0299999999999994,3.1909140075716547,2.0103092783505083,2.700011489410592,1.9820842795861715,5.103789126853386,4.36,3.02,2.23,1.3400000000000003,2.1300000000000003,1.95,0.6800000000000006,1173.8199462890625,3.859493629597055,10.926100968833662
2004-12-31,2004-12,13.29,0.049999999999998934,3.621621621621607,2.216494845360839,2.9656262749897966,2.0625440983771837,5.444819356431574,4.24,3.08,2.22,1.1600000000000001,2.02,1.86,0.6800000000000006,1211.9200439453125,3.245821284320516,8.993452410946755
2005-01-31,2005-01,12.82,-0.46999999999999886,3.3423180592991875,2.2657054582904346,2.7937154125055708,2.0662665005599656,5.773980045441074,4.14,3.29,2.51,0.8499999999999996,1.63,1.75,0.6599999999999993,1181.27001953125,-2.529046744229402,4.432736682078575
2005-02-28,2005-02,12.08,-0.7400000000000002,2.8448738593666034,2.261048304213764,2.53203056685547,2.1714300058992553,5.733217145393854,4.36,3.59,2.76,0.7700000000000005,1.6000000000000005,1.59,0.6200000000000001,1203.5999755859375,1.8903346132113308,5.123415828051159
2005-03-31,2005-03,14.02,1.9399999999999995,3.0530262453133394,2.308876346844535,2.598732880610055,2.1754385964912304,5.179849064000774,4.5,3.8,2.79,0.7000000000000002,1.71,1.64,0.6599999999999993,1180.5899658203125,-1.911765556028966,4.828584968076877
2005-04-30,2005-04,15.31,1.290000000000001,3.2068412613575736,2.35294117647058,2.747509438250484,2.255610878975145,4.715893405219318,4.21,3.66,2.9,0.5499999999999998,1.31,1.76,0.7199999999999998,1156.8499755859375,-2.0108582083263493,4.474841919338135
2005-05-31,2005-05,13.29,-2.0200000000000014,3.3617929562433257,2.1949974476773715,2.844503818718014,2.107509171221089,4.241075029440711,4.0,3.6,2.99,0.3999999999999999,1.0099999999999998,1.9,0.8599999999999994,1191.5,2.995204663120865,6.319372425212211
2005-06-30,2005-06,12.04,-1.25,2.869287991498415,2.1916411824668858,2.5689663835988252,2.176892787718687,3.2394792612776335,3.94,3.66,3.13,0.2799999999999998,0.81,1.87,0.9000000000000004,1191.3299560546875,-0.014271417986777557,4.425685612974695
2005-07-31,2005-07,11.57,-0.46999999999999886,2.541026998411855,2.0345879959308144,2.3411957760769653,2.086365841824356,3.724175281543185,4.28,4.02,3.42,0.2600000000000007,0.8600000000000003,1.67,0.8900000000000006,1234.1800537109375,3.596828690361842,12.02302640690771
2005-08-31,2005-08,12.6,1.0299999999999994,3.067160232681121,2.083333333333326,2.679431825292533,2.1149688098019315,4.0120169763634195,4.02,3.84,3.52,0.17999999999999972,0.49999999999999956,1.77,0.8700000000000001,1220.3299560546875,-1.122210459860007,10.513110089019007
2005-09-30,2005-09,11.92,-0.6799999999999997,3.6469344608879517,2.1330624682579957,3.0408025417156592,2.158872119744104,4.091614169489377,4.34,4.18,3.55,0.16000000000000014,0.79,1.81,0.9000000000000004,1228.81005859375,0.694902431673361,10.248713151401567
2005-10-31,2005-10,15.32,3.4000000000000004,4.741833508956805,1.9240506329113893,3.8300209727354373,2.193265225153729,4.060010704952632,4.57,4.4,3.98,0.16999999999999993,0.5900000000000003,1.83,0.9500000000000002,1207.010009765625,-1.7740779932313488,6.7961477536879755
2005-11-30,2005-11,12.06,-3.26,4.350104821802936,2.071753410813537,3.551362370723954,2.2652200269698497,4.139628201511014,4.49,4.42,3.95,0.07000000000000028,0.54,1.89,0.9699999999999998,1249.47998046875,3.5186096519093324,6.445625193103988
2005-12-31,2005-12,12.07,0.009999999999999787,3.3385498174230532,2.1180030257186067,2.938408578716656,2.306030491944955,3.971090957338874,4.39,4.41,4.08,-0.020000000000000462,0.3099999999999996,1.82,0.9500000000000002,1248.2900390625,-0.09523493171964548,3.0010226581274946
2006-01-31,2006-01,12.95,0.879999999999999,3.3385498174230532,2.114803625377659,2.8836276778752667,2.280881283211489,4.098373414273482,4.53,4.54,4.47,-0.009999999999999787,0.0600000000000005,1.78,0.9500000000000002,1280.0799560546875,2.5466771341108085,8.364720587986074
2006-02-28,2006-02,12.34,-0.6099999999999994,4.018789144050117,2.1105527638190846,3.246937842213904,2.1424798221152175,4.654164334141941,4.55,4.69,4.62,-0.14000000000000057,-0.07000000000000028,1.65,0.9199999999999999,1280.6600341796875,0.04531577283561905,6.402464286877008
2006-03-31,2006-03,11.39,-0.9499999999999993,3.63825363825363,2.106318956870612,3.0222353695212645,2.1377060439560447,4.904564444237369,4.86,4.82,4.63,0.040000000000000036,0.23000000000000043,1.69,0.8799999999999999,1294.8699951171875,1.1095810408889628,9.679908571598727
2006-04-30,2006-04,11.59,0.1999999999999993,3.4179181771103018,2.0989505247376306,2.9136712749615823,2.167928844953937,4.978056231875061,5.07,4.87,4.77,0.20000000000000018,0.3000000000000007,1.67,0.8399999999999999,1310.6099853515625,1.215565291784415,13.291266197913565
2006-05-31,2006-05,16.44,4.850000000000001,3.613835828600931,2.29770229770232,3.102827101944805,2.362185479830381,5.340617165495676,5.12,5.04,4.86,0.08000000000000007,0.2599999999999998,1.66,0.7999999999999998,1270.0899658203125,-3.0916916538203165,6.595884668091689
2006-06-30,2006-06,13.08,-3.360000000000001,3.9772727272727293,2.44389027431422,3.321534862643749,2.4085659581214447,5.165920666769552,5.15,5.16,5.01,-0.009999999999999787,0.14000000000000057,1.67,0.8900000000000006,1270.199951171875,0.008659650459597046,6.620331732308671
2006-07-31,2006-07,14.95,1.8699999999999992,4.1817243159525175,2.6420737786640114,3.511627906976744,2.595788242176078,5.222906460678467,4.99,4.97,5.1,0.020000000000000462,-0.10999999999999943,1.68,0.9100000000000001,1276.6600341796875,0.5085878803453348,3.4419597319711226
2006-08-31,2006-08,12.31,-2.639999999999999,4.104669061056954,2.6879044300647026,3.4273456353752785,2.545755451713405,5.350347673263545,4.74,4.79,5.05,-0.04999999999999982,-0.3099999999999996,1.73,0.9100000000000001,1303.8199462890625,2.127419311502643,6.841591474513753
2006-09-30,2006-09,11.98,-0.33000000000000007,3.926568077511483,2.8344107409249197,3.335882588586636,2.671351969164548,5.303894287061106,4.64,4.71,4.89,-0.07000000000000028,-0.25,1.72,0.9199999999999999,1335.8499755859375,2.4566297967782313,8.71085944028518
2006-10-31,2006-10,11.1,-0.8800000000000008,2.012072434607637,2.930948832588176,2.0800269321406217,2.6060054595086424,5.178439055384931,4.61,4.71,5.08,-0.09999999999999964,-0.46999999999999975,1.64,0.9100000000000001,1377.93994140625,3.1508003585395628,14.161434475080782
2006-11-30,2006-11,10.91,-0.1899999999999995,1.4063284781516971,2.7722772277227747,1.67697016985775,2.4969151484357965,5.385391110642845,4.46,4.62,5.03,-0.16000000000000014,-0.5700000000000003,1.64,0.8700000000000001,1400.6300048828125,1.6466656343095964,12.097034508496707
2006-12-31,2006-12,11.56,0.6500000000000004,1.9687026754164672,2.6172839506172885,1.9246731063020883,2.284218020344375,5.652559040341099,4.71,4.82,5.02,-0.11000000000000032,-0.3099999999999996,1.64,0.8999999999999995,1418.300048828125,1.2615782814670462,13.619431738260701
2007-01-31,2007-01,10.42,-1.1400000000000006,2.5239777889954462,2.6134122287968298,2.2867522344251823,2.31560168275895,5.865905080893574,4.83,4.94,5.12,-0.11000000000000032,-0.29000000000000004,1.57,0.9399999999999995,1438.239990234375,1.4059043023177953,12.35548087692504
2007-02-28,2007-02,15.42,5.0,2.075765178123423,2.657480314960625,2.133263102449301,2.500451019303629,5.768116372713616,4.56,4.65,5.16,-0.09000000000000075,-0.6000000000000005,1.6,0.8900000000000006,1406.8199462890625,-2.1846175991944383,9.85116336438072
2007-03-31,2007-03,14.64,-0.7799999999999994,2.420260782347028,2.71856581532417,2.389213246554367,2.556466816364278,5.619790664278201,4.65,4.58,5.04,0.07000000000000028,-0.3899999999999997,1.75,0.9699999999999998,1420.8599853515625,0.9979982939206433,9.7299335616293
2007-04-30,2007-04,14.22,-0.41999999999999993,2.798197295943927,2.5051395007342103,2.564898622023759,2.376989306541799,5.892780642016149,4.63,4.6,4.91,0.03000000000000025,-0.28000000000000025,1.68,0.9199999999999999,1482.3699951171875,4.3290690426759815,13.10534878303644
2007-05-31,2007-05,13.05,-1.17,2.5929247633283525,2.4155273437499902,2.3307779164438047,2.210973687980511,6.372945099825178,4.9,4.92,4.73,-0.019999999999999574,0.16999999999999993,1.6,0.9199999999999999,1530.6199951171875,3.2549228707361655,20.51272242975375
2007-06-30,2007-06,16.23,3.1799999999999997,2.709885742672613,2.267770204479058,2.352983013477794,2.075642460761662,6.470786797188022,5.03,4.87,4.82,0.16000000000000014,0.20999999999999996,1.59,0.9100000000000001,1503.3499755859375,-1.781632254788501,18.355379733636457
2007-07-31,2007-07,23.52,7.289999999999999,2.692765113974227,2.181641573579407,2.3176341212501006,1.9872662913073214,6.363291397880855,4.78,4.56,4.96,0.22000000000000064,-0.17999999999999972,1.85,0.9199999999999999,1455.27001953125,-3.198187836198829,13.99041096060687
2007-08-31,2007-08,23.38,-0.14000000000000057,2.3178905864958077,2.1682016480853106,2.1247260128685497,2.0411069445103625,6.166589300220493,4.54,4.15,4.01,0.3899999999999997,0.5300000000000002,2.05,0.8600000000000003,1473.989990234375,1.2863572018857905,13.05165214181998
2007-09-30,2007-09,18.0,-5.379999999999999,1.897448478900876,2.0884912959380886,1.873715124816444,1.984841307437235,6.782573536844239,4.59,3.97,3.82,0.6199999999999997,0.77,2.0,0.8499999999999996,1526.75,3.579400817860079,14.290528719763529
2007-10-31,2007-10,18.53,0.5300000000000011,2.8338264299802685,2.101351351351366,2.534687050952855,2.1023258013787016,6.625050342327832,4.48,3.94,3.94,0.5400000000000005,0.5400000000000005,1.99,0.8200000000000003,1549.3800048828125,1.4822338223554832,12.441766025128809
2007-11-30,2007-11,22.87,4.34,3.610698365527476,2.1565510597302495,3.08847488843238,2.183509194344113,6.089949583672549,3.97,3.04,3.15,0.9300000000000002,0.8200000000000003,2.47,0.96,1481.1400146484375,-4.404341737941575,5.748128305473577
2007-12-31,2007-12,22.5,-0.370000000000001,4.373267326732666,2.3387872954764077,3.5996270550330056,2.33584220088241,5.9171261297106925,4.04,3.05,3.36,0.9900000000000002,0.6800000000000002,2.52,1.1600000000000001,1468.3599853515625,-0.8628508561297932,3.5295730663479574
2008-01-31,2008-01,26.2,3.6999999999999993,4.108813392417532,2.4353676117251366,3.471634208298058,2.4033930254476976,5.703309275292701,3.67,2.17,1.96,1.5,1.71,2.96,1.21,1378.550048828125,-6.116343227776988,-4.150207323641652
2008-02-29,2008-02,26.54,0.33999999999999986,4.294695655165981,2.4789069990412305,3.3874068170097082,2.1930442128977656,5.608080581037611,3.53,1.65,1.85,1.88,1.6799999999999997,3.22,1.29,1330.6300048828125,-3.476119273728817,-5.415756409142858
2008-03-31,2008-03,25.61,-0.9299999999999997,4.142959270611968,2.29708083295479,3.2729227281756534,2.072405395279131,6.583687257334292,3.45,1.62,1.38,1.83,2.0700000000000003,3.45,1.38,1322.699951171875,-0.5959623397817415,-6.908494516818964
2008-04-30,2008-04,20.79,-4.82,3.9749035501344343,2.388524386633417,3.1911425710759778,2.169742905934924,7.000362713093944,3.77,2.29,1.43,1.48,2.34,3.1,1.42,1385.5899658203125,4.75466976412291,-6.528736389407563
2008-05-31,2008-05,17.83,-2.960000000000001,3.9037609759888126,2.294669292051843,3.13951867682587,2.0837226686600596,6.515944590992584,4.06,2.66,1.89,1.3999999999999995,2.17,3.0,1.3599999999999994,1400.3800048828125,1.067418170406853,-8.508969610344309
2008-06-30,2008-06,23.95,6.120000000000001,4.088413823123993,2.3222157689781087,3.282143932550441,2.148931950488242,6.486918644721951,3.99,2.63,1.9,1.3600000000000003,2.0900000000000003,3.05,1.3900000000000006,1280.0,-8.596238482631446,-14.856818386476235
2008-07-31,2008-07,22.94,-1.009999999999998,4.935966105947864,2.3917259211376996,3.8114389395462744,2.2140952025996308,6.258404456763356,3.99,2.52,1.68,1.4700000000000002,2.3100000000000005,3.22,1.4900000000000002,1267.3800048828125,-0.9859371185302779,-12.911007038333533
2008-08-31,2008-08,20.65,-2.2900000000000027,5.497512078341837,2.463313612274831,4.135655023597695,2.244499232451047,6.456064601636902,3.83,2.36,1.72,1.4700000000000002,2.1100000000000003,3.29,1.5100000000000007,1282.8299560546875,1.2190464669121548,-12.968882790668868
2008-09-30,2008-09,39.39,18.740000000000002,5.308017162091239,2.4981171756213394,3.9806273062730657,2.217938594453983,5.557959647319732,3.85,2.0,0.92,1.85,2.93,4.0,1.6599999999999993,1166.3599853515625,-9.079143354379216,-23.605044352280167
2008-10-31,2008-10,59.89,20.5,4.953319875136075,2.4386208722122937,3.6678383532060543,2.0439832775532407,6.197221098070949,4.01,1.56,0.46,2.4499999999999997,3.55,5.53,2.6000000000000005,968.75,-16.942452401777075,-37.4749901930436
2008-11-30,2008-11,55.84,-4.049999999999997,3.7310578899565128,2.2213629955157854,2.6718431480336147,1.6344021437811884,7.361236386155268,2.93,1.0,0.01,1.9300000000000002,2.9200000000000004,6.1,3.0900000000000007,896.239990234375,-7.484904233870971,-39.489853668756226
2008-12-31,2008-12,40.0,-15.840000000000003,1.0999174706166848,2.015893915169764,0.9250293343662008,1.3902658335831042,7.692926907802944,2.25,0.76,0.11,1.49,2.14,5.82,3.38,903.25,0.7821576633499472,-38.485793060906715
2009-01-31,2009-01,44.84,4.840000000000003,-0.02222800255385904,1.7624596562335837,0.12956901254774777,1.137827887712839,9.6313419473804,2.87,0.94,0.24,1.9300000000000002,2.63,5.38,3.0900000000000007,825.8800048828125,-8.565734305805428,-40.09067675236928
2009-02-28,2009-02,46.35,1.509999999999998,-0.11358601902212717,1.6723503187990874,-0.11110355304627673,0.9059281457752144,10.26272031925508,3.02,1.0,0.26,2.02,2.76,5.22,2.8100000000000005,735.0900268554688,-10.993119762019942,-44.756241467724344
2009-03-31,2009-03,44.14,-2.210000000000001,0.008463140671510772,1.800980653363804,-0.13124844425335125,0.8878386748950362,9.406891109942128,2.71,0.81,0.21,1.9,2.5,5.74,2.92,797.8699951171875,8.540446199532292,-39.678685675440065
2009-04-30,2009-04,36.5,-7.640000000000001,-0.4464787676623838,1.7876130957932945,-0.5257516782309568,0.762458642915198,9.34028683181225,3.16,0.91,0.14,2.25,3.02,5.08,3.000000000000001,872.8099975585938,9.392507914826332,-37.00806017010502
2009-05-31,2009-05,28.92,-7.579999999999998,-0.5763244243767063,1.93232662192393,-0.5675739591662121,0.9279176201372863,8.798703403565655,3.47,0.92,0.14,2.5500000000000003,3.33,4.29,2.5200000000000005,919.1400146484375,5.308144638516654,-34.364957265627794
2009-06-30,2009-06,26.35,-2.5700000000000003,-1.015761495855172,1.8461309413034588,-0.8892128279883504,0.8223026759099472,9.371925645937985,3.53,1.11,0.19,2.42,3.34,3.64,1.8899999999999997,919.3200073242188,0.019582726560996022,-28.178124427795414
2009-07-31,2009-07,25.92,-0.4299999999999997,-1.2291746182109153,1.7119726678550107,-1.018624689681269,0.7201458523245163,9.238239130154046,3.52,1.13,0.18,2.39,3.34,3.11,1.6799999999999997,987.47998046875,7.414172714778422,-22.084932958993875
2009-08-31,2009-08,26.01,0.08999999999999986,-1.9587610037622771,1.5270992984974363,-1.4660091971854472,0.6255829295479742,8.628966012937678,3.4,0.97,0.15,2.4299999999999997,3.25,2.98,1.3200000000000003,1020.6199951171875,3.356018886854417,-20.43996242057836
2009-09-30,2009-09,25.61,-0.40000000000000213,-1.4838355663267633,1.4339650543224725,-1.1001197711041022,0.6509440392611365,8.41938046068309,3.31,0.95,0.14,2.3600000000000003,3.17,2.86,1.1799999999999997,1057.0799560546875,3.5723345723119637,-9.36932256501718
2009-10-31,2009-10,30.69,5.080000000000002,-1.377942862886472,1.4798373886199645,-1.0227486786264395,0.7251804439602383,7.484375793912923,3.41,0.9,0.05,2.5100000000000002,3.3600000000000003,2.86,1.1399999999999997,1036.18994140625,-1.9762000526814205,6.96154233870967
2009-11-30,2009-11,24.51,-6.18,-0.22396829420033848,1.7127331771131127,0.013385238313023962,1.2398995351797337,6.432682541473866,3.21,0.67,0.06,2.54,3.15,2.99,1.13,1095.6300048828125,5.736406145372763,22.247390969052283
2009-12-31,2009-12,21.68,-2.830000000000002,1.9145871744709275,1.714243571010421,1.4606120122357291,1.373476441695476,6.104397657904581,3.85,1.14,0.06,2.71,3.79,2.54,1.1100000000000003,1115.0999755859375,1.7770570919338313,23.45419048834072
2010-01-31,2010-01,24.62,2.9400000000000013,2.8141231232083674,1.8236717759594345,2.089718268292118,1.5095155217327072,3.7478518410179573,3.63,0.82,0.08,2.81,3.55,2.57,0.9900000000000002,1073.8699951171875,-3.6974245692262153,30.027363390346686
2010-02-28,2010-02,19.5,-5.120000000000001,2.6211113889767157,1.5123351706495702,2.301720615608116,1.690903711795344,2.2765110387260368,3.61,0.81,0.13,2.8,3.48,2.62,0.9900000000000002,1104.489990234375,2.8513689046546054,50.25234323462486
2010-03-31,2010-03,17.59,-1.9100000000000001,2.151336357866529,1.3494526888039982,2.1163301837627158,1.698653811169737,2.5002103542365317,3.84,1.02,0.16,2.82,3.6799999999999997,2.47,1.0,1169.4300537109375,5.8796425545497355,46.56899756446875
2010-04-30,2010-04,22.05,4.460000000000001,2.2861714393279886,1.1592051426555505,2.3727160339801934,1.7769698346872698,1.6347896594486322,3.69,0.97,0.16,2.7199999999999998,3.53,2.38,0.96,1186.68994140625,1.4759230482012997,35.96200143509296
2010-05-31,2010-05,32.07,10.02,2.2067707525304403,0.9675088932173947,2.282122430488709,1.6029746856967897,1.9508765239360626,3.31,0.76,0.16,2.55,3.15,2.89,1.0899999999999999,1089.4100341796875,-8.197584207319053,18.52492730352695
2010-06-30,2010-06,34.54,2.469999999999999,2.003548929218568,0.9401381427474931,2.20846957131704,1.636855877388732,1.891303318657389,2.97,0.61,0.18,2.3600000000000003,2.79,3.08,1.3500000000000005,1030.7099609375,-5.388244223983851,12.116559274881201
2010-07-31,2010-07,23.5,-11.04,1.1215605940686268,0.9501989849939774,1.5622188231059875,1.555570639876902,1.9954369746906009,2.94,0.55,0.15,2.3899999999999997,2.79,2.91,1.29,1101.5999755859375,6.8777849574635175,11.55668948984825
2010-08-31,2010-08,26.05,2.5500000000000007,1.3407784804821077,0.9577539302116689,1.6373900721981194,1.4705882352941124,2.0795179299344158,2.47,0.47,0.14,2.0,2.33,3.01,1.17,1049.3299560546875,-4.744918363260475,2.8129922081531866
2010-09-30,2010-09,23.7,-2.3500000000000014,1.1501775395112546,0.9171009950067255,1.4823951558645243,1.4176232237384179,2.6574500768049125,2.53,0.42,0.16,2.11,2.3699999999999997,3.05,1.13,1141.199951171875,8.755110305113556,7.957770330935654
2010-10-31,2010-10,21.2,-2.5,1.1183122472331775,0.8143870498363182,1.419551296404098,1.2968283476987308,3.038432447764028,2.63,0.34,0.12,2.29,2.51,3.15,1.04,1183.260009765625,3.685599403554063,14.19335031951585
2010-11-30,2010-11,23.54,2.34,1.1666951489314625,0.6027183550187942,1.3584198610352205,1.0787813475225283,3.3047043438306334,2.81,0.45,0.17,2.36,2.64,3.03,1.0499999999999998,1180.550048828125,-0.22902497465766558,7.750795758317652
2010-12-31,2010-12,17.75,-5.789999999999999,1.084544776600338,0.672056411046551,1.3071968137772894,1.1215791834903621,3.1936127744510934,3.3,0.61,0.12,2.69,3.1799999999999997,2.68,1.08,1257.6400146484375,6.530004034715509,12.782713853760175
2011-01-31,2011-01,19.53,1.7800000000000011,1.437793022217937,0.6618948664665503,1.477668197333748,1.056748397507734,3.6535795681492456,3.42,0.58,0.15,2.84,3.27,2.68,1.0499999999999998,1286.1199951171875,2.2645574359139164,19.764962329247115
2011-02-28,2011-02,18.35,-1.1799999999999997,1.7007834915029774,0.9835337415527112,1.5598650927487467,1.1234446334258408,4.379725633131626,3.42,0.69,0.15,2.73,3.27,2.57,0.9300000000000006,1327.219970703125,3.1956563728093412,20.16586681980579
2011-03-31,2011-03,17.74,-0.610000000000003,2.124898173333145,1.124445592146106,1.8450307320212023,1.2119043892404369,4.52663797450541,3.47,0.8,0.09,2.67,3.3800000000000003,2.58,0.9000000000000004,1325.8299560546875,-0.10473129391664893,13.37402795895728
2011-04-30,2011-04,14.75,-2.9899999999999984,2.619241510354109,1.2097851736773357,2.1105460830258993,1.2145703792183493,5.256056784184904,3.32,0.61,0.04,2.71,3.28,2.58,0.8599999999999994,1363.6099853515625,2.8495380666536008,14.908700054848278
2011-05-31,2011-05,15.45,0.6999999999999993,3.0772344447868694,1.3155392125784537,2.488096556306063,1.3947001394700065,5.6143919203254455,3.05,0.45,0.06,2.5999999999999996,2.9899999999999998,2.65,0.8200000000000003,1345.199951171875,-1.350095289522324,23.479673306368444
2011-06-30,2011-06,16.52,1.0700000000000003,3.4589718808964998,1.4540961794335727,2.7662471357885243,1.5235611430609364,5.793936577999759,3.18,0.45,0.03,2.73,3.1500000000000004,2.72,0.7599999999999998,1320.6400146484375,-1.8257461652479323,28.129159967293482
2011-07-31,2011-07,25.25,8.73,3.5023181506360412,1.5836776766096738,2.7884519551278464,1.5863290518787654,6.420880611026769,2.82,0.36,0.1,2.46,2.7199999999999998,2.77,0.8300000000000001,1292.280029296875,-2.147442530666621,17.30937345105834
2011-08-31,2011-08,31.62,6.370000000000001,3.5798809769996165,1.741483445742964,2.875699838456258,1.7344517595160758,8.156722032525042,2.23,0.2,0.02,2.03,2.21,3.25,0.9900000000000002,1218.8900146484375,-5.679110795232889,16.158888595086786
2011-09-30,2011-09,42.96,11.34,3.75499603070808,1.9651571719433658,2.9767297960266115,1.8396305158310478,9.704301384684456,1.92,0.25,0.02,1.67,1.9,3.3,1.1799999999999997,1131.4200439453125,-7.1761988080896515,-0.8569845465310144
2011-10-31,2011-10,29.96,-13.0,3.812621692818685,1.9877227562006272,3.0190303779583205,1.8508219696126815,9.551882734811379,2.17,0.25,0.01,1.92,2.16,3.02,1.3900000000000001,1253.300048828125,10.772303843744147,5.919243317990031
2011-11-30,2011-11,27.8,-2.16,3.5222681306640524,2.1079204796465634,2.693632332390705,1.744721966171725,9.306144792664561,2.08,0.25,0.01,1.83,2.0700000000000003,3.24,1.2699999999999996,1246.9599609375,-0.5058715107011391,5.625336441711792
2011-12-31,2011-12,23.4,-4.400000000000002,3.451432214581729,2.138204538395394,2.6992598449408156,1.8278615794143915,9.642735237228361,1.89,0.25,0.02,1.64,1.8699999999999999,3.27,1.3199999999999998,1257.5999755859375,0.8532763666636134,-0.0031836663936912757
2012-01-31,2012-01,19.44,-3.9599999999999973,3.062066838419386,2.276662633858506,2.5266248849541872,1.9749609110768507,9.754964185329573,1.83,0.22,0.06,1.61,1.77,3.24,1.3800000000000003,1312.4100341796875,4.358306270498535,2.0441357853319575
2012-02-29,2012-02,18.43,-1.0100000000000016,3.0087663379855023,2.2773481506083826,2.569312446745764,2.0614792192271914,10.267826873093,1.98,0.3,0.08,1.68,1.9,3.1,1.2899999999999996,1365.6800537109375,4.058946376811723,2.8977926686438726
2012-03-31,2012-03,15.5,-2.9299999999999997,2.8981784423473878,2.1598204405657295,2.5131540246413397,2.0258477852645562,10.058003208688149,2.23,0.33,0.07,1.9,2.16,3.07,1.2400000000000002,1408.469970703125,3.133231453144192,6.2330779502336675
2012-04-30,2012-04,17.15,1.6499999999999986,2.5828752813320977,2.2483374654291177,2.2980274721697835,2.044845423362407,9.835590480967493,1.95,0.27,0.1,1.68,1.8499999999999999,3.2,1.2300000000000004,1397.9100341796875,-0.7497452372495994,2.515385571870965
2012-05-31,2012-05,24.06,6.91,2.2731633741348567,2.314427851801515,1.9998487418563693,1.9653370013755112,9.657889785392527,1.59,0.27,0.07,1.32,1.52,3.4,1.2700000000000005,1310.3299560546875,-6.2650725714543665,-2.592179332656863
2012-06-30,2012-06,17.08,-6.98,1.7379429374660749,2.252258280361308,1.5769404769598871,1.826744683887549,9.262390478490978,1.67,0.33,0.09,1.3399999999999999,1.5799999999999998,3.39,1.3799999999999994,1362.1600341796875,3.955498222833631,3.143931659703858
2012-07-31,2012-07,18.93,1.8500000000000014,1.653870448297634,2.192285611289857,1.5460196726963193,1.8192584794552102,9.142788686683879,1.51,0.23,0.11,1.28,1.4,3.27,1.4700000000000002,1379.3199462890625,1.259757420478791,6.735375848804659
2012-08-31,2012-08,17.47,-1.4600000000000009,1.4175114798464783,2.109955687378462,1.4100261354958565,1.7738650548584145,7.815543331692387,1.57,0.22,0.09,1.35,1.48,3.21,1.4300000000000002,1406.5799560546875,1.9763369506085704,15.39843128999503
2012-09-30,2012-09,15.73,-1.7399999999999984,1.6859349154821235,1.9352524993137443,1.51186746212284,1.6359225422913903,6.448431434267121,1.65,0.23,0.1,1.42,1.5499999999999998,3.07,1.3499999999999996,1440.6700439453125,2.4236153617775313,27.332908026061787
2012-10-31,2012-10,18.6,2.870000000000001,1.9497168982819613,2.0082434834909124,1.6779710051753494,1.6916020530741482,7.062765010731309,1.72,0.3,0.11,1.42,1.6099999999999999,2.73,1.1099999999999999,1412.1600341796875,-1.9789409716293949,12.675335447413527
2012-11-30,2012-11,15.87,-2.730000000000002,2.1556780595369363,1.9946491483669337,1.9768774978838444,1.889449210819305,7.38700388130713,1.62,0.25,0.08,1.37,1.54,2.95,1.0099999999999998,1416.1800537109375,0.28467166850427716,13.570611573302882
2012-12-31,2012-12,18.02,2.1500000000000004,1.7960197033926262,1.9528512686261434,1.6991017964071764,1.7830690135935745,7.527629326000107,1.78,0.25,0.05,1.53,1.73,2.85,0.98,1426.18994140625,0.7068230956284616,13.40569092662105
2013-01-31,2013-01,14.28,-3.74,1.7595049796895523,1.8996943778720743,1.6243828413875505,1.6898651587646807,8.263199743904837,2.02,0.27,0.07,1.75,1.95,2.82,0.9300000000000006,1498.1099853515625,5.0428096466868855,14.149537593862238
2013-02-28,2013-02,15.51,1.2300000000000004,1.684061762098299,1.9098022178631435,1.4708075063369241,1.5915867078657886,7.6914405181601975,1.89,0.25,0.11,1.64,1.7799999999999998,2.89,0.9499999999999997,1514.6800537109375,1.1060648765041536,10.910315311051445
2013-03-31,2013-03,12.7,-2.8100000000000005,2.0181404902574807,1.9887385214485631,1.6046076681118793,1.5601316530249987,7.316153234520595,1.87,0.25,0.07,1.62,1.8,2.96,0.9199999999999995,1569.18994140625,3.5987723982872977,11.410961827101772
2013-04-30,2013-04,13.52,0.8200000000000003,1.5187472411246183,1.8890221377988237,1.276992915022701,1.4807449119659477,7.407219476552429,1.7,0.22,0.05,1.48,1.65,2.83,0.8599999999999999,1597.5699462890625,1.8085767779890016,14.28274404128862
2013-05-31,2013-05,16.3,2.780000000000001,1.138808047576867,1.715558856294086,1.0412253198881505,1.3770626261318197,7.101547281407372,2.16,0.3,0.04,1.86,2.12,2.79,0.8400000000000003,1630.739990234375,2.0762811683057825,24.452622234511058
2013-06-30,2013-06,16.86,0.5599999999999987,1.3903888279197085,1.6455519491850756,1.2290301372187118,1.3929168238908884,6.980927306710627,2.52,0.36,0.04,2.16,2.48,2.83,0.9200000000000008,1606.280029296875,-1.4999301595580827,17.921535575238057
2013-07-31,2013-07,13.45,-3.41,1.7157935271568725,1.6230952474272975,1.5055063976064709,1.4636510500807942,6.802307016843612,2.6,0.31,0.04,2.29,2.56,2.68,0.9800000000000004,1685.72998046875,4.946207991308538,22.214572841062473
2013-08-31,2013-08,17.01,3.5600000000000023,1.885471805415806,1.7002217680567089,1.5951128457492025,1.4879607514040272,6.633579830264513,2.78,0.39,0.03,2.3899999999999997,2.75,2.56,0.8799999999999999,1632.969970703125,-3.1298019479343964,16.095069012887
2013-09-30,2013-09,16.6,-0.41000000000000014,1.538809488600279,1.782107690904433,1.4047883304264985,1.5332509004892136,6.46191452452296,2.64,0.33,0.02,2.31,2.62,2.75,0.8300000000000001,1681.550048828125,2.974952325919533,16.71999816301839
2013-10-31,2013-10,13.75,-2.8500000000000014,1.0947341081747997,1.7519368418314363,1.1412854478201728,1.529226044094134,6.218401932310447,2.57,0.31,0.04,2.26,2.53,2.65,0.7799999999999994,1756.5400390625,4.459575276194472,24.386754797437682
2013-11-30,2013-11,13.7,-0.05000000000000071,0.8767991434911471,1.686837731144819,0.9761069199571093,1.4548181477315403,6.741867785939126,2.75,0.28,0.06,2.4699999999999998,2.69,2.61,0.75,1805.81005859375,2.8049471367328715,27.512744856265403
2013-12-31,2013-12,13.72,0.02000000000000135,1.2328701961954458,1.7416677473738762,1.1954704602088029,1.5142597249719225,6.115673766394192,3.04,0.38,0.07,2.66,2.97,2.33,0.7599999999999998,1848.3599853515625,2.3562791975445974,29.601249573324353
2014-01-31,2014-01,18.41,4.6899999999999995,1.5128383667573297,1.7408566188369834,1.3881001955959427,1.5473618923369736,5.4940338226457275,2.67,0.34,0.02,2.33,2.65,2.4,0.7000000000000002,1782.5899658203125,-3.5582905955811595,18.989258682632105
2014-02-28,2014-02,14.0,-4.41,1.557758795574915,1.6070344358370292,1.4054054054054133,1.4524615006989983,5.925904778218705,2.66,0.33,0.05,2.33,2.6100000000000003,2.35,0.6499999999999995,1859.449951171875,4.31170301781616,22.761895927543097
2014-03-31,2014-03,13.88,-0.11999999999999922,1.1204746347724948,1.5548073904948723,1.0939820528374389,1.3901177975587542,6.3576347660888155,2.73,0.44,0.05,2.29,2.68,2.26,0.6799999999999997,1872.3399658203125,0.6932165418227054,19.318886542338575
2014-04-30,2014-04,13.41,-0.47000000000000064,1.6126949139408042,1.6456609706435588,1.38970341823057,1.447423075694143,6.130123396133724,2.67,0.42,0.03,2.25,2.64,2.16,0.6600000000000001,1883.949951171875,0.6200789153414155,17.925975982963017
2014-05-31,2014-05,11.4,-2.01,2.015125303606169,1.8210555250137483,1.6731138157687786,1.5712658483877373,6.28009763176991,2.48,0.37,0.04,2.11,2.44,2.22,0.5999999999999996,1923.5699462890625,2.103028007328045,17.956875885076016
2014-06-30,2014-06,11.57,0.16999999999999993,2.166947687079812,1.9455269618362525,1.7661662878033946,1.62365625697789,6.544180498022745,2.53,0.47,0.04,2.0599999999999996,2.4899999999999998,2.18,0.5499999999999998,1960.22998046875,1.9058331749470137,22.035382667791193
2014-07-31,2014-07,16.95,5.379999999999999,2.0589816945944195,1.9228626526676562,1.6514586142380772,1.5635448842467259,6.491455906122412,2.58,0.53,0.03,2.05,2.5500000000000003,2.17,0.5700000000000003,1930.6700439453125,-1.5079830845342368,14.530207465874945
2014-08-31,2014-08,11.98,-4.969999999999999,1.9742378703305974,1.8449632290063356,1.6692416903290486,1.6103213221808854,6.610939419890549,2.35,0.48,0.03,1.87,2.3200000000000003,2.23,0.6100000000000003,2003.3699951171875,3.7655295579825276,22.682598642923946
2014-09-30,2014-09,16.31,4.329999999999998,1.7150983482969062,1.73639560289498,1.5062438759980923,1.5397485995065185,6.259489686331143,2.52,0.58,0.02,1.94,2.5,2.29,0.6899999999999995,1972.2900390625,-1.5513837249453988,17.289999214533758
2014-10-31,2014-10,14.03,-2.2799999999999994,1.6840509711232077,1.7409458883681284,1.4972493123280861,1.5548480585553692,6.049530473209352,2.35,0.5,0.01,1.85,2.3400000000000003,2.39,0.7700000000000005,2018.050048828125,2.3201460667203078,14.887790995370542
2014-11-30,2014-11,13.33,-0.6999999999999993,1.6095417021513292,1.817632310436279,1.3329448612426242,1.4709143321753215,5.523242583945476,2.18,0.47,0.02,1.7100000000000002,2.16,2.52,0.8700000000000001,2067.56005859375,2.453358864631494,14.494879943455086
2014-12-31,2014-12,19.2,5.869999999999999,1.231524989320798,1.7415947552462452,1.0857594081832067,1.392578536791067,5.807777656517166,2.17,0.67,0.04,1.5,2.13,2.51,0.9500000000000002,2058.89990234375,-0.4188587515997044,11.390633786748117
2015-01-31,2015-01,20.97,1.7699999999999996,0.6531213919623191,1.6224195046636636,0.7322588005891362,1.3563462895293865,5.9447925425629045,1.68,0.47,0.02,1.21,1.66,2.61,0.9900000000000002,1994.989990234375,-3.1040805838410623,11.91524851405299
2015-02-28,2015-02,13.34,-7.629999999999999,-0.22993097820542818,1.631625565241701,0.04140186722421113,1.2097113523521053,6.058863693535077,2.0,0.63,0.02,1.37,1.98,2.46,0.8999999999999999,2104.5,5.48925108906233,13.178631060959066
2015-03-31,2015-03,15.29,1.9499999999999993,-0.08703146293520536,1.6880834938713285,0.1707014276846719,1.2774816263445121,6.483995427264944,1.94,0.56,0.03,1.38,1.91,2.55,0.8999999999999999,2067.889892578125,-1.7396107114219572,10.444146379802222
2015-04-30,2015-04,14.55,-0.7399999999999984,-0.022031284423873476,1.7453777073428434,0.19934927438929329,1.2808398950131306,6.1241386678062115,2.05,0.58,0.01,1.4699999999999998,2.04,2.6,0.9600000000000004,2085.510009765625,0.8520819822535275,10.69880112623871
2015-05-31,2015-05,13.84,-0.7100000000000009,-0.10403098939391064,1.802827832894649,0.11032406404982709,1.2943728841981805,6.002110359381785,2.12,0.61,0.01,1.5100000000000002,2.1100000000000003,2.72,0.9099999999999997,2107.389892578125,1.0491382304589791,9.556187267517192
2015-06-30,2015-06,18.23,4.390000000000001,0.03503321824429584,1.7509440952473199,0.18528621573490334,1.2472011216439594,5.640582572204411,2.35,0.64,0.01,1.71,2.3400000000000003,2.83,0.9399999999999995,2063.110107421875,-2.1011671979729973,5.248370241155231
2015-07-31,2015-07,12.12,-6.110000000000001,0.1795718097550525,1.7772676244655061,0.27042867572208973,1.254154386404971,5.484247374562434,2.2,0.67,0.08,1.5300000000000002,2.12,2.94,1.0499999999999998,2103.840087890625,1.9742029435184882,8.969427193858603
2015-08-31,2015-08,28.43,16.310000000000002,0.22568611104094582,1.8346312894897077,0.2197328295222345,1.1789500041732737,5.361040775342696,2.21,0.74,0.08,1.47,2.13,3.15,1.1500000000000004,1972.1800537109375,-6.258081825586559,-1.5568737418584333
2015-09-30,2015-09,24.5,-3.9299999999999997,0.2413037985344868,1.8506323273421277,0.23927130079379744,1.2212546279397163,5.53004626523661,2.06,0.64,0.0,1.42,2.06,3.29,1.2699999999999996,1920.030029296875,-2.6442831280001466,-2.6497121990468497
2015-10-31,2015-10,15.07,-9.43,0.008842961634170088,1.8970961446650891,0.06569964994405098,1.2321248164310905,5.684471877143182,2.16,0.75,0.08,1.4100000000000001,2.08,3.19,1.3899999999999997,2079.360107421875,8.298311781266655,3.0380841460970087
2015-11-30,2015-11,16.13,1.0599999999999987,0.12761656067050708,1.9135335359607986,0.09549823379610967,1.1779886779886617,5.452381157757635,2.21,0.94,0.22,1.27,1.99,3.2,1.4000000000000004,2080.409912109375,0.050486911033487125,0.62149844026127
2015-12-31,2015-12,18.21,2.080000000000002,0.4363182169185187,1.9974275238246353,0.2538775426298434,1.1967020513407034,5.868903749290877,2.27,1.06,0.16,1.21,2.11,3.23,1.4899999999999998,2043.93994140625,-1.7530185032692547,-0.7265997205823549
2016-01-31,2016-01,20.2,1.9899999999999984,0.6387247515364791,2.0715072792840905,0.34596375617792496,1.191700692994213,5.72045470062128,1.94,0.76,0.33,1.18,1.6099999999999999,3.48,1.4500000000000002,1940.239990234375,-5.07353220469523,-2.744374671953509
2016-02-29,2016-02,20.55,0.3500000000000014,1.2375025026943876,2.145022538582464,0.8711486332691809,1.4062402560957699,6.042252566665529,1.74,0.78,0.33,0.96,1.41,3.55,1.38,1932.22998046875,-0.41283603090035426,-8.185793277797583
2016-03-31,2016-03,13.95,-6.600000000000001,0.8472775790126619,2.222573822094165,0.640330493157748,1.4658859681907055,5.712584292280343,1.78,0.73,0.21,1.05,1.57,3.12,1.31,2059.739990234375,6.599111444005845,-0.3941168421491281
2016-04-30,2016-04,15.7,1.75,0.8916160965521946,2.142426948557663,0.6855104733630268,1.4574479112677619,6.218698880080531,1.83,0.77,0.22,1.06,1.61,2.86,1.17,2065.300048828125,0.26993982833325436,-0.9690656406761256
2016-05-31,2016-05,14.19,-1.5099999999999998,1.1726257503534843,2.156654761214183,0.9259068531526138,1.5199486797450534,6.596623893731279,1.84,0.87,0.34,0.9700000000000001,1.5,2.84,1.0299999999999998,2096.949951171875,1.5324602525288444,-0.49539676749033035
2016-06-30,2016-06,15.63,1.4400000000000013,1.0784764621246223,2.2545595974976074,0.8486853596638255,1.5687328193787042,6.838248794084745,1.49,0.58,0.26,0.91,1.23,2.92,1.0300000000000002,2098.860107421875,0.09109212401243738,1.7328207482185443
2016-07-31,2016-07,11.87,-3.7600000000000016,1.0792865347959424,2.2622116465067066,0.8296074490339977,1.5524039553270974,6.897498170204264,1.46,0.67,0.28,0.7899999999999999,1.18,2.71,0.94,2173.60009765625,3.5609800753315435,3.315841834517408
2016-08-31,2016-08,13.42,1.5500000000000007,0.8683633430518256,2.1701399624842965,0.7550842682239489,1.5993318072140106,7.001740283417579,1.58,0.8,0.33,0.78,1.25,2.61,0.9200000000000004,2170.949951171875,-0.12192428990193127,10.078689168715794
2016-09-30,2016-09,13.29,-0.13000000000000078,1.0553158595656864,2.3087345614186683,0.8882104659263312,1.6969584569733076,7.246532364597091,1.6,0.77,0.29,0.8300000000000001,1.31,2.69,0.8999999999999995,2168.27001953125,-0.12344511393173052,12.92896394569838
2016-10-31,2016-10,17.06,3.7699999999999996,1.5486446201652182,2.271120682569183,1.2197749212634612,1.6852545372237682,7.236793467992997,1.84,0.86,0.34,0.9800000000000001,1.5,2.61,0.8700000000000001,2126.14990234375,-1.942567890903446,2.2502016247627266
2016-11-30,2016-11,13.33,-3.7299999999999986,1.685924966243646,2.2045551507991146,1.4270032930845167,1.7824083597317797,7.342211170369395,2.37,1.11,0.48,1.26,1.8900000000000001,2.45,0.8500000000000001,2198.81005859375,3.4174521829295035,5.6911931535803095
2016-12-31,2016-12,14.04,0.7099999999999991,1.6843334719788938,2.1454219398053587,1.3974040886628902,1.7188591624542893,7.239587561906324,2.45,1.2,0.51,1.2500000000000002,1.9400000000000002,2.28,0.7700000000000005,2238.830078125,1.8200762441865859,9.535022667283656
2017-01-31,2017-01,11.99,-2.049999999999999,2.0507989115119862,2.197123661300271,1.6571581021178838,1.770093227647962,6.837317059388592,2.45,1.19,0.52,1.2600000000000002,1.9300000000000002,2.23,0.7400000000000002,2278.8701171875,1.7884358198382522,17.453002136721206
2017-02-28,2017-02,12.92,0.9299999999999997,2.5103933482571117,2.2502092221020176,2.0052104701731244,1.863334939067518,6.368175100850748,2.36,1.22,0.53,1.14,1.8299999999999998,2.19,0.6899999999999995,2363.639892578125,3.719816006681631,22.327047839549465
2017-03-31,2017-03,12.37,-0.5500000000000007,2.8103616813294208,2.2353468290497336,2.1971368464261953,1.867275108455435,6.275041852125129,2.4,1.27,0.76,1.13,1.64,2.24,0.6699999999999999,2362.719970703125,-0.03891971352694146,14.709622666221778
2017-04-30,2017-04,10.82,-1.549999999999999,2.44119623655914,2.045845481938735,1.9063610209576698,1.6786546242183897,6.332432987410952,2.29,1.28,0.8,1.01,1.49,2.28,0.7000000000000002,2384.199951171875,0.9091208748854607,15.440850956484375
2017-05-31,2017-05,10.41,-0.41000000000000014,2.176223471915395,1.8965650108902388,1.76747318686028,1.6368213459441172,6.1091405612405,2.21,1.28,0.98,0.9299999999999999,1.23,2.23,0.6999999999999997,2411.800048828125,1.1576251246328662,15.014669161765015
2017-06-30,2017-06,11.18,0.7699999999999996,1.8563431667619756,1.7370931912259246,1.557772049759043,1.545521142810613,5.990470239025147,2.31,1.38,1.03,0.9300000000000002,1.28,2.09,0.69,2423.409912109375,0.4813775207812565,15.46314609248347
2017-07-31,2017-07,10.26,-0.9199999999999999,1.640565809959127,1.6991193342490218,1.4655479277905004,1.5764438029800987,5.664267652207733,2.3,1.34,1.07,0.9599999999999997,1.2299999999999998,2.06,0.6899999999999995,2470.300048828125,1.9348826001101882,13.650162764153384
2017-08-31,2017-08,10.59,0.33000000000000007,1.7251073506566073,1.6769627444729984,1.4856317748266346,1.5031107592688553,5.662993052920173,2.12,1.33,1.01,0.79,1.11,2.14,0.6799999999999997,2471.64990234375,0.0546433019853243,13.851077083078668
2017-09-30,2017-09,9.51,-1.08,1.92812155729698,1.6552412618799472,1.5719087318108338,1.433593710424197,5.450472297281683,2.33,1.47,1.06,0.8600000000000001,1.27,2.0,0.6699999999999999,2519.360107421875,1.9302978562167672,16.1921755467765
2017-10-31,2017-10,10.18,0.6699999999999999,2.1805652303711787,1.5953898457655935,1.757444307056133,1.4225873687192525,5.2869037679338815,2.38,1.6,1.15,0.7799999999999998,1.23,1.91,0.7200000000000002,2575.260009765625,2.218813506615125,21.123162902427573
2017-11-30,2017-11,11.28,1.0999999999999996,2.020757753132485,1.7596390813271245,1.6820407007323013,1.5410111053849596,5.161246075532677,2.42,1.78,1.27,0.6399999999999999,1.15,1.88,0.6999999999999997,2647.580078125,2.8082627806563343,20.409676487393426
2017-12-31,2017-12,11.04,-0.2400000000000002,2.172493864295566,1.7376072726981162,1.7937129048240186,1.5453764961365524,4.805923368688814,2.4,1.89,1.39,0.51,1.01,1.77,0.71,2673.610107421875,0.9831630594270502,19.419965523287928
2018-01-31,2018-01,13.54,2.5,2.129930719552253,1.770166453265043,1.7664099484208329,1.5768765133171936,4.887078859681604,2.72,2.14,1.46,0.5800000000000001,1.2600000000000002,1.56,0.71,2823.81005859375,5.617870412552817,23.91272487608005
2018-02-28,2018-02,19.85,6.310000000000002,2.151318868063945,1.8912671130328462,1.7576494957315614,1.6320370277204788,4.3903061799229315,2.87,2.25,1.65,0.6200000000000001,1.2200000000000002,1.68,0.69,2713.830078125,-3.89473718793677,14.815716499221354
2018-03-31,2018-03,19.97,0.11999999999999744,2.263468931091861,1.87770420481439,1.8376076958608545,1.6442181175359671,4.139666139098752,2.74,2.27,1.73,0.4700000000000002,1.0100000000000002,1.85,0.7699999999999996,2640.8701171875,-2.688449860055664,11.772455048983232
2018-04-30,2018-04,15.93,-4.039999999999999,2.3309497646499366,2.1227843662331214,1.998292058070028,1.909183171052753,4.078403992988511,2.95,2.49,1.87,0.45999999999999996,1.08,1.79,0.8199999999999998,2648.050048828125,0.27187749953683227,11.066609473193022
2018-05-31,2018-05,15.43,-0.5,2.4709963021052994,2.150644636125887,2.0466282276259795,1.8842192874261698,3.802776278130704,2.83,2.4,1.93,0.43000000000000016,0.9000000000000001,1.89,0.8300000000000001,2705.27001953125,2.16083418545836,12.168088761990026
2018-06-30,2018-06,16.09,0.6600000000000001,2.781921607842497,2.272998448872432,2.2662065367869744,1.9809023776840462,3.858087243623287,2.85,2.52,1.93,0.33000000000000007,0.9200000000000002,1.99,0.8700000000000001,2718.3701171875,0.48424362676078303,12.171288216832732
2018-07-31,2018-07,12.83,-3.26,2.8075506935940187,2.245517307127032,2.268307840346395,1.9362198184856405,4.099259968336955,2.96,2.67,2.03,0.29000000000000004,0.9300000000000002,1.83,0.9199999999999999,2816.2900390625,3.602155617289915,14.005990502996092
2018-08-31,2018-08,12.86,0.02999999999999936,2.854124785561929,2.267595293370639,2.3386070559001215,1.9958004199579937,3.8957421700346773,2.86,2.62,2.11,0.23999999999999977,0.75,1.92,0.8899999999999997,2901.52001953125,3.0263211276748248,17.392030998398035
2018-09-30,2018-09,12.12,-0.7400000000000002,2.6429238568742575,2.1208941334864617,2.180411288951989,1.8957629996604108,3.836410492272435,3.05,2.81,2.19,0.23999999999999977,0.8599999999999999,1.84,0.8999999999999999,2913.97998046875,0.42942874264617625,15.663496134766518
2018-10-31,2018-10,21.23,9.110000000000001,2.332055105808828,2.1976804898501623,2.009960159362545,1.9602952913008842,3.6405700940698837,3.15,2.87,2.34,0.2799999999999998,0.81,2.03,0.9300000000000006,2711.739990234375,-6.94033560936963,5.299658285035491
2018-11-30,2018-11,18.07,-3.16,2.492032470218053,2.126409125691242,2.053098049357893,1.8709073900841755,3.307947043861992,3.01,2.8,2.37,0.20999999999999996,0.6399999999999997,2.27,1.0,2760.169921875,1.7859356654779779,4.2525566905510015
2018-12-31,2018-12,25.42,7.350000000000001,2.147328577667773,2.2153843729315836,1.9418922274646144,2.0102451882429095,3.173330443890632,2.69,2.48,2.45,0.20999999999999996,0.23999999999999977,2.45,1.1100000000000003,2506.85009765625,-9.177689467997252,-6.2372598496206795
2019-01-31,2019-01,16.57,-8.850000000000001,2.0023809043401064,2.2485295505299874,1.8646908878110713,2.0380799141860972,3.6386033410893415,2.63,2.45,2.41,0.17999999999999972,0.21999999999999975,2.38,1.19,2704.10009765625,7.868440166582613,-4.239306414154331
2019-02-28,2019-02,14.78,-1.790000000000001,1.4875893578291333,2.1794329242488475,1.4318323303589953,1.844426623897344,4.02437357467107,2.73,2.52,2.45,0.20999999999999996,0.2799999999999998,2.22,1.1600000000000001,2784.489990234375,2.9728889343927145,2.6036969918984187
2019-03-31,2019-03,13.71,-1.0699999999999985,1.5188615351321877,2.1410889637129227,1.4001735426362627,1.7441056147354805,3.993031908411182,2.41,2.27,2.4,0.14000000000000012,0.010000000000000231,2.26,1.0699999999999998,2834.39990234375,1.7924256249588488,7.328258360632933
2019-04-30,2019-04,13.12,-0.5900000000000016,1.8831863513063984,2.06656235001228,1.5218076513927814,1.61606799514884,3.8879016891819607,2.51,2.27,2.43,0.23999999999999977,0.07999999999999963,2.14,1.0100000000000002,2945.830078125,3.9313498313737982,11.245256842054596
2019-05-31,2019-05,18.71,5.590000000000002,2.000583470209061,2.0913377235709074,1.5663384627478738,1.6367788035668518,3.981219586916418,2.14,1.95,2.35,0.19000000000000017,-0.20999999999999996,2.37,0.96,2752.06005859375,-6.57777313668354,1.729588496700507
2019-06-30,2019-06,15.08,-3.630000000000001,1.7959105553606136,1.97242800754438,1.4655536045359518,1.563175476517964,4.342766313757762,2.0,1.75,2.12,0.25,-0.1200000000000001,2.31,1.04,2941.760009765625,6.89301639982407,8.217787973966196
2019-07-31,2019-07,16.12,1.040000000000001,1.671194894390049,2.0746001344216447,1.4260651383430245,1.6569813098790576,4.708145884616455,2.02,1.89,2.08,0.13000000000000012,-0.06000000000000005,2.13,0.9900000000000002,2980.3798828125,1.3128152166957952,5.8264540041700785
2019-08-31,2019-08,18.98,2.8599999999999994,1.826331335037068,2.1657049503490455,1.4539295260287632,1.6391192674940713,5.024480408618226,1.5,1.5,1.99,0.0,-0.49,2.26,0.8900000000000001,2926.4599609375,-1.8091627240523933,0.8595474523136026
2019-09-30,2019-09,16.24,-2.740000000000002,1.7376412106666406,2.321135673598529,1.4304164057608038,1.745804579673771,5.281511896057145,1.68,1.63,1.88,0.050000000000000044,-0.19999999999999996,2.2,0.8800000000000003,2976.739990234375,1.7181177931020697,2.1537556944893455
2019-10-31,2019-10,13.22,-3.019999999999998,1.6844977040391562,2.3300099083477743,1.2839539924622612,1.6320140893302693,5.626338141869369,1.69,1.52,1.54,0.16999999999999993,0.1499999999999999,2.18,0.9100000000000001,3037.56005859375,2.0431770513684056,12.015166259771615
2019-11-30,2019-11,12.62,-0.6000000000000014,1.7339736996186295,2.3378148209658223,1.2885618207514993,1.6235859562745425,6.50575873630459,1.78,1.61,1.59,0.16999999999999993,0.18999999999999995,2.08,0.8799999999999999,3140.97998046875,3.4047037714499906,13.796616490011715
2019-12-31,2019-12,13.78,1.1600000000000001,2.092290394862917,2.3546960942649298,1.3582773068303577,1.4977183197472543,7.0938471448175555,1.92,1.58,1.55,0.33999999999999986,0.3699999999999999,1.98,0.8700000000000001,3230.780029296875,2.858981890573009,28.878070225158446
2020-01-31,2020-01,18.84,5.0600000000000005,2.3195274699624457,2.2905988164406255,1.5637627676458932,1.544751058548699,6.677648955987436,1.51,1.33,1.55,0.17999999999999994,-0.040000000000000036,2.13,0.8300000000000001,3225.52001953125,-0.16280928190489652,19.28256732533442
2020-02-29,2020-02,40.11,21.27,2.599767976845202,2.2817391837892886,1.7944821136310463,1.5913288616700605,6.690318609653034,1.13,0.86,1.27,0.2699999999999999,-0.14000000000000012,2.38,0.8300000000000001,2954.219970703125,-8.411048363840312,6.095550031209251
2020-03-31,2020-03,53.54,13.43,2.3413166797595197,2.3676613601035346,1.689097203314005,1.6976972310441596,6.804629712607624,0.7,0.23,0.11,0.47,0.59,3.93,1.27,2584.590087890625,-12.511928240892821,-8.813499261221347
2020-04-30,2020-04,34.15,-19.39,1.4940399642909163,2.097741687598198,1.1662090444265472,1.5272953094374042,10.135668899192861,0.64,0.2,0.09,0.44,0.55,3.23,1.6999999999999997,2912.429931640625,12.68440381652789,-1.133811034533061
2020-05-31,2020-05,27.51,-6.639999999999997,0.3130472940411133,1.4309324152566472,0.4624613003096023,0.9954970222243897,16.928062926952926,0.65,0.16,0.14,0.49,0.51,3.08,1.4500000000000002,3044.31005859375,4.528181966555822,10.619317666684003
2020-06-30,2020-06,30.43,2.919999999999998,0.1982013035848551,1.2184564692601985,0.49016290423937736,0.9973783749794407,21.956013166127164,0.66,0.16,0.16,0.5,0.5,2.93,1.2000000000000002,3100.2900390625,1.838839651392421,5.388951810161613
2020-07-31,2020-07,24.46,-5.969999999999999,0.7166562831830481,1.1836841884912408,0.7595377063120967,0.9704519119350996,22.843651201124104,0.55,0.11,0.09,0.44000000000000006,0.4600000000000001,2.6,1.17,3271.1201171875,5.510132148044367,9.755140143431529
2020-08-31,2020-08,26.41,1.9499999999999993,0.9968647625897997,1.560695837131587,0.9225840072571545,1.2143366963097257,23.165488889485996,0.72,0.14,0.11,0.58,0.61,2.67,1.02,3500.31005859375,7.006466690171775,19.609019269561976
2020-09-30,2020-09,26.37,-0.03999999999999915,1.2810698495523853,1.7223933878284248,1.157519050834388,1.3931038469319867,22.95116999679454,0.69,0.13,0.1,0.5599999999999999,0.59,2.75,1.0499999999999998,3363.0,-3.9227970178423055,12.975940493049665
2020-10-31,2020-10,38.02,11.650000000000002,1.3910228912373812,1.7190644053436621,1.27635371578958,1.4796915464076354,23.629294876055027,0.88,0.14,0.09,0.74,0.79,2.61,1.0899999999999999,3269.9599609375,-2.766578622137972,7.650874315595924
2020-11-30,2020-11,20.57,-17.450000000000003,1.2303863428671624,1.6364116692455521,1.1874861668446979,1.4217326104510208,23.53448673283236,0.84,0.16,0.08,0.6799999999999999,0.76,2.29,1.0,3621.6298828125,10.75456354438591,15.302545872069494
2020-12-31,2020-12,22.75,2.1799999999999997,1.1757452138405844,1.6693780408814973,1.186264708144269,1.453521884486797,24.195868200836813,0.93,0.13,0.09,0.8,0.8400000000000001,2.18,0.9000000000000004,3756.070068359375,3.712145909357001,16.258923055706177
2021-01-31,2021-01,33.09,10.340000000000003,1.3204191315779434,1.624313961356294,1.334522131784066,1.508790092214496,24.552532985828314,1.11,0.11,0.06,1.0,1.05,2.17,0.79,3714.239990234375,-1.1136660755445171,15.151664467863025
2021-02-28,2021-02,27.95,-5.140000000000004,1.3738437137002402,1.3763703714812836,1.5857976839888988,1.6974939477738316,25.61660973222446,1.44,0.14,0.04,1.2999999999999998,1.4,2.12,0.7199999999999998,3811.14990234375,2.6091451377448394,29.006977819484092
2021-03-31,2021-03,19.4,-8.55,1.6698167791706853,1.280248344990098,1.8427318715156016,1.7094670091967412,26.775272051325082,1.74,0.16,0.03,1.58,1.71,2.03,0.7000000000000002,3972.889892578125,4.2438632533165155,53.71450626511303
2021-04-30,2021-04,18.61,-0.7899999999999991,2.6678187820641908,1.6494791315614155,2.669006722866385,2.1991360195733556,23.95184931079648,1.65,0.16,0.01,1.49,1.64,1.96,0.7000000000000002,4181.169921875,5.242532134755851,43.56293610537338
2021-05-31,2021-05,16.76,-1.8499999999999979,4.133077115360573,2.9780316542864504,3.6402858298503427,3.1306032044336574,18.224701587431813,1.58,0.14,0.01,1.44,1.57,1.99,0.6600000000000001,4204.10986328125,0.548648867060697,38.0972956881811
2021-06-30,2021-06,15.83,-0.9300000000000015,4.918257089467626,3.7876961101984907,4.07246348925363,3.5411199019175887,14.086399857245603,1.45,0.25,0.05,1.2,1.4,1.87,0.6499999999999999,4297.5,2.2214009565834747,38.61606320225206
2021-07-31,2021-07,18.24,2.4099999999999984,5.295632620349999,4.439362194328367,4.306128320705871,3.8617128102137466,12.608678915328063,1.24,0.19,0.06,1.05,1.18,1.95,0.6700000000000004,4395.259765625,2.274805482838871,34.365587571392275
2021-08-31,2021-08,16.48,-1.759999999999998,5.245169381309234,4.210719214328185,4.473216164011551,3.92711817566731,12.532587235620696,1.3,0.2,0.04,1.1,1.26,1.94,0.6900000000000004,4522.68017578125,2.8990416255438634,29.207987294652327
2021-09-30,2021-09,23.14,6.66,5.152015301793966,3.9396919775577244,4.580909697720981,3.9584580447155737,13.195772138698182,1.52,0.28,0.04,1.24,1.48,1.85,0.7000000000000002,4307.5400390625,-4.75691688019011,28.08623369201606
2021-10-31,2021-10,16.26,-6.879999999999999,5.351215590949132,4.002855729865806,4.737428253233955,4.013850678303776,12.785915871522647,1.55,0.48,0.05,1.07,1.5,1.69,0.6699999999999999,4605.3798828125,6.914383640060651,40.83902976879674
2021-11-30,2021-11,27.19,10.93,6.235042390298062,4.590317334184912,5.336135652537788,4.436672448273571,12.811340469996168,1.43,0.52,0.05,0.9099999999999999,1.38,1.81,0.6599999999999997,4567.0,-0.8333706184746159,26.103443691858995
2021-12-31,2021-12,17.22,-9.970000000000002,6.901970403700863,4.972572143965692,5.93019057933839,4.8908669097107005,12.311943991156514,1.52,0.73,0.06,0.79,1.46,1.85,0.6499999999999999,4766.18017578125,4.361291346206486,26.89273866137125
2022-01-31,2022-01,24.83,7.609999999999999,7.174340285065539,5.488993530393094,6.141969176624196,5.2145501246505965,12.46671584090564,1.79,1.18,0.22,0.6100000000000001,1.57,1.93,0.6499999999999999,4515.5498046875,-5.258516502739385,21.573991356507925
2022-02-28,2022-02,30.15,5.32,7.558805726967832,6.05428515424189,6.272433512016362,5.35843659732218,11.718870942773108,1.83,1.44,0.35,0.3900000000000001,1.48,2.34,0.7200000000000002,4373.93994140625,-3.1360491945908286,14.766935268444836
2022-03-31,2022-03,20.56,-9.59,7.937278766517819,6.4551151617656455,6.545539906103293,5.602764293293028,10.604934374649977,2.32,2.28,0.52,0.040000000000000036,1.7999999999999998,1.93,0.8599999999999999,4530.41015625,3.5773288371546252,14.03311641516658
2022-04-30,2022-04,33.4,12.84,8.572204966013853,6.482378554404167,6.926410970164576,5.593221924008485,9.629048165368426,2.89,2.7,0.85,0.18999999999999995,2.04,2.05,0.9000000000000004,4131.93017578125,-8.795671180434306,-1.177654747685286
2022-05-31,2022-05,26.19,-7.209999999999997,8.231750770777225,6.158737119052837,6.684755338326309,5.345023150300299,7.901206419699225,2.85,2.53,1.16,0.3200000000000003,1.6900000000000002,2.18,0.9900000000000002,4132.14990234375,0.005317770464463578,-1.711657479886508
2022-06-30,2022-06,28.71,2.5199999999999996,8.538171195642065,6.0254478790408905,6.794545874740021,5.184136763522318,6.161102693191256,2.98,2.92,1.72,0.06000000000000005,1.26,2.31,1.0299999999999994,3785.3798828125,-8.391999993382681,-11.916698480221054
2022-07-31,2022-07,21.33,-7.380000000000003,8.979361103105798,5.906335651591377,7.243471864656126,5.31569109508947,5.733722060252688,2.67,2.89,2.41,-0.2200000000000002,0.2599999999999998,2.36,1.1500000000000004,4130.2900390625,9.111639173021002,-6.028533936374103
2022-08-31,2022-08,25.87,4.540000000000003,8.462576727730099,5.899916740834321,6.7502013619389345,5.107374057840786,4.941041907983701,3.15,3.45,2.96,-0.30000000000000027,0.18999999999999995,2.18,1.08,3955.0,-4.244012827299837,-12.551853186991902
2022-09-30,2022-09,31.62,5.75,8.222579178218826,6.286089097732228,6.6396775899483895,5.362447330658338,3.8266468976569934,3.83,4.22,3.33,-0.3899999999999997,0.5,2.24,1.1000000000000005,3585.6201171875,-9.339567201327437,-16.759447743453126
2022-10-31,2022-10,25.88,-5.740000000000002,8.192106896425821,6.624287624509306,6.667939000672507,5.606479327988612,2.6476335732329215,4.1,4.51,4.22,-0.41000000000000014,-0.1200000000000001,2.28,1.1600000000000001,3871.97998046875,7.98634138370089,-15.924851391322436
2022-11-30,2022-11,20.58,-5.300000000000001,7.758813957693,6.294999786983246,6.461602354598139,5.459759683450094,1.4215030693691677,3.68,4.38,4.37,-0.6999999999999997,-0.69,2.15,1.17,4080.110107421875,5.375289335249311,-10.661044286799326
2022-12-31,2022-12,21.67,1.0900000000000034,7.122856456533988,5.969880665899807,6.030493273542614,5.20808883271644,0.3308976888718007,3.88,4.41,4.42,-0.5300000000000002,-0.54,1.99,1.1600000000000001,3839.5,-5.897147407473047,-19.442827203429268
2023-01-31,2023-01,19.4,-2.270000000000003,6.404600402357152,5.685531944736666,5.520050627946982,4.9668814733705435,-0.9665655757530645,3.52,4.21,4.7,-0.69,-1.1800000000000002,1.9,1.0999999999999996,4076.60009765625,6.17528578346791,-9.720847427606383
2023-02-28,2023-02,20.7,1.3000000000000007,6.327178517960097,5.539533472591773,5.507734586232882,4.937665213974429,-1.7117782909930601,3.92,4.81,4.88,-0.8899999999999997,-0.96,1.9,1.0300000000000002,3970.14990234375,-2.611249393181858,-9.231723445491092
2023-03-31,2023-03,18.7,-2.0,5.957820738137087,5.498260329618088,5.197803844154003,4.855603371625716,-2.2182022389158784,3.48,4.06,4.85,-0.5799999999999996,-1.3699999999999997,2.11,1.1100000000000003,4109.31005859375,3.505161257710898,-9.294966308410613
2023-04-30,2023-04,15.78,-2.92,4.917719362889961,5.566741392671326,4.428273156924578,4.783286394955444,-3.8555455596966937,3.44,4.04,5.1,-0.6000000000000001,-1.6599999999999997,2.08,1.0600000000000005,4169.47998046875,1.4642341662481018,0.9087715205739144
2023-05-31,2023-05,17.94,2.160000000000002,4.950079879124369,5.514364195873522,4.476012960317743,4.789642299240104,-4.630790785272964,3.64,4.4,5.52,-0.7600000000000002,-1.8799999999999994,2.16,1.0999999999999996,4179.830078125,0.2482347368192972,1.1538830126710975
2023-06-30,2023-06,13.59,-4.350000000000001,4.131851231385042,5.337547036084689,4.003462454014284,4.731625374880166,-4.0967793917907835,3.81,4.87,5.43,-1.06,-1.6199999999999997,1.88,1.0999999999999996,4450.3798828125,6.472746490423464,17.567589530959093
2023-07-31,2023-07,13.63,0.040000000000000924,3.070617072997095,4.853596327155252,3.284521339529123,4.383786808421353,-3.934654892107603,3.97,4.88,5.55,-0.9099999999999997,-1.5799999999999996,1.77,1.08,4588.9599609375,3.113893235501086,11.105029369296048
2023-08-31,2023-08,13.57,-0.0600000000000005,3.287749268428297,4.700970557935236,3.40904219289897,4.299124123250864,-3.9791620483263124,4.09,4.85,5.56,-0.7599999999999998,-1.4699999999999998,1.83,1.0699999999999994,4507.66015625,-1.7716390070854016,13.973708122629592
2023-09-30,2023-09,17.52,3.9499999999999993,3.722504803505289,4.399143440066089,3.43205991996991,3.8282036156702226,-3.9790740449760165,4.59,5.03,5.55,-0.4400000000000004,-0.96,1.78,1.0300000000000002,4288.0498046875,-4.871936746562488,19.59018703997495
2023-10-31,2023-10,18.14,0.620000000000001,3.687206638119256,4.128747996485882,3.4488928270185903,3.687774208035388,-3.662154946254037,4.88,5.07,5.59,-0.1900000000000004,-0.71,1.85,1.0199999999999996,4193.7998046875,-2.197968873798295,8.311505375598305
2023-11-30,2023-11,12.92,-5.220000000000001,3.2512659098611785,4.027401561127464,3.0232617305099296,3.4740628549791763,-3.3949164783449337,4.37,4.73,5.45,-0.3600000000000003,-1.08,1.67,1.0099999999999998,4567.7998046875,8.917926878197013,11.952856281464053
2023-12-31,2023-12,12.45,-0.47000000000000064,3.1333462745911866,4.017980521102138,2.7650899986466193,3.2907438711504255,-3.083175670941074,3.88,4.23,5.4,-0.35000000000000053,-1.5200000000000005,1.61,0.8999999999999995,4769.830078125,4.422923115636013,24.230500797629894
2024-01-31,2024-01,14.35,1.9000000000000004,3.3159099427102934,3.9154727698627045,2.7672658467360334,3.1123879882344996,-2.4099384716546823,3.99,4.27,5.42,-0.27999999999999936,-1.4299999999999997,1.61,0.8099999999999996,4845.64990234375,1.5895707598991615,18.864980284174738
2024-02-29,2024-02,13.4,-0.9499999999999993,3.0883429864855705,3.8583540949372663,2.6987514493606035,3.159014510020852,-2.046580260721642,4.25,4.64,5.45,-0.3899999999999997,-1.2000000000000002,1.55,0.7399999999999993,5096.27001953125,5.172064062372317,28.36467500944242
2024-03-31,2024-03,13.01,-0.39000000000000057,3.157074141648697,3.7619647313751337,2.705057426970159,3.059467984974007,-1.4852021145888794,4.2,4.59,5.46,-0.3899999999999997,-1.2599999999999998,1.5,0.7400000000000002,5254.35009765625,3.1018779915342964,27.864532554994035
2024-04-30,2024-04,15.65,2.6400000000000006,3.4868349120836584,3.8161935067360986,2.9279392327126175,3.122173857921662,0.12937536998491872,4.69,5.04,5.46,-0.34999999999999964,-0.7699999999999996,1.44,0.7199999999999998,5035.68994140625,-4.161507173789869,20.775011871866987
2024-05-31,2024-05,12.92,-2.7300000000000004,3.3607951262196734,3.6260251717590952,2.826154012888593,3.006720905553606,0.9551379001416116,4.51,4.89,5.46,-0.3799999999999999,-0.9500000000000002,1.46,0.7000000000000002,5277.509765625,4.80211901511991,26.26134715965296
2024-06-30,2024-06,12.44,-0.4800000000000004,3.244278584003113,3.394419668976645,2.6616729088639213,2.7711764063720334,0.9169599178096677,4.36,4.71,5.48,-0.34999999999999964,-1.12,1.55,0.6900000000000004,5460.47998046875,3.466980128308328,22.69694103097326
2024-07-31,2024-07,16.36,3.92,2.9702579486470926,3.2654173234475614,2.548373440470164,2.7531619063573265,1.293793541128796,4.09,4.29,5.41,-0.20000000000000018,-1.3200000000000003,1.68,0.7199999999999998,5522.2998046875,1.1321316887868749,20.33880991978243
2024-08-31,2024-08,15.0,-1.3599999999999994,2.9414757935583014,3.2301916105644812,2.594376777467322,2.8062163337682744,1.4626380391704163,3.91,3.91,5.21,0.0,-1.2999999999999998,1.69,0.7299999999999995,5648.39990234375,2.2834706936630367,25.306693640426325
2024-09-30,2024-09,16.73,1.7300000000000004,2.607144490692037,3.2850959364300047,2.412994957427461,2.873279917118543,1.9713917178445506,3.81,3.66,4.73,0.1499999999999999,-0.9200000000000004,1.63,0.7400000000000002,5762.47998046875,2.0196884090601275,34.38463271040999
2024-10-31,2024-10,23.16,6.43,2.4264830315416708,3.2823574494668994,2.260766436883843,2.838627996468368,2.51448346330696,4.28,4.16,4.64,0.1200000000000001,-0.35999999999999943,1.46,0.6799999999999997,5705.4501953125,-0.9896743303151712,36.04488676200985
2024-11-30,2024-11,13.51,-9.65,2.578844053871343,3.298689706765301,2.4776925356425616,2.9865021082658982,2.889127907818012,4.18,4.13,4.58,0.04999999999999982,-0.40000000000000036,1.44,0.6400000000000006,6032.3798828125,5.7301295482098835,32.06314069679761
2024-12-31,2024-12,17.35,3.8400000000000016,2.719472461284833,3.2859356193500444,2.5878034125423,2.980710120125618,3.40153760875328,4.58,4.25,4.37,0.33000000000000007,0.20999999999999996,1.42,0.5999999999999996,5881.6298828125,-2.499013704848363,23.309002343424012
