month,PC1,PC2,PC3,PC4,PC5,PC6,PC7,PC8,PC9,PC10,PC11,PC12,PC13,PC14,PC15,PC16,PC17,PC18,PC19,PC20,PC21,PC22,PC23
2014-10,2.8714720357603296,0.4135105925310794,-0.2883819084970477,0.022503052534486076,0.584023878697916,-2.512695887697314,-0.9440144239830148,0.14840150188248566,0.6075883090884152,0.511864035078455,0.04132965504645699,0.16903333673964263,-0.22948274497186621,0.2765073793450108,0.09124326296554243,-0.25495806619250205,0.09099589764901184,0.4252266140438455,-0.14011673758646243,-0.056653021365754376,0.0202479833444122,-5.693741267870878e-16,-2.2001129547934752e-16
2014-11,2.7221798391088226,0.43613548668855173,-0.6559522815177325,0.021911060368801107,-0.39068179004161924,-1.9047506918145183,-0.9281395900222582,0.29966904164372243,-0.01267590247534371,0.8567087727475515,-0.3881770968887706,-0.17213191675377335,-0.1699596997165579,0.2602640967262237,-0.17880031084350229,0.014745733088216055,-0.005685107638131086,0.3103189436419871,0.0479375298162209,-0.06548659497397266,0.016832572186099723,-7.587598131660625e-17,-1.45598818726467e-16
2014-12,3.127041526859766,-1.039975203883977,0.1824738610253347,-0.9621073959459334,0.6419495739110662,-0.6152204178887012,0.8683632597806183,-0.7547695090774075,0.23300309712435893,0.5556228226305657,-0.2745072970927579,-0.1363700709307225,0.5513266318087224,0.08557259460769008,0.3632962344184421,-0.21000085648426428,-0.031657273179519246,0.27588123192820596,0.02342440218117777,0.00546588290293698,0.017970031393752015,8.023172280154787e-17,5.673206203099955e-16
2015-01,3.1559656842374793,-0.9478782429851428,0.6806750365170678,-0.7082412232843361,0.5443622523843807,-1.0203706281510507,-0.5575448609930141,0.7285315037462118,0.13564368957843495,-0.12224108431311857,0.17239203544428,-0.4791412078678172,0.21660482966177724,-0.4419346123302775,0.4550179682136685,0.523151959207622,-0.08582062822457402,0.11341445340505141,-0.19369626772804507,0.046557716385979206,0.002386037137132731,-9.885682344850323e-16,4.1542961135501375e-16
2015-02,2.9413401381701303,2.098547654090574,-1.2350841292339692,0.3193842676188074,-2.032785969576937,-0.636093201522267,-0.6014881018946562,0.08508536032107222,-0.028736229449391405,0.9183147009970449,-0.3121651375244704,0.31305682239205807,-0.35933783484681303,-0.04170213570636434,0.10281361329837822,0.17182573960287426,-0.07279040346438795,-0.098416614258154,-0.4522744585216859,-0.03883108697020296,0.00019364344225395865,2.625237810768728e-16,-2.0193881073349682e-16
2015-03,3.311345279003481,-0.4614850792006752,-0.0578945271605751,-1.1937801878078635,0.1269135054696823,-0.8398141371524163,0.4306027926074514,-0.0698017211274841,0.07505417561179638,0.1929832443401761,-0.08310401774787199,-0.11547775030192957,-0.0045270212049279895,-0.34100884242734547,-0.01223029581177089,-0.04409844754427592,-0.0449708202900375,-0.018017793027218783,-0.3959034184873067,0.0029491212539184374,0.0029185996271051035,-1.6288695649823564e-16,-2.560423321333212e-17
2015-04,3.2791832065578737,0.6498209073648065,-0.9532623059746814,-0.5818185162221429,-1.4043696302232695,0.3662020313720915,1.6140454996296392,-0.8155547022165376,-0.3416162303823179,1.198947241122248,-0.45717970905615996,-0.05997676047077057,-0.08609238041443501,-0.40444225713061743,-0.1673449138311089,0.473034438998175,-0.013240485871196197,0.03337391756216907,-0.25835707588850904,-0.010523602077411154,0.007884943428132592,6.320033475962136e-16,-4.945309376960898e-16
2015-05,3.3894024244511542,-0.13951929838935354,-0.24353782599758206,-1.16984279510802,-0.24868910571475397,-0.5814299380292992,1.5771679148838975,0.49531794265453216,-0.33520053456033716,0.95060341613334,-0.39701645902086324,0.09929384755548992,-0.2403388348847954,-0.022999160035210187,-0.11030073603959054,-0.16845991301935315,0.1402798835800082,-0.020964884702895866,-0.31556811485930875,-0.010078369945647295,0.002343027386615543,9.435690101073384e-16,4.799444926210991e-16
2015-06,3.539886644635122,-1.3636406233291416,-0.0895201050826041,-1.3867534472245626,-0.2846216292381456,-0.6732024804039005,1.2452004659809772,-0.36455045990232215,0.8047048877713381,0.4184233797429888,-0.057313564423838885,-0.41724518911594755,-0.04803033738841081,-0.03154303007637467,0.22362678236703185,-0.2430774974966945,0.1018596264282905,0.06670810321107638,-0.2222968990386728,-0.0158302003912216,0.006403788831725417,-2.0774838353865627e-16,-4.667590419859505e-16
2015-07,3.4143436657802937,0.9110889035263299,1.0903671091433063,0.11026419199508977,-0.5216763139215637,-2.5213430972111937,-1.6641724112298746,1.187351772756082,1.0662685256993183,-0.06179459304553896,-0.1253732711725544,-0.29986491135014093,-0.4229508645367104,0.011425079403508436,-0.3431373445024898,0.011220718915617541,-0.016391609696529932,-0.17384930520932562,-0.2071386716461894,-0.02999038239204736,0.006145719909789655,2.2029983969119064e-16,2.225045791847924e-17
2015-08,3.498611381650581,-3.737967620271633,0.52891025002862,-1.8605022595707839,-0.7432231486513668,0.4711156287415948,0.18057286593211513,-1.4239416897613413,0.9102333112393648,0.6448556154859374,-0.5745473250670068,-0.8560726987647574,0.2288542891879178,0.4049376968666913,0.14559225092336261,-0.10208210369388848,-0.020947280390872056,-0.047427379230600676,-0.040856826311408925,0.028682874476905797,0.008386803694314673,8.675999636360429e-18,3.2174793993526043e-16
2015-09,3.924045737382174,-1.8023772821221415,2.004090436310865,-0.6655574304410588,-0.5676492918194596,-0.344750748097275,1.150785608266265,0.991704659005443,1.084246273375394,0.3654391739665677,-0.19054749987611938,0.603595276536116,-0.3063554257404817,-0.12989786084843605,0.23879686674311582,0.1056942497936973,0.05808349952927962,0.12227816009589049,-0.14020007168905607,-0.06371168058408821,-0.0004080891894297838,-1.3638879441471486e-16,2.15405990112857e-16
2015-10,3.474764732657385,2.095232176621344,0.9502499377993974,1.3527979228229994,-3.082488256813627,-0.7075609836161385,-1.0603486239024038,0.8765178489384808,0.8597771620689576,0.8709658007783581,-0.8141891755214749,-0.32290838084021817,0.47871075635236954,-0.0443357693189684,-0.015374169816646643,-0.16511546281832287,-0.12448781937556791,-0.07501901200391646,0.12231993270572242,-0.024133414608075714,-0.008331779773251512,-6.169922155021989e-17,7.945602409357964e-17
2015-11,3.9018740767956723,-0.496153501920761,2.6384514488379684,-0.6109993263332705,-0.35243140107877347,-0.6926329409583314,0.7040047239170784,0.0692058258834963,1.0100428046534622,0.011173460658605696,-0.5839890849478123,-0.4427130641775988,0.7027276135901983,-0.1999547766705526,-0.3401528524982266,-0.20359168571221634,-0.20236747667633515,-0.1328336141132745,0.13105886338264736,-0.0073339080066576415,-0.006068409245153469,-5.837990296813524e-17,-3.556997898309027e-18
2015-12,3.735906468840572,-1.3293272776784184,2.239742364680879,-0.842081427133331,-0.8853720208827068,0.014223406364367974,1.720180103140468,0.2588829388879069,0.726420031430677,0.27921232576513677,-0.6611363183930723,-0.32434150490027824,0.7828369047976474,-0.03935321779615173,-0.4831750687972502,0.2207704461730358,-0.2926944057474091,-0.10649609647757897,0.2149456930008003,-0.05060261110669107,-0.012182152955354318,-1.3593585705913889e-17,1.2859523984458526e-16
2016-01,3.452484291709986,-2.5624194993018254,2.240986427908027,-0.7520477851304991,-1.2979500238303305,-1.1747531352276916,-0.6628443659035028,0.7506320639217261,1.9048705244649464,-1.4915449218539174,-0.4429496121390723,-0.3739833425113297,-0.18892283393424053,0.26718743083015617,-0.3574647908174269,0.0027958404129858985,-0.1976858859727408,-0.0524828070456712,0.18319307860876027,-0.12113258159989063,0.0002677023639493611,2.2726784015542797e-16,-1.4747860091387094e-16
2016-02,3.1431289650627385,-1.6608652211291235,1.5420753238077327,-0.07177594962873621,-2.3891425222621985,0.34879658365803823,0.9630303020565268,0.1589707349441149,0.5322903678973463,-0.2727111264627247,-0.5158185911236413,-0.26442669513955835,-0.5808491494550145,0.4684533158717923,-0.2782704209762558,0.029168183067864114,0.10371452378354211,-0.07781924465742873,0.3793737742339656,0.04882215661123313,-0.002655672851751379,5.0149679875413343e-17,-7.130281383310033e-17
2016-03,3.3755757914389126,1.6063924485335572,1.6187361089438068,1.018965681959174,-1.9306334177815934,0.08171488203533005,1.331499648128042,-0.2547103630778705,0.3369103673779367,0.0715672155371732,-0.37548997853151567,-0.5053490515956579,0.15946662304626238,-0.17655057448844708,0.13389306820052244,-0.06897885534518997,-0.013290013977000421,-0.08706534157663055,0.1855610043793023,-0.012238736314290611,-0.0058424324312152595,-1.1563502579918046e-16,8.322290907865655e-18
2016-04,2.4704746209646307,-0.5622938181100845,-0.7719714142359263,-0.23221948829060915,-3.0185955818311347,0.43825012468881797,0.659000549580592,-0.30644275326463877,-0.4104452011001912,0.48283418402903927,-0.492655021432491,-0.4083468450123871,-0.03395663697685503,-0.01532524517442181,-0.3632985105957526,0.11247524875933915,-0.23009163611709899,-0.04914063558978518,0.08937678177715166,-0.03320842247640128,-0.010551718585971771,-1.3834645198581454e-16,-8.877474966697064e-17
2016-05,2.8855594227115757,-0.06206219156318875,1.5077917996341028,-0.2687530472724408,-0.05440867920817764,-0.9373956131908014,0.3936573031339499,0.3057754577976441,-0.33823640441293834,0.22146913175739866,-0.007578555780532694,0.06370776349992405,-0.06550319472983508,-0.26262959653773305,-0.2032428660438296,-0.5663502712876608,0.13333317874623968,-0.12613421981851072,-0.011375424733165529,0.003964277577704522,-0.004156872522216815,-7.854552995667621e-17,-1.4203545729928129e-16
2016-06,2.8377654172043547,-1.5617008493333122,1.2497995122890402,-0.887266147765066,0.34815274332809426,-1.217990807270599,1.0334026928778024,1.602745953257523,0.045491066088423536,-1.4895269636509492,0.36519502865501835,-0.8513715510209959,-0.4546441064538308,0.5583281428143576,0.34943918029022053,-0.48344674292040457,0.03945599207697309,-0.08799650634089314,-0.12323236012372342,-0.04151118727826677,-0.006783966842725645,9.062912096127304e-17,1.243356734306246e-16
2016-07,2.470764729190479,1.1918391523606555,-0.10182924057784347,0.42181924328974185,-1.5777688350805648,-0.17831658928511845,0.31719006650432013,-0.27098820572733173,-0.7235759295058024,0.018493075005045385,-0.04760834677173819,-0.24329234587268914,0.037380010179847906,-0.8784720523770099,0.182447043703381,-0.48161138125458264,0.22690937466744943,-0.228259130450001,0.08803197434327055,0.006980913780548506,-0.005892039765439531,3.254350486698084e-17,1.9529532120482937e-16
2016-08,2.1724890241287365,0.09074169280522887,-1.1149729888776858,-0.31591671816377864,-1.8382904208039834,0.14998978248867123,-0.3287982975769905,-1.2579278489721781,-0.5029736489509304,0.02222027463557511,-0.7621832227310282,0.37488055080348276,-0.04807711107188918,-0.5922603551563367,-0.25616170392688264,-0.30589890894310057,0.17272556331396205,-0.2862065740776142,-0.016132932579984955,0.071451779404316,-0.011225621021508515,-2.2016140850215226e-16,-3.412081821944266e-17
2016-09,2.4988115424763815,-0.27639260092819007,-0.18458829468659313,-0.6686662909568425,-0.15870843317273986,-0.29497278927383086,1.5806284129286385,0.38945577947979926,-0.589360304881246,-0.5666429786021243,-0.10850727283185435,-0.3855005857580084,-0.43920918751908833,-0.010144295340272313,0.0041438811103314335,0.3012988223310634,0.3018666520816432,-0.2793377646048632,-0.1718380671405429,0.010124341667458478,-0.015964781056522902,-1.4952827863400535e-16,6.917475571827016e-17
2016-10,1.710411837212113,-1.5579345371300517,-1.9935931334394354,-0.725194805320801,-2.3560126111854656,0.20379716274485155,0.4744908852361288,-0.36205970307889507,-0.6460342319805605,0.29993160862082163,-0.21163748532877183,0.1418030809271114,-0.06294262897984819,-0.2908908938500176,0.05925807592387378,-0.4864323413882385,0.19356833886584235,-0.002497039242374802,0.0919463643033743,-0.007830741571889252,-0.005713726652620479,-7.620701853286482e-17,-3.2191063237154063e-18
2016-11,1.7036113575825536,0.15815684076954523,-1.866834815974268,0.06951628018448561,-2.3455764221363813,-0.5936375134672552,0.21415325637633187,-0.6399602417594284,0.19039984672400315,0.4780646647621536,-0.33349745079665405,1.0492576201987283,-0.40155008647868357,0.3908262272930561,-0.1533567172265508,-0.760979219739549,0.1609400653361688,0.13798862047403704,-0.08586285798255111,-0.039874318814373255,-0.0005859565858400915,-9.370320570487075e-17,1.1082538783351324e-16
2016-12,1.7247079292648788,0.4116886116556306,-1.533202049779171,-0.043301364289686804,-1.247112201952754,-1.0409694088733126,-0.40988192558151876,-0.5300507073184024,0.05362835176896646,0.4483200576706613,0.32494038801309794,-0.34258328613585315,0.02858274317458407,0.10365533203417426,0.027698532729941116,-0.10214109594716157,0.1332483530693307,-0.024204905742919114,-0.15347648340136955,-0.05337322049027959,-0.00902799301596115,-8.071122030406884e-17,1.4175011474901514e-16
2017-01,1.8317101784657435,0.5306802145643121,-1.2763038716184958,-0.4185584783026607,0.04122294902926989,-0.9969461523591572,1.59113107154729,0.42843066458074175,-0.4859395640331312,0.4544495068796635,0.3106468857389631,-0.24796594423960203,0.07514762651368762,0.033622263733907844,0.15535371094592484,0.3441623647170329,0.31276983066432834,0.09590924919213346,-0.035779791518041566,-0.0846533547179608,-0.0005338226604795791,-1.3105921419246643e-16,1.272653418043132e-17
2017-02,1.7486490581733831,0.8920695373009436,-0.9521826745556052,0.04631174269921385,0.5546480831609184,-1.2031859964233809,0.3542234108431912,-1.2684492258545614,0.2594803849905509,-0.1304090836246629,-0.08704957236097392,-0.03272665034649086,-0.0013954465792353496,0.4418442390208729,0.3453820346980623,-0.06409501076272232,0.3709366488915469,-0.05995000922190666,0.05481025934154717,-0.0005576297277311338,0.01254780335126126,1.6634595208425622e-16,-1.0260242814113124e-16
2017-03,1.4449305686084015,0.6123722975354949,-0.6474096360537056,0.056542097602458596,0.36350649165838006,-1.8023508976784515,-0.46875728210130135,-0.32993475617402107,-0.0934262957658987,0.09209901631500857,0.5957837300069163,-0.41050518765177185,-0.21772490334588385,-0.2595831571871535,-0.037831533169940444,0.32459292096899484,0.34209649601719994,0.015623114495637537,0.11212037574965171,-0.03548462020529295,0.0034278372990085583,1.712991724151325e-16,-9.631520893542826e-17
2017-04,1.6128260575952635,0.9970575298625978,-0.5830199669897933,-0.07222805072525694,0.1867075521281239,-1.4642155194354998,-0.23209369247730866,-0.4827755297114263,-0.22066405618347018,0.021903345779203786,0.37336379097871686,-0.12724456703482367,-0.17943966072466544,-0.33412423066609737,-0.09834465495194541,0.15386836912256482,0.35690061189967065,-0.05496041795494157,0.2005986867899471,0.008632878514912665,0.007582138850799007,-5.532523957892521e-17,1.5233639592303602e-16
2017-05,1.6870733814756342,1.166247533133797,-0.17524703957733723,-0.2550090076147507,0.5686388951651883,-1.4331451679222655,-0.18331567249347896,-0.5826167027383895,-0.2001727007614378,-0.36241206469442905,0.5771329583847038,-0.477795669882786,-0.30511240124084804,-0.1681163857524826,-0.06063929437240125,0.22824134068308832,0.2584460417327345,-0.029766122815923206,0.10299230348258795,0.05073632496347806,-0.0007689542017255872,1.0759103050662197e-16,-1.0686025263630149e-17
2017-06,1.3889974061232588,0.26069305448491614,-1.4590506815447577,-1.1805168401102044,-0.10704506153562693,-0.5271762701283068,1.122551400257131,-0.24031057570469336,-0.8245493371363536,0.15540627749527355,0.20724575225923336,0.23932861424879395,-0.11525609811255993,-0.0012342435183135146,-0.00012071623636811342,-0.03244432502476172,0.18916083772336512,0.14505851167436323,0.11263075527631082,0.053642488378711474,-0.0029777852725920598,-9.675479760880976e-17,5.416747495264554e-17
2017-07,1.1903854652482586,0.6936043561893925,-1.8500830879318235,-0.9469590442376102,-0.778708897111541,-0.6942445131921612,0.7552454374212785,0.47022383395132417,-1.017847154658157,0.24395000681200593,0.4070288845041131,-0.1684276917794254,-0.24467985449655077,0.116614724895885,0.04621823124563157,0.06219823774371876,0.060838430805929475,0.17630606338933924,0.03288162805682113,0.06612179923223384,-0.007961126947885968,2.7905709519029652e-18,9.854032177992483e-17
2017-08,1.5761821191615186,0.4857227184976941,-0.5609998927500973,-1.0005707598271492,0.48209513793521147,-1.1508672585359718,0.3309068193927808,-0.3035502950653656,-0.31621274270918215,-0.7053477893409802,0.6037142873561764,-0.10023374609251903,-0.26611661062361563,-0.14659184430416353,0.15420782627851992,-0.11341864566559694,0.12490353807881477,-0.03429470195737579,0.07608738535061553,0.10959735949701659,0.0028263736531531055,-8.002001065705646e-19,-2.9844909931431044e-17
2017-09,1.1909093114865312,0.9579373459838976,-1.5052884111614393,-0.8815203293285141,-0.28155156490091426,-0.9976376115304357,0.3545650293758537,0.060811849106107714,-0.7689450627263744,-0.0011176473834691126,0.41432497200243135,0.05604122589449816,-0.1732405942677607,0.09423300148032392,0.03498254783342696,0.025486038290191183,0.05198986334247548,0.03221852100458622,0.15205596710063168,0.03574054904271303,0.007241585645136592,3.297236364590205e-17,3.023769805113656e-17
2017-10,1.1728819223136597,0.9870272977245975,-0.9853541727829299,-0.964753167692533,0.5374152500365241,-1.0552692397282188,0.22806585678396094,-0.013172451051111998,-0.7367457742918095,-0.09057031029050233,0.24166660882088378,0.009542282633255522,0.24100333012439126,0.22903498972483594,0.08111740627621516,0.12441390071746045,-0.014656820719908342,0.05429418833512731,0.25564350985078327,0.05224420619723923,0.010942319625068966,1.783341013368683e-17,8.529162917958715e-17
2017-11,1.0480367191655202,1.132141943765993,-0.7118394803534722,-0.9047135608362428,0.7050594524144685,-0.894709156996749,0.044616582603711555,-0.4717056450058031,-0.5970256598078901,-0.10146860876168814,0.21618116721358713,0.14245682701183499,0.3391971222768704,0.13948917048841455,0.23755981078591154,-0.11360269167170564,0.05660077532949798,-0.08805454019042307,0.1259856924744945,0.07961741210415185,0.009999582564168812,4.517082853312087e-19,-1.8240590130501898e-17
2017-12,0.7215777329937634,0.9685726622200148,-1.3575134567306264,-1.0830929043138542,-0.03949703479547631,-0.18757740465584102,1.0484326107367257,-0.8733576706961811,-0.7606733331136736,-0.21324174240090735,0.30220869854883303,0.5099874266579996,-0.18004344583932996,0.27623063152773414,-0.0012774903527739637,0.48785373496236284,-0.1366403369911022,-0.05086190360670204,0.06100378550347817,0.04976048641888696,0.009607461396807659,5.654893509187282e-18,-1.999324747638709e-17
2018-01,0.42292594985513615,1.3811533048091207,-1.5364273160248163,-0.9729822536551213,0.39367675692605186,-0.39192736743398876,0.5074484466747552,0.2488233643845603,-1.119445363816707,0.4586431092922085,0.39774741728184143,-0.4135795626838871,0.46614499131024256,1.1161563029572732,0.43742829546055134,0.4721747613324398,-0.2511116165281811,-0.07136904901657397,-0.06661094300501232,0.0049152976489215535,-0.0024518209418337264,5.741009271800674e-17,1.1020812864134807e-17
2018-02,0.6392471564583404,-0.9086813158947974,-0.40778253004283227,-1.8429808715936602,1.3205101749592996,-0.43889466762421586,0.2114805877244435,-1.2760636803752523,0.12373178738399748,-0.06682436040329676,0.7232437530758745,0.5085586186425386,0.45647307432340684,-0.03829693058194292,0.4786168410209714,0.15774005241115693,-0.1208170995063062,0.0413655874732805,-0.18164720457678013,-0.03631804531582812,-0.0029386341672143004,3.010788669503033e-17,6.090225606433934e-17
2018-03,0.7420454527529716,0.31054085631964484,0.5662808014366629,-0.8126459959185339,0.8927642669429773,-0.6518130197669765,-0.9844672826470136,-1.2103235524495566,0.1960122074141543,0.18362541010037128,0.7658744383479972,0.8277828981754156,0.3176817365626508,-0.6035716067499884,0.3361696678769944,0.3855274631889113,-0.017050215964351256,-0.03140695759431979,-0.10793754195684917,0.0052057598792302675,-0.008773964209601479,-3.733173049235031e-17,2.3843149336920587e-17
2018-04,-0.22771119757158262,0.6423644684432457,-1.2020235713282923,-0.5055103939801467,-1.3208374693179799,-0.78982922308852,-0.9167940917972921,0.4089112556843301,-0.3035046407425025,0.3143286478703212,0.6421474248809185,0.6684803359701519,0.20735646288418316,0.0019537178232586832,0.14213836378393946,0.4475355355821471,-0.1580361475672307,0.023675579346381415,-0.14022332984207475,-0.012008479752910885,-0.00840201986851427,4.575404178486181e-17,-1.627315789007421e-17
2018-05,0.9398146891767997,0.966956828094057,1.895476310922222,-0.8049152868086757,2.1554088074563578,-0.9345561663646804,0.6399062495409412,-1.034135320708215,0.17462584977361223,-0.3137358094774861,0.6594747153434243,0.5499610404927151,0.29691129587607823,0.20289531249521287,0.3302694066285169,-0.07678516223656719,0.004565819900118318,0.0053118945037360825,-0.1432135296344955,0.026363221748715054,-0.008462260846052748,7.61339155963237e-17,-4.256640983460036e-17
2018-06,0.06749418084233912,0.3730922124590376,0.18741982445028949,-0.5502945165212717,-0.06868072395722218,-0.8067877171072513,-1.0296698426643038,-0.7281022227239613,-0.09702385859465863,0.08069552615869294,0.14412344365167545,0.663184994987005,0.22659678357247656,0.23713572276066158,-0.09542938474124936,0.12727234298930404,-0.018072868007515893,-0.13227411503517877,0.07296558881738115,0.06504558656781165,-0.003516215032829134,1.4125212470338957e-16,7.051522290127032e-17
2018-07,-0.4214162869814602,1.300171449410681,-0.7366514249128546,-0.1473743993603865,-1.2532964212185842,-0.8804846792061869,-1.1750436742021908,0.12917828142417556,-0.28914061733956165,0.04902210104678002,0.16812849086116285,0.5605411582164926,0.399779992005084,0.516653725101702,-0.12447340706541563,0.1980121752903054,-0.23827895988025546,-0.09311205573860615,0.1292308135358255,0.0029399147009565394,-0.0015078998934510283,2.6960564038683493e-17,-4.6620134829761376e-17
2018-08,0.30865060819154977,1.0296278758703263,1.2413852481616816,-0.7706132558131833,1.4988734368989276,-0.8371851084946981,0.24017954399815686,-0.6318247919239185,-0.2384729531133564,-0.23088748533254813,0.016284326261021734,0.6648688777775291,0.4457090989157758,0.4508239302464695,-0.07478124892546871,-0.0657413353887153,0.008691118113286853,-0.11075585179489401,0.1432906550857076,0.08862437361400433,0.001414092589471827,1.64542100232827e-17,-6.680088750806829e-17
2018-09,-0.4299714138856544,0.5256630608480574,-0.7010455199056214,-1.0453547231964726,-0.597860373953655,-0.7102444125097316,-0.11136297473267581,0.4399857750554695,-0.4378017837876279,-0.18689044917088318,0.3040639653690682,0.32814459123584105,0.5905585737586876,0.21683768567947695,-0.13945207024807063,0.3482189424967715,-0.1658361920990954,-0.10517816144169523,0.23955517750431948,0.07276531672227216,-0.005915181528646431,1.4706962525197976e-16,2.0548185822838124e-17
2018-10,-0.5593463662316652,-2.587093065991467,-0.806528471140317,-2.063255037159638,-1.1678839731162751,-0.31537583320960044,-1.2838897017923452,-0.9528527708027662,0.6121239001371556,-0.6365507419319771,0.21267838580969775,0.667841789007162,0.1548321592710918,0.5661679541641651,-0.2216490333839249,0.03482334511661607,-0.23443647239961699,-0.047187202728392434,-0.04231849296590132,0.08038108153332692,-0.004436359534974618,1.5933891149046005e-16,6.227333991844528e-17
2018-11,0.23378420395402189,0.7061135668002809,1.149338524433557,-0.3526400309073387,-0.6936312152156014,-0.15660152179970271,-0.2358135456790096,-0.7884612971768064,0.4704004951347424,-0.1461605552934198,0.43014776663604914,0.7455596503251432,-0.12317004621813751,0.3486379997095613,0.0699720644634039,0.16916513863696267,0.08065855078827372,-0.09439703258626027,0.1398502314553986,0.11548351969405622,-0.012918714332734652,-3.2909228866843024e-18,1.2958298628083874e-17
2018-12,-0.10372970649150261,-2.9423411456638693,0.8972787498565593,-1.7209976432618852,-1.2107003622861339,-0.007677183754194399,-1.6600485459416772,0.36897274257272306,-0.20671931300341803,0.024956046916338466,0.4454518990754141,0.11528982466319578,0.4006635289478335,-0.6277070713882938,-0.16430443785782292,0.26654593485346495,-0.10605660335424917,0.23833267873753658,0.10580273751236023,0.13642753892719692,-0.011669114455382676,8.435094503149802e-17,1.254868087727155e-17
2019-01,0.5459715857408288,2.4245516045119886,2.1246524996371394,0.9503597772449466,-1.6454584443929423,0.03356525340044536,-0.46564709325292986,-0.16981675230776044,0.24003038222279263,-0.17018511860069907,0.5990623724490182,0.09740627576633167,-0.04701578687717935,0.31447881772357505,0.23765316544987325,-0.04072903285311391,-0.18181649043504244,0.13218696127368754,-0.03355650476122751,0.1262994803827761,-0.014778871293711384,1.7963156505554516e-16,1.3661957496723256e-16
2019-02,0.5072645880144685,1.226543501585532,1.5737296552464721,-0.4968644230352027,-0.8709005898537366,0.06840038839741922,-0.4984474006749389,-0.18134311989830323,-0.3254140209322197,0.13779728567048669,0.04213516053514498,0.21653019417892042,0.2867428703407277,0.17723038457525744,-0.4617075640934865,0.0907127134496593,-0.3111594805978212,0.0456076398461405,-0.1067866605009958,0.05901983836595994,-0.005819889019962749,-7.863405092203745e-18,1.43704856551927e-17
2019-03,0.5422813430938098,0.7526112430429279,1.648727305970269,-0.9599449310495383,0.10781567891286184,-0.45811230159428584,-0.6784833026034783,0.879681235487099,-0.6923503877222272,-0.3761226564123007,0.07159911083509021,0.0022961387517795367,0.1913682049424969,0.04785439555157825,-0.2847413457143752,-0.03549643222864797,-0.14984150659572745,0.019010448057192597,0.004651192248766448,0.047876346235714316,0.00669556623988104,3.7822400822722294e-17,9.726937711959291e-17
2019-04,0.3641948236723985,1.7004866651832284,0.4777167727692087,-0.4005622381665175,-0.9635477993996915,0.19688992381723477,-0.8070194881564151,-1.0174688336351037,-0.2442744463689423,-0.2777343872356053,-0.22690521692885507,0.17586906738821378,-0.127449062793771,0.3642895813171205,-0.31968437017393053,0.12109033465016054,-0.18326909146185077,0.02034124860675557,0.14455829261068667,-0.014039155907130061,0.004247290863852906,2.658864487583977e-18,1.9139111835809204e-16
2019-05,0.7201040299826866,-1.9548938929752806,1.751291591643488,-2.2480064954727585,1.1980849618652498,-0.10420397566728795,0.4601602073521274,0.7159103558313086,-0.8191990296560979,-0.8223879981129878,0.5888585547691894,-0.10622108311565437,-0.1917585513650457,-0.43563330412199863,-0.11766126988968736,0.11183012857087656,-0.019403997484959242,0.23024548859067626,0.13052426273859166,-0.021568547246637756,-0.012872393840854863,1.1728789224361174e-16,-3.7121607274554406e-17
2019-06,0.616226992658068,1.891195366975709,0.7561049721805956,0.25908161403708524,-1.1244463895437995,-0.21536259661229737,-1.6191731922966643,0.7281045894696008,-0.4963188152183518,-0.5507281743342591,0.1088600405108722,-0.47325283267151746,-0.18325686073725178,0.4499626089213956,0.278063190643487,-0.12472110814938107,-0.2152840230585036,0.11290782114046614,0.21012190087184016,0.0037196372546483836,0.0020573344169562673,1.421436731089925e-16,9.309588582463353e-17
2019-07,0.7164196809967825,0.32011952585433967,1.034888326126672,-0.954665300380523,0.05711789073158817,0.37158924089273054,-0.06251332964665114,-0.4933763134173856,-0.5001500037637825,-0.728294251893367,0.09902622037303403,0.38330669983453075,-0.01940775452587648,-0.004975334831161489,0.08717557485918587,-0.3883920880804509,-0.3170378014413808,0.07878267892617817,0.019557636353489168,0.01790120966997175,0.004192259964019855,-2.2076707930927396e-17,-1.8503718403336074e-17
2019-08,0.6554278568406972,-0.660105802699765,1.3231325821815934,-1.0910656922493085,0.474352055630251,-0.007140525484570464,-1.3037100557131724,0.4187141508427684,-1.1872765897624067,-0.7448421251466383,0.4452926228420205,0.06788146633905491,-0.673358750586221,-0.21184471380101277,0.013283114177365638,-0.2774489870710787,-0.23046046226031683,0.02470068321303923,-0.07897597429607435,-0.028832760571556832,-0.000998968564921159,9.794853062835176e-18,-2.007513501507011e-17
2019-09,0.2527616316584602,0.6596700981764433,-0.6186992514644385,-0.14952709490322422,-1.975483309223654,0.6678058861411589,-0.5604833492315153,-0.402413112546113,-0.5168405051410941,-1.0478165824760413,0.4469325848261313,0.16642729807864573,-0.550357412968543,-0.37366594521349233,0.45372152430915275,-0.34314938946590406,-0.16900630297565933,-0.061072365617917325,0.009591437571709162,-0.02658107877934551,0.010237764051709623,-4.295638712088649e-17,9.917031451501552e-17
2019-10,0.9562277593401237,1.3832812761436082,0.24911946549344544,-0.14699251517146616,-0.3654719508064582,0.23674814795025417,-0.0570211434630798,-0.45605711391347953,-0.4687659189779888,-0.9709170761055801,0.1454030910922945,0.046969647030343474,-0.011134193776026546,-0.6983498132301693,0.2915559824407014,-0.09090647213555872,-0.13895064324481796,-0.21777133677419036,0.09799037648948362,-0.07071202605672465,0.010301014136728629,-6.680176636075033e-17,1.5728540980614416e-16
2019-11,0.9720414224237485,1.3527254230939916,0.5077585888428479,-0.4007644486465141,0.4435110358907594,0.13829008079316393,-0.10107813311160938,-0.5491027001745616,-0.715307156307297,-0.7113775998220802,-0.03541014456763382,0.16684717530492496,-0.09693831475644614,-0.0930924560644735,-0.02110697004626801,-0.29783935257001676,-0.19157175158405126,-0.26959493860022066,-0.021171751298778258,-0.09847481998796573,0.002431415332653959,5.0184950325007974e-17,-1.0170150101704954e-17
2019-12,0.783983701821836,1.147562083183619,-0.9647529862823677,-0.6694852556262639,0.38547754159264624,0.7522107672358516,0.7878162418285077,-0.18366983766697897,-0.8868338942130549,-0.506865015021157,-0.5126293724714651,-0.11973777782782356,0.2902995785212907,0.1111609754630347,0.15551410351320824,0.46495765856200083,-0.036468764550708514,-0.15202361896129743,0.21622580759010523,-0.25288415184253105,-0.0021108369627613295,-1.7734813662860572e-17,6.535909055609166e-17
2020-01,0.8565934584530879,-0.2518654985216992,0.5201858392092991,-0.9544654570541827,1.5769348132823857,0.17521913305862863,-1.1098900856016727,0.18556766704582248,-1.3738232818358136,-0.1936717444557626,-0.39918316097948303,0.1603806165259872,-0.2468360618740769,0.07929211570745127,-0.07153174900427363,0.0370732312179131,-0.09473466252016453,-0.14389500275064918,0.12277192291747656,-0.16362575433826446,-0.007847892227704807,8.025367564629154e-17,1.8419867905967443e-16
2020-02,0.7419955905925542,-4.402829036104572,-0.22186813586507456,-1.4319416379242043,0.5886553508726466,1.8025474994488764,-3.381691043671141,-1.4499011297977469,-1.21382665558513,0.8025297176502181,-0.5362709011911353,-0.07663416226123222,-0.05189465932378715,-0.13958136555946626,0.7306919704649666,-0.13062571213400648,-0.04066520717932217,0.13791397969268676,0.1283367843152251,-0.10834984663439495,-0.0029676634284399547,1.2109955096937764e-16,2.423771670478368e-16
2020-03,3.134772967604114,-6.7763796985021525,4.242230150966682,-0.6378521065540554,1.8198887260940297,1.4669976306180845,-2.7129054609947234,0.9877116765172618,-0.15476168197723658,1.34044208945465,-0.7366130423591872,0.5327939854243439,-1.2881119431406862,0.008279480642810599,0.5788137683069786,0.6654451512847095,0.45691959280677924,-0.2189713331151719,0.21008080683633656,0.15282193878979877,-0.0031854036400769245,6.246195195514933e-17,-1.53365481275845e-16
2020-04,4.07335074128065,2.2723456305905136,4.810395176772906,3.271192299732038,-0.2565755884385075,2.748051644440692,1.7659315045701072,0.93116282603819,0.5344828029699943,0.31000717483760964,-0.3865895624779229,1.1891287491854496,0.09896448879178933,-0.004898071065882744,1.403603221334388,0.2758182374889884,-0.3944944446781712,0.31381630141868244,0.14954931283966416,-0.06007153937796819,-0.01378412732953984,-6.96434156403878e-18,-1.9932138380268605e-16
2020-05,4.446053456444572,1.2581232382990295,3.5017193123578068,1.569436416084326,1.0939302276401401,2.2097084306794654,0.25293956987092103,0.12068895654337718,0.5841490381946611,-0.6941885417672853,-0.09059824680388097,0.10015860848051149,0.21920457971656318,-0.26562952433354403,-0.030695174944199863,0.49485602523119826,-0.12100315255500382,-0.13531027913567706,0.05250370766471487,0.04025479440611324,0.039109100419405185,2.962823953518867e-17,4.9674023289953636e-17
2020-06,3.3817895382694587,-0.7906611435826587,0.3361447198009254,0.6749451217953976,-0.48348184142793027,2.7197673913573874,-1.3598651876196868,1.3325456073333468,-1.02980823385266,0.5336965230162467,0.14091407429954367,-0.3835699413862397,0.38709341089395055,0.0010181820623718905,-0.48686060008955573,-0.13087630210022205,0.1409854899117586,-0.14594189040863995,0.026221748758735307,0.12805334423057557,0.024959638331007127,1.463193111602414e-16,2.6126378600517e-16
2020-07,3.649978660055811,0.6153974285033341,1.6336391421303482,0.9766968101136955,1.5617665906909455,1.7838380180339481,-0.10885624204843249,2.3856087547227727,-1.1650792964979984,-0.07881776588941893,0.5838690465506503,0.3867934302548771,0.24571268775285438,0.21188617174170987,-0.5082907608073506,-0.30279426386658204,-0.09663691820040773,-0.007943301358084584,-0.08867587883579216,-0.018100785335075805,0.0070339212797784975,8.984772178139164e-17,-3.7828028181512215e-17
2020-08,3.429801784793106,0.932348554613621,-0.11848818497495064,1.4686806959967402,0.681158759986459,2.9399849233576565,0.26334458938601163,-0.8011260955414208,0.05365184333341149,-0.6551859720173482,0.13484635471548492,-0.6109807166992532,0.057180127032979644,0.6701255666551843,-0.024945049564154997,-0.14536999157631614,0.3294953365083874,-0.2940451801306678,0.027908481741494115,0.029558551849605267,0.007845134800434065,-1.9040306364234449e-16,-1.6680043742651405e-16
2020-09,3.5850363171594375,-1.2362676531826224,1.448910564019136,0.37914008516196845,2.3804681162771564,1.8863314460785539,0.5394844311112675,0.29492470644393115,-0.02276358577014536,-0.8678562421488981,0.5136058389553447,0.4961870794943179,-0.06294318627351343,-0.7235279105224082,-0.7624793384296917,0.10803421668119682,0.27884266169234834,-0.14752741188030924,-0.08228331463938289,-0.01979714529864789,-0.0006141191309622302,4.004184914534439e-18,-1.846300217714962e-16
2020-10,3.000691425825326,-2.9673407281547646,-0.11264171879318727,0.4150789330304432,0.8151152768107031,2.8508672030649933,-1.140467710654322,-0.501156848266209,0.24912286551234186,-0.22095491362609795,0.40601969955780753,-0.34485275253850667,0.5660369800161004,0.37022295453689585,-0.04689384153274227,-0.29780456772546804,0.02427963567313327,0.1203403082053336,-0.2060480360219572,-0.044923282221302194,-0.0161786371617312,-6.598342852929377e-17,-1.356140940307649e-16
2020-11,2.2147069998841626,4.132100197385131,-2.7343002469182647,4.079554753950498,-3.7115454726827255,2.227017658751416,-2.3409864767900594,-0.4682241995053023,0.8204041097177954,-0.6102830052680718,0.6804461022084813,0.4885242989057047,-0.2629974644884581,-0.47104636140443185,-0.06941079744945622,0.06154469098824303,-0.09279621118418095,-0.12258951348517408,-0.08807652230767346,-0.10281315595407453,0.0009109717464466351,7.679150887287344e-17,1.2300220294415716e-16
2020-12,2.8796450565535685,0.34225219525657824,-0.950705300143912,0.9350440358939633,1.1576800763982606,2.1013240759015126,0.5644846703494701,0.1344931920450681,-0.2522599891093939,-0.6913457910582032,0.9241710362496224,-0.7931567204592683,0.3368535557883631,0.21144972468050033,-0.2805006480350106,-0.29425361034353986,-0.1521686205693566,-0.02686056148404932,-0.23966519057357566,-0.07573045157850472,0.0011792467490446487,-1.1337914608743013e-16,-2.1335098501409603e-17
2021-01,2.5300284670542874,-2.1027907250784117,-2.0762441657571844,0.10040451160952213,1.0541845032448947,2.7431304795166627,-0.4110429887861276,-0.18237429853280418,-0.5147041846012087,0.5682306701726605,0.5760323265196877,-0.2750210974954963,0.10674156764872783,0.5648934726241224,-0.29374375232432737,-0.2368137018114152,-0.01403294889898355,0.1365184954776291,-0.3996370394094807,-0.08124185983791633,-0.0007941905938308736,-1.7182590534164032e-16,1.443837336616709e-16
2021-02,2.226168167298402,0.11874306253957527,-4.235756681048051,1.477274366441583,-0.8546669895871453,2.432509539858007,-0.02685287264464248,0.16215329126385059,0.9750331016253476,-0.2854224996472578,0.537218992043664,0.7161829472717625,0.0810650110612888,0.0009433259981973733,0.27956928091917843,-0.09243862412670642,0.41389213444608597,0.3564045352309383,-0.16462239119017175,0.026496148397945306,-0.00909764476993424,6.022275494281184e-17,-9.922016969958323e-18
2021-03,2.380726738595267,1.6155961412588518,-4.264561797255768,1.7598051686472074,0.7369025372793268,0.6857334224366584,-0.9896124635107806,0.9751941283559898,1.659760442372018,-1.0147466087732402,-0.14088648297991055,0.606249439650861,0.5582564503984656,0.09337999140634705,-0.2147624709591361,0.2898191435796655,0.6587964348438015,0.3198417950025012,0.09555785025788133,0.01819430089767705,0.011002921544398773,6.631507721468507e-17,1.7530232069606122e-16
2021-04,2.504390190190409,1.377989464753549,-1.7436105127818275,1.4999237101174783,3.3443915595332285,0.4674074708471022,0.1063790284643406,0.44585124092648576,0.10161873442867085,0.3399591605697041,-0.08781333323362972,-0.16244446726231712,0.6189170408419506,0.25308199677890997,-0.6579415555283334,0.11097320280373968,0.30786831519118696,0.3276215435411617,0.1092771035446505,0.17837672018534395,-0.011048419730346207,1.8848581974421557e-16,1.582241459161805e-18
2021-05,0.8466663211176262,0.2054673090137202,-3.0433008645230064,2.076171929113851,1.3570265697301485,-0.7199726745571754,-0.7812333005748547,0.6634740483846199,0.4652190599766345,-0.5385604407656704,-0.13056915977979502,-0.5790086993945858,0.09342453704108279,-0.40281597026144733,-0.35999323136043937,0.34498866458455973,0.06672398856069742,0.29262562397713937,0.15077426475786082,0.032847382257938526,-0.02731527763058575,-2.723262267797281e-16,2.4440439544277706e-16
2021-06,0.6581769353900004,0.34705737544923354,-1.5097946275763001,2.0480614824833654,2.899698764668076,-0.7710846466824183,0.16043277558323837,-0.8047060572381105,0.16843435494148143,-0.37570498938169056,-0.907238828884999,0.3655097377433658,-0.42523942560918077,0.016685142140471745,-0.4230887326926203,0.07652618783685557,-0.13034882927037553,0.14372909212658397,-0.06663468534989286,-0.08791682132408624,-0.021606240938834134,1.4985061086444763e-17,1.0968729644116361e-18
2021-07,0.25397389395554915,-0.010896684885018213,-1.1556859169295544,2.4529886042230213,2.8111070044030537,-0.862503401913607,-0.4560404302560827,-0.7325348065443564,0.08225322133199234,-0.5705062871811137,-0.8008056094314687,-0.6101540867439968,0.11785147627953416,-0.5237723536953652,0.19852958654207875,-0.25601121251082,-0.11228485573374723,0.03733245206670408,0.01643603460912666,-0.14046997532229658,-0.004998304673539575,3.4153539617796474e-16,1.3553817143557318e-16
2021-08,0.3136827532713772,0.39558609599352723,-1.2019496007478347,2.4529243596619783,2.409937258407245,-0.27088644062836,0.7840931495916585,-0.6576794709876146,-0.6691628808381993,0.5214615143965375,-0.9280905124874907,0.2394854448159383,-0.4748716668329529,-0.4580956562194254,-0.4353817131084568,-0.03983689557956503,-0.2871554527447033,0.16659558076354183,-0.023690899571614438,-0.011244067756750811,0.0018405171048250489,-4.588168147537738e-17,1.1974823033639664e-16
2021-09,-0.3193687652399824,-2.7628789560826688,-3.34051840244965,1.1015737537215733,1.16466875930223,0.2529027722299578,0.8289400222167757,-0.04071953201728916,-0.4745851836856069,0.21827387431311784,-0.7136071322081143,-0.08801336935028578,0.07973959916636728,-0.407706207092547,-0.12482014224866765,0.20726303375196445,-0.39764272307749565,0.486739274452736,0.030329273954567144,0.0599118390681018,0.002340212504054151,1.8258839084334385e-16,-5.99699820150627e-17
2021-10,-0.24449709250640536,1.1953775913600773,-1.9806333884107266,2.911558636534349,2.3927794825358055,-1.2086153910060322,-0.16985194956696173,1.1821127721238223,-0.28975743732359194,0.021844094541750604,-0.7492569225819593,0.16127056923082908,-0.05159992322350716,0.21515749551079205,0.1782939822905811,0.09357366682154623,-0.3131266958804794,0.16490040418184518,-0.04517333442707101,0.0597881551619987,0.011085020719323782,2.32040253897158e-16,-2.703688848212715e-16
2021-11,-0.39265488142036087,-2.0671227764110447,-0.6951941735902774,2.319178664028275,3.547919730373868,-0.6860758933419495,-1.238535424641915,-1.5390436515047308,0.1868403644479258,-0.08971866547418089,-0.5134962073356432,-0.5876992179228225,0.26533746681257864,-0.01381177702092165,0.26531277562128275,-0.4097596289330662,-0.37165093483650286,0.04143830408892465,-0.11442274158327868,0.10246017034736049,-0.00412603229317843,2.4278718190474047e-17,-3.843305993430409e-16
2021-12,-1.5796600241002559,0.036793723739568795,-2.806475909371112,3.865153193719877,0.5107868317834439,-1.342687902204905,0.47649742749951635,1.3566397568762565,0.31090144042270157,-1.1262650824610294,0.14940026716044963,-0.22288644807315156,-0.629783066215901,-0.02507477208351493,0.5687985528205367,0.07456952897861607,-0.2970016524708554,-0.0027037578480234143,0.058629101616234414,0.10337646044437798,-0.007670375150150028,9.983409583535097e-18,2.422915485117216e-16
2022-01,-3.2816148139440577,-4.561997016600102,-6.3775981505350865,2.101897592567156,-2.595313494440583,0.08656921568923807,-0.5260207348904063,0.6012816212626241,-0.37865923868458157,-0.4295886191421342,-0.8819441847829861,-0.12910008060249645,0.09041889721633914,0.030172350366992867,0.2390793559237959,-0.3373823571840706,-0.14704031626745978,-0.10034159061610577,0.26005085876800405,0.15345081108050962,0.0021952860967039216,-4.19978654397517e-17,-2.699872167602564e-16
2022-02,-1.8543621894258013,-3.4602124012786843,-1.4240467763089157,2.9072574809979956,1.0672208780806394,0.16223991445035635,1.2065875835404543,-0.8245318939882733,0.2836691858754196,-0.36439691378240463,-0.16864714982866558,-0.4456393260182612,-0.5184944619659092,0.11369733639923915,0.48669338691462855,0.2476293164932631,0.3498633495994264,-0.49215308435463684,-0.0997741068185433,0.07097337048911086,0.005198038289494068,6.526176420543683e-17,2.0071440567140376e-16
2022-03,-2.432893238302968,-0.5749159077744384,0.083616238204851,3.8877242722885867,1.499664379749484,-1.0578411411417163,1.4314584209836738,0.8851905008877113,-0.5667992556455883,0.6302665503255137,-0.18077160927347288,1.0095565950188088,0.10403565041961126,-0.1155057110977331,-0.14114413793849648,0.05812789096137673,-0.06521629496688193,-0.7247050232244997,-0.29247620687085285,-0.03696022516284745,0.0018247245769220386,-1.746308325110991e-16,1.613988711928215e-16
2022-04,-3.302766367275017,-5.934262409924502,-1.0272013000456623,1.9629771511511103,0.45202681448739856,-0.8669008591569186,0.1625150502092497,0.022636253777623717,0.35758131711261465,0.03802731450380744,0.5978329899644201,-0.7808450567596136,0.7081525426539459,0.39320638672696545,0.16500955585257981,0.18086953731703384,-0.23862214543439936,-0.5211223664670724,-0.12720552361562565,-0.06330644119929194,-0.0015788614413907193,1.7390622858184558e-16,1.6977209545294311e-16
2022-05,-3.1672586060047703,-2.24044093607895,-1.1638815591119405,3.587739426636869,-1.6648113401920783,-0.7460714938048468,0.6787746526143321,1.186357959433792,0.09279557707087868,0.715406485214352,0.33188571038739423,0.433431959114597,-0.025506850084376267,0.013803442621602024,0.16444798807607516,0.24682128037949458,-0.1381327990447812,-0.1279285087671008,0.07065527381217097,-0.12069116766707697,0.013245626137450292,-1.3936299800497027e-16,1.5686617570754862e-16
2022-06,-2.8833921738568433,-4.528837360386693,1.373824805570731,2.0408043706446857,0.3613383727557974,-1.120950012104072,0.3464568285970063,-0.7680784150812697,0.709503584687591,-0.11411623179931359,0.5027125394340195,0.9509027662482887,-0.19178129546290898,-0.18555212972561566,-0.39227307628753383,-0.05389851209452461,-0.11670039256472733,-0.11214641644482888,0.1007384483327154,-0.08337703365988335,0.008285479405664658,-2.8277809665353526e-17,-2.5225425086042923e-17
2022-07,-2.370634473085481,1.3064004545416081,4.1146583131818755,4.707814328618799,1.36351359055154,-0.495747067670573,0.7105739456686798,-1.8666761667623528,0.021799184228493796,0.45007376198401877,0.09462061582425128,0.22732598052945047,-0.19292448790141697,0.2702186046462005,-0.22875329614219522,-0.20796872487624513,0.12068190239697406,0.02398756582449956,0.4310515759540894,0.10691565260256776,0.002027257268526856,-9.245249041625578e-17,1.13836549560544e-16
2022-08,-3.9723042682107486,-3.903783486980633,0.7681375837609167,1.2625475788939078,-0.49375204581118265,0.2453029981210554,1.6438570970832682,0.3210058732621806,-1.0281970566256609,0.5438200737901586,0.24408030036205858,0.3361615794366249,0.4307515355212126,-0.057348425233604096,-0.26946592566092537,-0.34541569269981726,0.0453408395652667,0.28247866983792674,0.46533840602725174,-0.05698090115120258,0.0015639516820315277,-1.1914482481273529e-16,-8.573102855931446e-17
2022-09,-4.575998126525368,-5.346265005139261,1.1547586984597216,0.9272547789709294,-0.8766282404693619,-0.740365477300085,-0.31608213128357127,0.43993273532418076,0.20335294199540443,0.2193296073301691,0.600245357443091,0.6395628050327629,0.1773830534426747,0.2732998898275355,-0.37202914492538863,0.05906912883477676,0.17976393325026102,0.0003980648985977708,-0.10108647024513633,-0.12853359339892736,-0.004363779768662913,1.6508706457816715e-16,6.242855626027151e-17
2022-10,-4.556403121619574,0.16235580745296155,2.9178554053748584,3.595229055744567,-1.1206863230952142,-0.6746000210000301,-0.468418196198118,0.052371827106106196,0.394035232642404,0.7138112121887149,0.7037669087176731,-0.4949476786787249,0.6103249495580599,0.35886607618318966,0.483153388991428,-0.5958698514779531,0.6015039555449343,0.1423133272239481,-0.021222644909768513,-0.14289806084601836,-0.011596503491705063,2.874100140226532e-16,3.479674268060842e-18
2022-11,-4.6939258573613,1.3235081618679811,2.3892116169412376,3.4939879161193876,-1.7871723759060132,0.07236570368016147,-0.4431189106293919,-0.864809303065208,-0.4162803949210564,0.6332725626191783,0.490364279669634,-0.924901046236659,0.016891851318553256,-0.12953302490782873,-0.3390652325273585,0.6881554601819173,0.22505942836790332,-0.04309139839848615,0.025306692052310613,-0.008265892560586848,-0.0030541638741356843,-3.193914293075328e-17,-9.350068362842289e-17
2022-12,-4.830836522081134,-2.912656121247217,1.206829434774706,0.4663526897085559,-1.7604918424659048,0.3503803396676976,2.2155242483325397,0.025219133816574174,-0.40702223705064716,-0.21500856687331316,0.8342897766921782,-0.03259551738355649,0.15787737157083115,-0.38571618253453904,-0.3286537541506406,0.22219539272737956,-0.1506247081235513,0.4420011284456567,-0.06737533466150745,-0.08555354326123064,0.008174723742689613,2.7366040552671623e-17,6.864066500745775e-17
2023-01,-4.576290688343379,1.2523371539356216,1.818592229047253,2.2244389496519603,-1.9301169427653302,0.47170542214908534,-0.5710149493027316,-1.408782217910983,-0.586180294596239,0.35444416344984164,0.10318322250293235,-0.43829831732019914,-0.3493539098749449,0.33646423207282855,-0.1665849839851587,0.10336292212093377,-0.12181748866438723,0.19974411165716147,-0.21726929181853805,-0.008882305861157711,0.012037690173745374,-9.000499952661559e-17,-1.54960307688096e-18
2023-02,-5.161367253703936,-1.848246612997118,1.2816626486445428,0.08100614388098311,-1.206117536363686,-0.11662593075297398,0.34108528702651786,0.19737518969731202,-0.39391821925035186,-0.49775156799333414,0.4558762650932944,0.16108664479983706,0.298681751111591,-0.1975686125821646,0.13704733320741766,-0.26183899934372395,0.137698068760173,0.0900750266784503,-0.028385617377716176,0.1090709392121669,0.012814218588168887,-9.566823993858637e-17,5.62104941828148e-17
2023-03,-3.972813028590256,0.4503108690699911,3.678064388256729,1.388410849969129,0.13528582113438845,-0.8399157653205498,-0.9047097885514024,-0.22259739806538362,-0.05095931208322064,-0.5049518752432353,0.28912983596311037,-0.5994310258133948,-0.7174805574986038,0.38414763627364273,-0.2226044173909606,-0.06260092618169655,-0.09383625343457007,0.2606349119070695,-0.30815113706016045,0.014352853084107864,5.7022255036941514e-05,6.95667111132987e-17,1.8693018169479646e-16
2023-04,-4.631574882295018,0.13214789608824531,1.132016978534926,0.3783414089237571,-1.6750726969045329,-0.04726304452275987,-0.28828548847139096,0.7469458892041473,-0.7431002703527724,-0.37989612404112794,-0.588228523865527,-0.3226303275072025,-0.5949294912525248,-0.1785149757271427,-0.12349177476292622,0.1001575868682266,0.09024054276575297,0.29697578573390226,-0.2798673600546126,-0.031999670550614714,0.0008011290766305262,-7.641886089663406e-17,-1.7156479172731025e-16
2023-05,-4.4469977538028,-0.668027245849989,2.5294815817966096,-0.5060127903586767,-0.1787143908005624,0.4811240799659386,0.3681577311396216,-0.49462490628297395,-0.6909068481551952,-0.14089294646570505,-1.1825571563096426,0.4604385391525777,-0.35101593473221854,-0.08266567572282998,-0.2973316039955873,-0.40008842259505056,0.30802905923316937,0.3196066808432212,-0.18374480970017537,0.07420112152429888,0.0013916435582692524,-5.4054784836578403e-17,3.577901458737441e-16
2023-06,-4.894997498008105,1.831292856781876,1.409948222700921,0.27131268402005587,-0.8402618858273803,0.05251238786726507,-0.4179758653129063,1.1280197597776134,-0.5795023273939977,-0.6355987295536091,-1.0097655967733246,-0.38286001085551546,0.5583314701005471,0.03481683933261924,0.33959975110705815,0.08773242130638396,0.2786551236327568,-0.24138265356622904,-0.2373491024320396,0.19749013975763663,-0.00354096326064241,-8.96768988024428e-18,-2.6586938312389715e-16
2023-07,-4.624209244261356,1.1219136616646301,0.5809278986771915,-0.8292696622031437,-1.5904479659041717,1.1327031763917426,0.6237058331702352,-0.2438135248187245,-0.37181512704837566,-0.482158549873296,-0.8951021480010439,-0.19575716013633557,0.3437335551975207,-0.09813295154087041,0.02106618161455657,-0.019094384192706072,-0.048383815418057835,-0.14374074864812186,-0.3841396889269677,0.23351456322165323,-0.005426224989636721,-1.9062873068051856e-16,4.796982065177748e-17
2023-08,-4.418338181042267,-0.2540264203071018,1.139258276811372,-1.561646358560733,-0.3921274921344307,0.026433120045367384,0.5155057789357077,0.3233840129954932,0.6105153261145454,-1.64093800777152,-0.6699739202478984,0.2039924229391895,0.15153471016613382,-0.09884343521529161,-0.02899568074811997,-0.02176455426384633,-0.018858667805170207,-0.0019063957415545413,-0.33648306258760263,0.18936756092546173,-0.0018355715315181214,3.1904311332847147e-16,1.6379265324816407e-16
2023-09,-4.5197398372513256,-1.0489433377799184,-0.12417714644122253,-1.9656755562535997,-0.9054781417567518,0.06509206084412592,-0.14239696590285358,0.15971907578428246,0.8923741477593122,-0.9615071556495526,-0.6687290996794036,0.033459447430600156,0.8272220121863811,-0.30209909128413975,0.1625988073548693,0.41389374119393446,0.1993716092937064,0.14859248775664158,0.04131229312190855,0.012089885250046485,0.009631929802104046,-6.310930694999688e-17,6.947045667413008e-17
2023-10,-4.031854979723895,-0.5789527978361277,1.0705128928643435,-1.6829722011616226,-0.4865115375931116,-0.4311594158810581,-0.20889262342166254,0.33840707794519426,0.9885533723149765,-0.17559576562482718,-0.14416547917521103,0.4020553186083047,0.22672863371028176,0.23343572662603312,-0.11724387280302084,0.09171181177626046,0.1419990269618712,0.31650968324944484,-0.15026072209682848,0.001804232622641359,0.011161950710529514,-3.9350799496885683e-17,-1.3758053533785223e-16
2023-11,-3.305607100482048,3.74493999678892,2.4744104525207398,-0.017578638654631676,0.4191022620663688,0.07764824027058093,-0.31019308919350347,-0.005981287004341329,-0.38721650348190273,1.0947695717820836,-0.19686878646577485,-0.40185674919610365,0.5316601980220467,-0.13872201567509648,-0.012947496728854455,0.11006019722015714,0.006907705560877826,0.09236863315893695,-0.16731554253691575,-0.0031741172709837053,-0.005754357527098011,-3.956191769071653e-17,3.7850678256702635e-17
2023-12,-3.2016121876910777,2.779530117142389,0.997282289706951,-0.7626986736244424,0.4788589079151069,0.9224739879254702,0.7696670988799421,-1.7719718538625617,0.6129065454283171,-0.9141790588232985,-0.536425346445918,-0.49144045980198675,-0.06059812732286891,-0.13969345861474425,0.3047047492712995,0.40599668590259996,0.011655747966012013,0.13193255165311085,-0.07922164945801626,-0.12111035453201897,0.0031514262658239125,1.2641798830467523e-16,-9.694444674098299e-18
2024-01,-3.6888604234789564,0.8905448550238082,0.7341644500404876,-1.766963497442648,1.0409390613953409,-0.24631857348669095,-0.7576637112706978,1.0645588094801473,-0.3908349493814325,-0.10235886342175511,-0.28957307446539304,-0.35437589754054033,0.2852331473163737,-0.2564653444760902,0.18592135413680233,-0.36840120120193043,0.05845462471657947,0.22562083627172544,0.05394635666537805,-0.20351370842506236,-0.0008743585120761523,-1.2772657172084846e-17,-1.0518687567248739e-16
2024-02,-3.7065577061313784,2.3446976544410196,0.7948251375373777,-1.388173846993054,1.6498007048966092,-0.19768385407317424,-0.858012721657125,1.0110599108407126,-0.43077586646569666,0.4874216636246624,-0.54122581151379,-0.14370125028081746,0.5746694107589874,-0.2848818296023284,0.29385424187176185,-0.29188786779964426,0.3604654911416733,-0.13309237862823037,0.05887498220659735,-0.06683888344142275,0.0017473935288234398,-3.640792945499192e-18,6.260320153308118e-17
2024-03,-4.131745430215628,1.800857271791203,-1.0189891399212276,-1.5872540417784808,-0.03977031049961405,0.7047135166809089,0.07018046291265594,0.6834979558167196,-0.2497426793265744,-0.026188468938503413,-0.4220382853288943,-0.28831330350971685,0.40710597112657654,-0.3354939453518893,0.35983977871309053,-0.0189574096315928,0.19609883414715198,-0.054417142729670305,0.25367950932144956,-0.09607325783057534,0.006953407554965208,1.7318133239054123e-16,-2.8824686410950065e-16
2024-04,-4.364907319938403,-0.054523598513782426,-1.387687643557077,-2.1836105368841108,-0.443899659295709,0.61299580773287,-0.08197698360207606,-0.7013416524239231,0.7429627648936896,-0.2916469887785384,-0.04390586837716801,0.6516785747620166,0.012602399072329847,-0.2216101752553793,-0.3426265862931674,0.21767623551890333,0.12351018275501807,-0.16492497054601252,0.00405201247591115,-0.1509013277662374,-0.001138281416600383,6.96049228904737e-17,-6.621841035250098e-17
2024-05,-3.9252909408415455,2.3540033039745003,-0.6075538131982797,-1.3339916654427888,0.46721987511358337,0.7879800101036617,0.5858399757093445,0.4112377665421029,-0.1993690269044357,0.4614948980490602,-0.07552176559966073,0.1515730360133903,-0.015570279946943481,0.27270472668735174,-0.10612162315373885,0.17738400230211568,0.3073646888176533,-0.2028363025643975,0.08521643728741445,-0.10041254755546117,-0.012146066362645754,8.309696973718335e-17,1.515173346115764e-16
2024-06,-3.475949205328903,1.7004811819180925,0.5346942241534921,-1.8057068122590076,1.6491441091581578,0.16098660545453877,0.03734529510261805,-0.0034979499725157977,0.5213559480366663,-0.41226288780329495,0.01017067634096664,0.38679717160843946,-0.3491477952066761,0.4284115429939437,-0.20277326715788446,-0.5274203324860539,0.14912955147188928,-0.19806793156690744,0.15063650818294785,-0.09504669682034314,-0.0064446896012561915,-3.959950806178295e-16,-2.894502847748969e-16
2024-07,-3.7018417250955555,0.6307267308666412,-1.571484727058397,-2.0362553950327174,-0.5186250854505065,1.780164997447451,1.0112733837473964,0.0026005681519033525,0.022003643977992107,-0.15786868997015355,-0.0215942722310841,-0.5954593013892984,-1.0418392063995836,0.8605091165410506,-0.24740754703247894,0.425582607755103,-0.03311049040775877,0.018179881313572375,0.16481537728713413,-0.07410528326198898,-0.005269933934985904,-9.44547591209117e-17,-4.2486308103481644e-17
2024-08,-2.9138957232510005,2.2330827888325433,0.5958790867109944,-0.9400884552521418,1.519372054381445,0.14684256742156634,-1.3366525434813379,0.007092200288586549,0.8021248864737006,-0.260534116199493,-0.05212256053568512,-0.3554406086254973,-0.5057869491894326,-0.31998606033824567,-0.18290917651226854,0.027493986356680156,0.009888082937201535,0.08490081976362579,0.16641182246956981,-0.06434178666697649,0.00015864079598557865,3.228026080649514e-16,2.22944221906672e-16
2024-09,-2.983501408163059,1.2982339066735844,-1.6439238677689159,-1.4428022770665119,0.4063868213250395,1.4791839822272934,0.28045086967821325,-0.24865943282931666,0.5212539365414361,0.059662313446645535,-0.9337505230924859,-0.058623853175549516,-0.591273099207379,0.3397127214723494,-0.1310308389586515,0.3601054965427135,-0.1287313479999647,0.07650047171479918,0.11330549111669126,-0.05224804643544578,0.007452422931062768,-2.535869883263932e-16,4.89610049008726e-16
2024-10,-3.2551190645121117,-0.500301511555293,-1.824604546761899,-2.4617346475133552,1.3528308780355722,1.1621606180900963,-0.2861329860606343,0.6197518393486757,0.576305397850179,0.6123761120664665,-0.7958247270552685,0.3546255823036307,0.18978418062735525,0.5172738309892185,0.22613405998551725,0.06375804867869808,-0.036307722457188246,-0.10853853594582945,-0.0974165124046487,-0.07533804522451525,-0.0009381704114312883,-7.344801515579732e-17,1.0006607163786292e-16
2024-11,-3.1785766109564877,2.3407542948984212,-1.0975588305789548,-1.110823881762221,1.2603382434623949,0.2934038690050709,0.6206477400928992,1.8153148381712074,0.4709988595467012,0.4011734039357506,-0.2501409607408317,1.0696576938595,-0.5062307860909359,0.2382183599392803,0.06509567943984654,-0.3121308999191322,-0.08695634140824748,-0.18785599484260762,-0.09319630278148867,-0.014998563778929372,-0.000539097035799807,-7.617874481261577e-17,5.126010585320267e-17
2024-12,-2.9808996642370524,0.26812370285673665,-1.3901272877400508,-1.8624045479757962,1.2531490429664982,0.40796966011208585,0.14190936212441857,-0.7595882896290166,1.4027463239450222,0.42620721642957987,0.2327451497081735,0.17666491766757395,0.18176485245300852,-0.45747706382317294,-0.15776215720865452,-0.3298703981894193,-0.2075327633724421,-0.267389608525886,-0.027979567197512233,0.033726788924612804,0.0046874981731429306,4.375935434008715e-18,1.514437628053072e-17
