month,PC1,PC2,PC3,PC4,PC5,PC6,PC7,PC8,PC9,PC10,PC11,PC12,PC13,PC14,PC15,PC16,PC17,PC18,PC19,PC20,PC21,PC22,PC23,PC24,PC25,PC26,PC27,PC28,PC29,PC30,PC31,PC32,PC33,PC34,PC35,PC36,PC37,PC38,PC39,PC40,PC41,PC42,PC43,PC44,PC45,PC46,PC47,PC48
2018-04,2.151053953525636,1.505582351456207,-5.929249572282683,-2.2865103423663213,-0.1639933952997037,-1.3983634842436112,-2.3202077003177592,0.9821318300195958,2.0757401822073556,0.5445405357970209,-1.2171436419661412,-1.2999335900292683,-0.3823583386229569,-0.29117853556195084,-0.5385639536146513,-0.3256283134453253,0.24586397330402945,0.4387591449451046,-0.15047230587416544,-0.19825189297838314,0.15756164087897132,-0.23512253061980481,-0.5651472906200596,0.16406018853616192,-0.004144562283288602,-0.030841372187731475,-0.5321967856421369,0.011304089972118514,0.10464919686322376,-0.12116145008376136,-0.2150812833358255,0.0945593328770385,0.07195486129718547,0.017337918028988968,0.03536210318189396,0.010538231397795288,0.005604745244658406,-0.02230781419419625,-0.00015166999605638004,-0.0064388326455757415,-0.008118669778938641,-0.015556106057770459,0.01610839833803702,-0.003858563239633738,-0.006483246172957028,-3.5880583002619395e-05,8.97203215250522e-18,1.303229765690506e-16
2018-05,-0.1668447430813674,2.2245255365074983,-4.399846749600101,0.3080624811397659,-0.43122531224310356,1.540871191922047,-2.462230577047007,-1.6455438900847945,0.6112359731768621,1.4354915383465907,-0.9582924740298736,-0.11753863482616154,-0.5821172596953621,0.7328554627525818,-0.6114576642966071,-0.28937560405375173,0.038900811872462575,0.39073550042556937,-0.14763656985431345,0.01774500566918376,0.22224933242981665,0.11700361816429355,0.10577475871791034,0.2785557449974168,-0.04030804032007651,-0.01690952559013454,0.4776387076152373,0.113761803053737,-0.11605742046111961,-0.15661359928313845,0.1077189146294585,0.02717171791539805,0.05723835688848118,-0.018504288935975322,-0.023561549518844958,-0.11732567790854366,-0.03144475580878736,0.011993854315523418,-0.003304122385872653,0.030353870873647264,0.034390459326477094,0.04058221453142092,0.023256745696599402,0.022966751904987814,0.007113795516203526,0.0016187699864215791,1.472582196660336e-16,-7.614514132020433e-19
2018-06,-0.9401878349892325,1.4289446693954109,-3.911972738629604,-0.45663322091531844,-0.4713967895303554,-0.5716558629081397,-1.0872967332237133,-0.07689035597469908,0.5518755651912285,1.3534956565058072,-0.17287111203804947,-0.2749862086426106,-0.46243730243605036,0.08066113802212474,-0.8321784393975209,-0.8999356960379647,0.33447667724308033,0.2780510054923359,-0.27522575488481,0.12801154273460044,-0.7393876693868356,-0.09524325448307104,0.3703899246184062,-0.21526714816883152,-0.13188069552013004,0.07408305730289055,0.4145799771781285,-0.07524251431089017,0.06996177090660438,0.14309986572749286,0.151386002187602,-0.04882552678121754,-0.06828988557184047,-0.03549380004950799,0.06070681909845132,0.0745041708170576,0.012298204426846144,0.01081180860112007,0.00500246153422261,-0.023222082959201338,-0.044456086034368694,-0.024811988132016242,-0.022530632197830774,-0.019760784940787816,-0.004243771179300795,-0.0020190496167308697,4.930881641865959e-16,-2.599715523133829e-16
2018-07,-1.6581560877123283,1.318331043949426,-4.4919665851462245,-0.2769362441720042,0.2676378681270214,-1.5683315478567084,-0.09645363960855512,0.41501137726379494,-0.9061623979391619,0.16002660406111738,1.1390796676810206,-0.22940308122700187,0.11225675474917818,-0.6947960693369998,0.12836913194952837,-0.6871341630877452,-0.19110282058213726,-0.008604784982801756,-0.21353626355962227,0.05732978411939101,-0.4962251325922047,0.26609492384703765,0.3157878459565562,-0.08641014370896195,-0.2774973815125638,0.03687204477859086,-0.29145106161533946,0.34820424414484463,-0.10595164888427598,0.08618663624375163,0.04749801734145328,0.11718976318855606,-0.007122582132309377,-0.02571173720032414,-0.07782159751069849,0.055953975783564945,-0.011109728222686898,0.03376539994609676,-0.0018122490591679483,0.047050060331077025,0.022544572454553383,0.02361658749070964,-0.026615698368811273,0.021536520491074334,-0.0028987796643486705,0.0033524296435473535,-3.9104512951670437e-16,4.222203794273788e-16
2018-08,-1.3980152004370634,2.191353822606751,-4.301285417520196,0.26790045930349643,-0.3212237253416494,0.8862374409687978,-1.3697927922450959,-1.2538581060293859,-1.077196120882358,0.2513080618137189,0.4032685347109327,0.21368335635409763,0.12375765862169437,-0.7469172219270509,0.3213117944266807,-0.34916797442999664,-0.30681370080874476,0.0026389085979692537,-0.10128801960644847,-0.17227553427430078,0.0072267112472358735,0.2188151082581242,0.16585474993687466,-0.1782453455138177,0.03977926062553498,0.109192028594663,-0.25875927071950344,-0.07527339182282007,0.04623933837290989,0.17878038691072348,-0.16671293476985266,-0.08346140457397087,-0.04676808759943176,-0.01545723007140088,-0.1451583384377489,-0.16537637912179048,0.06226029496981039,-0.05032820239279147,0.02660598710189441,-0.029461780538032577,0.02453888521346912,-0.0055806856784713305,-0.002584077286687605,-0.018234704212672745,-0.004353981703176839,-0.0027790005506223214,2.4042671468603947e-16,-2.0336249837414205e-16
2018-09,-1.4276645874640277,1.8201669089592387,-4.408080831032447,-1.080267736300967,-0.3197015571198898,-1.0759233578826013,-0.4530716168561206,-0.7349102135562386,-0.7331544454855099,-0.35176696444246086,0.721876241274858,-0.4257011272913245,0.18722717089678267,-0.5916140109869243,0.41204624665271095,-0.05890272038826444,-0.3760374306373865,-0.012605119031308112,-0.24299898630519787,-0.12630422932869811,0.2682780374425088,-0.13218284755852638,0.1364219468842681,0.01736207024658442,-0.16333527332253767,-0.10060077111482132,0.13320433964731956,-0.12493894629946191,-0.14347881750358765,-0.027941476630752516,-0.03205155756368063,-0.09176481800580752,-0.044405743880512716,0.10566664509732993,0.1283186059111651,0.045504781256325996,0.025332986679296253,0.01903152545947266,0.05168097716105892,-0.05934492679724955,-0.009552406450474232,-0.02652545723437672,0.00308962349641118,0.011685793684851568,0.015783446260201336,0.0008551539384813561,-3.773275857169418e-16,4.481855495071378e-16
2018-10,-2.2581195511761214,1.7079249475541065,-3.858605234849874,-2.397281665103298,-2.398024144003257,-1.0573441316914318,0.08655519664141921,-0.003703713178266494,-1.6412633859569596,-0.587936250706096,0.3580688148215953,1.0854094311827214,0.49951321141710653,0.040294352362170854,0.5138194918470277,-0.3125240744785433,0.3985434885081226,0.03586377660942073,0.09161292063351908,0.25328562677948196,-0.104645648353635,0.004526680737391974,-0.09267613720572238,0.15459286497730862,0.19956519354407384,-0.34289186050343484,-0.052751221276918676,-0.092776961797055,0.1593759376391091,-0.04616331088962389,-0.01870634798817626,-0.05007843445306096,-0.0491915269814738,-0.10967065225336609,0.0764018982848041,0.024068796020115496,-0.007191347837478712,-0.034650511370950175,-0.024065304165090295,0.0408282592716305,-0.008401677326609507,0.000527357753264915,0.04553236089895735,-0.010332449277562793,0.008884120584253983,-0.0006891438251971665,6.766497220946151e-16,2.5054434575165264e-16
2018-11,-2.0696065805961283,2.6070139761775866,-3.981188690384734,-0.1966932317663919,-0.34819264033911723,-0.5176024098489792,-1.2623280810460042,-0.04515045572288663,-1.6869743488772424,-0.48112254232302953,-0.22140336133166078,0.7339190686756126,-0.12196449157498021,-0.005964492564493854,0.8502457415688925,-0.061985054805169144,-0.5414476618613308,0.09963037158819744,0.372597039081777,-0.2009884818264198,0.2856203668331232,0.17788769989772363,-0.22244392415579528,0.1615245600420492,0.26070026117702094,-0.26099679811899074,0.25520899338415753,-0.13235658681585225,-0.05115357899433047,-0.07215159267687944,0.04392745412737321,0.0035978877053919984,0.12218956013815949,0.052639185044821575,0.04593192190167748,0.07484573467247718,0.00819474350360174,0.008721431798228572,0.047060875858308544,-0.009935268693296744,-0.004485613998954372,0.016106240430760862,-0.01942159472846301,-0.0046494143192131925,-0.02169872714894051,0.0029759689018527555,1.3355006382924695e-17,-2.979151322987131e-16
2018-12,-2.1066086897353276,1.9824299074070777,-3.2727814275038134,-1.926104147802753,-2.8156586208044723,-0.22172427461392896,-0.9238023490315239,1.4989514274445306,-0.314927507001851,-0.9854672164148691,0.1447079784452192,0.14305086387119645,0.5211862706617768,-0.25559342026384085,0.8670350504846605,0.5460725631497471,0.4467633946891015,0.39950773219892044,-0.05302087953347884,-0.0758464414116059,0.3866116436456405,-0.17952839657194775,-0.4999194893593268,-0.384131068065393,0.029476711242540567,0.2614713515282945,0.22750473363862986,0.16416361967423698,-0.0062474089696663284,0.03649862795794831,0.12022913857746835,0.04711281545591022,-0.06119522287471307,-0.02745704230031715,-0.07922965842136354,-0.059518140567421954,-0.0875073024065861,0.055980749615386835,-0.05473907795357457,0.007734707981952738,-0.017064432239791816,-0.001602813945387028,-0.012157665018890755,0.0027682930198489795,0.007216544768300272,-0.004132586630397207,6.642573584236077e-17,-3.5343757577903956e-16
2019-01,-1.4912386740387973,1.8342619612429576,-1.083043307501954,-0.145941554022344,2.4215330787208305,-0.2512063711452301,-2.5502799212481944,1.4511623365844843,-0.20548915096584908,-0.9126595278217153,0.10259949228143961,0.6901898096144219,-0.3519492273507052,0.7756334563631546,-0.45399568197351925,0.5402990211076394,0.04796905766956494,-0.4393664704481758,0.1869724486231987,-0.09045967471283096,-0.06098956236982337,0.36632107487706717,-0.08591988905206997,0.2671993609193778,0.011845899314232734,0.07561848789845424,-0.025718954104967575,-0.01401833452414692,0.051189099052868475,0.033335510038329706,0.11132181137177781,0.1419086168723067,-0.13741890595340764,0.015605966164230618,-0.06809860592317056,0.001398965358957456,0.048556513714465246,-0.017043635609924924,0.03982316699278549,-0.0196724309386778,0.0073753347676963005,-0.024733685295403488,0.011254980914767322,0.0007638199693179357,0.008756092666973908,-0.0014236718958176504,2.1278140986475068e-16,2.953158226327694e-16
2019-02,-1.4639310364548332,1.6243675588725717,-0.7668109277470988,-0.813886328221689,1.3716999518084245,0.07719465402368343,-2.1034464700187225,0.8014766713302562,0.16110868927730193,-0.9607757965147555,1.098761513468419,0.867426834292048,-0.5343908593499351,0.26819735772026093,-0.7829692667682376,0.26716502486083027,0.19684552956147458,-1.0369953899368336,0.25940877065606127,0.1529994725380287,-0.023301415258652085,-0.096535432668588,0.05745149280006631,0.07728369517200444,-0.10611422070941656,0.04493346854096975,0.011549338600131768,0.045228270588370346,-0.07802254432299255,0.06874963364414403,-0.028234188025875875,0.07583492074025404,-0.012771820784460151,0.053261065759230175,0.09716270992768207,-0.002264750812040611,-0.014823237347804918,-0.0740474528655208,-0.03536942730572106,0.024838497869117744,1.7830611232822393e-05,-0.00899652052450278,0.001752852001646662,0.018182184438058278,-0.017946406090353816,-0.004719934914946869,-3.2595674860608843e-17,-4.954799201486804e-16
2019-03,-0.9417733003451864,1.7312313523247618,-1.5545232110223832,-1.1337482379929498,0.8295301095000593,0.8956523180151724,-2.4599369521169248,0.7960919690360314,0.9067555191502324,-0.7138521910810315,1.409458525414032,0.17306405043431444,-0.29717854618315415,0.4599767258921314,-0.3597221256320467,0.6225006142407338,0.5613510166449072,-0.3772382191015223,0.0609333109001602,-0.27587022146449613,-0.13776098689182156,-0.006987711447675857,0.32452149606198494,-0.07207179758674587,0.1831751713002787,0.2870584682927689,-0.21961388688446268,-0.2932796309472033,-0.055908513775486224,-0.1191043438094319,-0.038704463883028194,-0.18676902834803516,0.11036766431330053,0.018308282208546134,-0.04797007985699916,0.028876486080016577,-0.016836143366256485,0.06252429129390362,-0.04018633175994198,-0.010173725063633217,-0.00581972695763918,0.030465519011619625,-0.018871955371871123,-0.015261828735727128,0.014274816474992317,0.005637516851035718,1.922618821165433e-16,2.4254836256400927e-16
2019-04,-2.2421866150961174,2.592043853239781,-0.4867203955302808,-1.0279270345793008,1.9680646166368598,-0.17996282159927704,0.5745642880014752,0.09398960531153519,0.4513431524894642,0.5042948911017149,-0.919677795115726,0.18387560801276037,0.24668313219535673,-0.42339819655442773,-0.012542880489021567,-0.24904624486479202,-0.45188839094078653,-0.9729185511541448,-0.22391685017826288,0.5037572651610308,0.2547565898102564,-0.555993236286509,0.08684466808444262,-0.22161885529256747,0.26990480269169986,-0.15647713344291347,0.011756711975746256,0.029576025628605618,0.1062366888900121,0.013159170510221505,0.0731246565405479,0.025558299953251373,0.07675138376696886,-0.09603178948759467,-0.06131608514382003,0.08198761739133535,0.023323052566595552,0.05024427145103569,-0.07158373910729764,0.02249919856268031,0.00037307449702955395,0.00835604932125794,0.015018783333213428,-0.01617817323951149,-0.002896503111977635,0.0029528114475766564,-2.590746637978109e-16,-5.0354579704637334e-17
2019-05,-2.82452964368463,2.5883396380028647,0.4977290161257143,-1.696317653051708,-1.0065468097409254,2.012376403003839,0.107172064572002,-1.23921126438485,1.1704069488993412,-0.043970859114641304,-0.4831094959096664,-0.9220939137999233,0.4723039455802328,0.15351179032295842,0.8099949002436543,0.33998741937876287,-0.03837158493538884,-0.7529537464090859,-0.4248677987563957,-0.04353538476312986,0.31850439767620203,-0.14430511897162568,0.17880549188428413,-0.2410293382226191,-0.11359822519464512,0.1279239057184161,0.03605550562378767,0.22924925727327725,0.20671276048611828,-0.01477308136851737,0.012445999760342101,-0.0074613090968056565,0.06384915367614838,0.12462471138244159,0.04294500978426914,0.06284230400994116,0.07605664228139648,-0.010009425942483897,0.02524234908792123,-0.0050778581510361335,0.00888731414970629,0.0065493071945936536,-0.029453659014182915,0.020014812690804074,0.0034228206765336776,-0.005314091189279101,7.303593651956344e-16,2.13786465080085e-16
2019-06,-2.457418562452334,2.5916447181513163,0.9723849928720107,-1.5904094364151227,2.9532075001212084,0.25409013788229984,0.6885602819593,1.1301749578414237,0.4909848640325535,0.6092485115794768,-0.41139717945723875,-0.9263012092940236,0.4711328593502435,0.06922912850473643,0.2133598115680373,0.5020234167378587,-0.1263020866430556,-0.10387319437754985,-0.5649563835231909,0.31268512573178886,-0.09089660316264156,0.039632183034299495,-0.12403993702581272,0.006616501554727977,0.40544508088822157,-0.1590549932328012,-0.03319744253217565,0.11096188240304748,-0.15506084297688122,0.05876348652207971,0.11717720823211047,0.010805333492845879,-0.1145472106712259,-0.03671053695662715,0.012150497352571269,-0.028516791371053465,-0.041532454200819434,-0.058438311581013494,0.04431564991481235,-0.010661451928411282,0.022744842685248474,-0.02275733671778403,0.008339522884796327,-0.019205830878551412,0.0017157553999713935,0.0015485018226499693,3.206207992958002e-17,2.5078983288176387e-16
2019-07,-2.6838962361298564,2.6688522904559226,1.2271324432579072,-1.919022760509426,1.6349511104729693,1.1558889240708292,0.615636602471542,-0.7962260280987671,0.4550955320715211,-0.130381385089191,-0.7940856531350922,0.08419507813923081,0.1796798149902222,0.2504850893020456,0.07270695684519055,-0.023123481968149163,-0.06591369990607013,0.0824868249559746,0.14455005386387645,0.6075499354886296,-0.12651627709565008,0.1565854856710672,-0.14806245595421774,-0.12137705813825683,0.11063838772465015,-0.052002920791315854,-0.06169838172070399,-0.13805649880799106,-0.12981477773891534,0.0655292243837747,-0.1426585889866531,-0.05100743020030825,0.048631952970618425,-0.059310720256141855,-0.06113820743418965,-0.009788133505525674,0.0068854545196538955,-0.03175531403592134,0.007654845456775843,-0.05812396220800686,0.017115633147240756,-0.011700496063488084,-0.03306993652389349,0.024968347241440134,-0.0024632813471140583,0.004879312617910222,2.787730223195519e-16,-5.373106354193119e-16
2019-08,-2.7995699804626275,2.5778515860271627,2.003770138407975,-2.7150470658571444,1.2817200279363645,1.8070076267468127,0.7088848845908744,0.19612203671893746,1.0185368111050368,0.41652540429749185,-0.30484340213526107,-0.45577190220486774,0.26884581368544797,-0.0528596073059265,0.4841798605357087,0.43501415464557636,0.4511158334405501,0.29357396427168136,0.29445581986924496,-0.033692958403631776,-0.22589041668304444,0.3745704915756195,-0.047428137364964096,-0.062093062448118415,0.05940561616970293,-0.13824367893625772,0.058138325302537375,-0.1273128037059249,0.07374658268953682,-0.06317671664578887,0.1110907527548737,-0.09272375553306703,-0.09399955352376672,-0.0282581969402823,0.08594093295593344,-0.08603462265918382,0.0010825444026981532,-0.0010162823057210837,0.0072478320788095215,0.030725546480438952,-0.03687177231058293,-0.011962184846274126,-0.022234108757985566,0.006219379784289017,-0.014198968580714321,0.0015772718146651024,-3.330522030155821e-16,6.453416876353719e-16
2019-09,-2.5977395523410562,2.3238211650650857,1.3706286743077902,-2.391667841248545,2.3811355205637432,-0.49225310352661095,1.6337605510532305,0.20177266189964355,0.28921554241536324,-0.7317626085371608,-0.9179014478465372,0.23456396202960791,0.41238693210945276,0.22599324096325765,0.21042817911925257,-0.08415040901496858,0.08503289955168242,0.1126378787237047,0.1560906831600779,-0.17364647538441694,-0.13176706672918972,0.39491112431041,0.10532385260876179,0.1697600054668574,-0.11645306851803673,0.09575087468938416,0.06860221315487225,0.038635230105845894,0.18163564401763757,0.04741078086670585,-0.09453638413566261,-0.04115439805138862,-0.06450153142005424,0.031349111970228855,0.032545358576711494,-0.009502872394818233,-0.005375346589525029,0.03870517371347232,-0.0318083145224835,0.01966757411397524,0.012947461451536987,0.013010222428348267,0.014658278167954383,0.023850562479706156,0.002572191129443702,0.005352037661851012,1.1032701057028474e-16,-2.716364440996336e-16
2019-10,-2.343350663834269,2.645740566866723,1.2155957378896893,-1.4696358917429881,2.5611014781805554,0.8230519466398203,1.2745052492931994,-0.5234130074732022,-0.04744091524147773,-0.3961625679325113,-0.783947059511395,-0.10571456479124798,0.57764383834289,0.32292662999432725,-0.1411523351621161,-0.15199619255200275,0.03243969597994741,0.40591526364498703,0.07708702810533984,-0.12395959674206813,-0.16083753529062705,0.009391223011417081,-0.22229616761369703,0.034642292608482936,-0.24648456761491275,0.24091339823149405,0.14339450708617452,-0.04434447939552253,-0.20500709364323602,0.10706931992636354,-0.18947940804710017,-0.07437220237612464,-0.02440109368520865,0.024399677847767504,0.05297075320082276,0.02017516422835046,0.0507155275030077,0.023745836067538727,-0.037236489655963066,0.035096398727393806,0.02743794640861392,0.022268850660457633,0.0019957452819400747,-0.03100783626450508,0.010402383801979076,-0.007586536343694154,-3.7366054872772867e-16,-1.99130510976325e-16
2019-11,-2.859435535338172,2.5987310088887403,1.7796825966350904,-1.090134405497657,2.4328192991804616,1.1584904334880042,1.5609452646360444,-1.0104447638240885,-0.8707379819132803,-0.48921114937455396,0.3017312687316826,0.34184977251390064,0.15301717268410228,-0.046209803127957284,-0.23053878374370962,-0.06043426568659975,0.27300584877674944,0.37161461199845824,0.32978273015989096,0.015965843143350967,-0.16868274096641073,-0.1953999246287127,-0.06113503243713839,0.3914426493092613,-0.103810859905241,0.03772953290737944,0.024271218072392537,0.15597078120953825,0.09411858165142696,0.11629494451642586,-0.02220230472812649,0.1418420204659805,0.1584362583085081,-0.06385378052975389,-0.06478887469929642,0.022996463111319816,0.01927863017060842,0.012005067475738438,-0.002806133680443998,-0.03733179998192548,-0.01102963930097619,-0.0068966255607168896,0.029157455842985437,0.005584026523042918,0.004312619473285129,-0.0016665415733804082,4.676003790190363e-16,6.320087839382999e-16
2019-12,-2.3290323217319906,2.2359319096137646,1.4878022544758223,-1.3436529378979853,2.1466499630984828,0.5602971493509439,2.2489467282614464,-1.7222823728049377,-0.4852046481894271,-1.090965697457699,0.5207706583823473,0.09767350843561982,-0.1742964537525388,0.0702472485460513,-0.7368896336438309,-0.3200675246186887,-0.39312559883302567,0.3122874652819399,-0.10226912697080051,-0.1981825475222507,-0.0228310818624666,-0.39127692173900486,-0.279323490089903,0.15942269065308073,-0.009097932441587376,0.053813285255664985,-0.2665620683219087,0.08189242680798386,-0.1646731619361732,-0.10771376539327777,0.14280437691227515,0.016378106076827444,-0.040145873899438654,0.10334086500185474,-0.0026699942968973554,0.05125863436589425,-0.04842766477931742,0.008523761044335963,0.05922442988239203,0.010271891273922607,-0.04554246507915044,0.02644501391044489,0.006093213188491895,-0.011084540629736841,0.0008325496938602137,0.0004121193450217877,2.3612682302374214e-16,-3.5933373326895452e-16
2020-01,-2.6805642459667594,2.4752254090786376,1.8866016666515373,-1.5597908078878648,0.8693881400292076,1.5418127752595734,1.66091681758954,-0.6604007078266031,-0.15400479265083705,0.6011667350323799,0.976877581079044,-0.15659913471464632,-0.40858148272437633,-0.5269744650158278,-0.14473756836276677,0.050269245434428275,0.08722889097156375,0.12915868871213365,0.22611888758927892,-0.24539679447332738,0.21863283340010728,-0.19755537513445692,0.37111880657974733,0.017408872745108845,-0.032389774718143687,-0.03265441281576791,-0.09019335836809637,-0.06405515349446966,0.012773800930646659,-0.19351677656013125,0.1154565446277554,0.018787956676395483,0.10714552665598649,-0.039432552650937626,-0.04099999719336237,-0.10138421368006492,-0.09785567044423676,-0.028697967382549858,-0.020793187795765337,-0.014016252697421589,-0.0035999968945398635,-0.014887576310014937,-0.02260035264255116,-0.007489107013557857,-0.012003131721633996,-0.006448906883397773,1.5540039841634957e-17,2.408010054019481e-16
2020-02,-2.687900711978237,2.222485175167075,2.766655237937722,-3.051643122624773,-2.2740162883755595,0.6906738020424834,2.5387289708482674,1.2358488360479898,0.08651763219172033,1.2064986401289501,0.2647832033794749,1.4018181403748045,-0.6627259737044167,-0.7806570896394601,-0.5367709351996102,-0.18192164264896205,-0.15068878869599162,0.30498943730066,-0.037294095786969295,0.0036060349694435646,0.5420930750817324,0.19510653305682527,0.30964453790512253,-0.17785917846383695,-0.3306755174512889,0.20667996600649524,-0.06070867967728511,-0.0004483336917244532,0.12394990949696778,-0.18966873270276183,-0.02376428283850862,-0.014798013547339952,-0.08183568746036149,0.05294539266140878,0.0037359848927133645,0.015580237314146353,0.05548828427628037,-0.02237154220618986,-0.007309864192291652,0.01628561614761667,0.01238603477206329,-0.025916315559535757,0.029677353965884775,-0.005650491588864095,0.0009071244569649054,0.005823151610497548,1.7582353047934016e-16,-2.437132936239523e-16
2020-03,-3.019665193631819,3.167124957186786,5.419836104727038,-1.3216005529375001,-4.843851699675056,3.180724001927225,0.14050901112526254,2.867412101912428,-0.9636530225571471,0.7578751548278895,-0.3761487408621187,-1.1288877207335195,-1.1864554135081007,0.5861532454543126,0.087953852752526,-0.3178372699584727,-0.6988969036983239,-0.29021905473086074,0.0654702722633366,-0.4910962027768655,-0.23836528749035538,-0.060960903946872605,-0.0017963640657814508,-0.03770728178391834,0.06656574508558842,-0.2012070055371751,0.004110380966935342,-0.039976865009075754,-0.11573060195603198,0.1505381166038961,-0.14022803911525272,0.04483841568197058,0.025374865406681175,-0.051124834893184,-0.009192425396397596,0.020670929354806678,-0.03552265807395776,0.024877255881803843,0.03232373562925754,-0.00560791222400223,-0.010082881906732089,0.01762930988389078,0.009541783731413228,0.0065429139892915185,0.005164154014335138,-0.0011504085338700269,1.3012521011853683e-16,4.143447519062317e-17
2020-04,-0.510612410492608,3.2442802725941,3.5243052978262512,5.764574740076264,0.38247327344362436,-0.038951607528171124,-2.147419638351214,0.5729622963728573,-1.103401124209072,-2.1296839438637725,-0.9732327430300929,-0.6417005025703393,-0.6021065558811762,0.44608589452970676,-0.22746315279772086,-0.4129677901553782,-0.2862928104159292,0.6842010123581015,-0.3490105433879792,0.5796073621009793,0.36947384558476226,0.2698052630540876,0.2985866362875659,-0.3817516580351257,-0.05611669617688123,-0.011621609010689033,-0.19281999110994424,-0.030569183825964207,0.010517228361976796,-0.06513301712852086,0.09980850066877275,-0.04701112022833571,-0.0048983272238961135,0.03188321189634686,0.039680516146254875,0.007816546855514906,0.011969857268305264,-0.009035920278204016,-0.05755469964556816,-0.02515377713109577,0.008864109787320948,0.0174103286096041,0.021223437880681473,-0.004161927454386852,-0.0063644626299784604,-0.0028173865164304044,5.5091129393702726e-17,3.7757365316442985e-16
2020-05,0.09519362554328695,3.3254938731899952,3.2348254695722813,4.870702480980918,-0.45227991254310823,0.5698988266699749,-1.170513479227875,0.21163262226090318,-0.8727134204201888,-0.9956073104410844,0.24834137123846853,0.36880384997332877,0.44968498823995645,0.48543685163957845,-0.02667187853498786,-0.22234780680689292,0.6875425973889497,0.24686078400550263,-0.41673625508863343,0.033670973287062575,-0.16277181036616084,-0.7042472784117211,0.011886100593082576,-0.03862275273908022,-0.16521853209979526,-0.11700846835420402,0.1252271835239675,0.09943243364565968,0.09938988566656938,-0.16573506499843327,-0.21449779499243585,0.0031169782727866737,-0.010367388041736933,-0.04336954947863701,-0.007668232888181325,-0.032039708701054985,-0.015070536368061585,-0.03908571940425584,0.0581896412637672,0.050161246886247304,0.002471826073012804,-0.046229316827053446,-0.044098656348977916,0.004304261280434304,0.005336572955903595,0.00489630280938788,-5.3342602581651745e-17,-7.030948696750854e-17
2020-06,1.1082543589408533,2.636042876040909,3.694675056079631,1.7396023307249018,-1.419319460944209,-1.7385756277550757,0.01780920643165122,1.1082134391394476,0.8616652759410216,-0.49471406973237586,1.3820833352235171,-0.31880349258108914,0.499063717995665,-0.7124956392866892,-0.21165720965476373,-0.05331409721194617,-0.06770847435396563,0.2959534637245039,-0.04839586288904916,-0.0009188063953888907,-0.16417290974865148,-0.18515033347758558,-0.26906884884643156,0.29904780719061946,0.07912341923426633,0.09042684375714295,0.28692807227077094,-0.049840243184465144,0.07833557941204944,0.10350126364960005,0.07437817617431834,0.0537253762218647,0.14837983065402302,-0.0064905888382519325,0.07760057124725991,-0.0773488513165595,0.08337284642349414,0.04177292086771294,-0.017197138219350264,-0.04165392827550119,0.053773519229680315,0.01853815675132207,-0.010106255799259178,-0.010685956761663916,-0.009407229971256821,0.0038199837050989487,2.349862439603684e-16,7.432226921291146e-17
2020-07,1.9812343191247774,2.735503312653439,3.3301667006973856,2.6305286712256066,-0.5618347183781257,-0.33805970296447957,-1.4106154452868855,-0.38688946119496465,1.1901857581700488,0.09457926076115825,1.4691336643956254,-1.4143116327640513,0.43170037308613374,-0.7258985874241284,0.24672273693288374,0.17614283525675858,0.16866219389078488,0.20864257028043004,0.27632326520132633,0.10101284959214614,0.023046198302487025,0.2556926350607426,0.17985345532416952,0.209641658668961,0.16334868955433823,-0.16542883576900513,0.10884417356138533,0.11186393780201605,0.15362741945973787,-0.002846550646637181,-0.13232475276942188,0.06890346301244368,-0.14601449117682286,0.057815627949025075,-0.04510719887518394,0.024780505972875507,0.0350254666080354,0.015153767499087478,0.00109172460197065,0.018672215713980287,-0.05674579565042277,0.03953138340037296,0.02282077980315182,-0.00380462829223676,-0.00461255008366315,-0.001345061996805313,6.008304849797715e-17,-3.380378210059508e-16
2020-08,2.5578495592389876,2.579284495156604,2.7219085349840837,2.792150314492832,-0.2885755768456474,-1.563586237667046,-0.37517368284681557,-0.9081979745652293,0.782380712268293,0.41374291638053456,-0.2849436584503114,0.9295484075157118,0.532550977221337,-0.20455926062457613,-0.13153770366715095,-0.5793585730158272,-0.5035687971579247,-0.23541021388944658,-0.5459641348806982,-0.4464385321688132,-0.029895456414051134,-0.002630870349485585,0.022960721737550455,0.4568101346730931,0.383132674334972,-0.10808181637835351,-0.04546952802691864,-0.13270958249391968,0.10405942888486411,0.04475597885025269,-0.03276734450171896,-0.17186698253327765,-0.10202335029871804,0.02424833739444603,-0.07055147333464393,0.034245554942027835,-0.11022167826983412,0.013197742922896105,-0.0565955994980672,-0.0189553598973405,-0.00564753122977058,-0.014429329760673995,0.001573407692560571,0.023739709956651197,0.0005505065518736518,-0.003228807031416928,5.116345855142684e-17,8.104633372195132e-17
2020-09,2.3882790630087265,2.574854006935197,3.3543570351847216,2.178456834392199,-2.0103295097575056,0.016801988425862165,-1.5166660181578173,-1.5582216955147947,0.8859780554411371,0.6952149646985003,0.317116646793528,0.00787042832707914,0.5842460739060924,0.169942094835159,0.6979848965602309,-0.7563594451201395,0.2781644485491478,-0.3157418086822102,0.6621565003022014,-0.41795277681080756,-0.04722389159815838,0.1807396258194757,-0.24322516835234037,-0.27865862784781636,-0.035722177686125456,0.25747820409603356,-0.009947217742242108,0.077866486328253,-0.242301810031367,0.05534826778414063,0.1184058161044549,0.0006229634151823091,0.096579883875343,-0.005780339553490737,0.024339986969202615,0.06550162701305973,-0.003622476921905194,-0.10046929710781537,-0.044929164709551925,0.00976102142030004,0.0057773542796301135,-0.042405016889608814,0.0366330482740138,-0.004871684031071617,0.004116083086635761,0.0032297860041147724,-7.335648960113682e-17,1.5409910516802401e-16
2020-10,2.490239003906265,2.0226085260639626,3.1232254537995794,1.0467590740041977,-3.0549220657694867,-1.2898593906506717,-0.1547033186012872,-0.076892096038176,0.6431318635473312,0.7038446634481244,-0.02586829713516037,0.9868521931413347,0.38227596812749187,0.016623300604410533,-0.08913387392060405,-0.023412195058833928,0.22506487154737173,-0.12751387828341496,-0.17029537895241967,0.4551020036434852,0.05877428464706979,0.17698328678175967,-0.2608493678336272,0.14749455907416714,-0.04757641692186843,0.16163234602869012,-0.4905610841628935,-0.020944956143410985,-0.11227499258518014,-0.014763484951836138,0.25106232414041124,-0.03823328093802688,0.016391217473496835,-0.0993977791640159,0.03269645891456986,-0.036142467179508864,0.05367215744849078,0.05668765496610722,0.0895096165205592,-0.010298283447188708,-0.02045535793887491,0.013112638537366017,-0.007787183409633561,0.011141813814813191,0.007886532255376385,-0.0026396688132305003,4.924159760823229e-17,-3.304324061675927e-16
2020-11,4.01716070334607,2.136305038925848,0.9260645775393961,1.8072646401440118,3.0496986366613568,-5.2064930616546965,0.5479011134770699,2.200549051144174,0.46555809642077195,1.0413883967932438,-0.963208386883554,0.44014545010903494,0.6118588426508657,-0.13403868680145883,0.19328042644343205,-0.3725852831165527,-0.07911945061394861,-0.2358545195291414,0.7072263224874606,-0.016277426517778144,0.27361007712076946,0.06775324020574881,0.17776663644050897,-0.13867347451768922,-0.3347985699316874,-0.1089080145589476,0.11674424233568566,-0.03915337540217713,-0.0755123484755232,-0.04475865143933371,-0.05154351253094746,-0.012942968057827329,0.03761295718959965,0.058526081015926365,-0.04198705669513747,-0.007417369858284564,-0.07315297958450143,-0.0031472213611320834,0.06198357633924491,0.01886183732586947,0.011848492778555675,0.022819829531863074,-0.02495882812996142,-0.012728369188310582,0.003910601644499376,-0.002631239003213964,5.861917133257569e-16,2.3164609608885237e-16
2020-12,3.973477139197699,2.575877720651386,-0.8843232175255871,2.0226371928596962,-1.194188995173237,-0.7666512850701167,0.5003406277409636,-1.2655979104827206,0.6335639478814445,0.023917557333547567,-0.8153457602705723,0.2530007014561728,-0.5120189443607801,-0.1709984330808761,0.713480846056911,1.458152888169524,-0.06851542965990955,-0.058910977170493754,-0.23727730911815792,-0.0455545242499326,0.05521855396691982,-0.2887053982875552,0.48440605654443314,0.27087306088227064,-0.36994847673141584,-0.14185019596050824,0.020176350705926143,-0.30390431335534207,-0.2466980277383878,0.07447322730197953,-0.035338065227468234,0.1435788202952099,-0.025953715065236457,-0.08372715560110988,-0.0351302827979863,0.0012060521498926992,0.05667607021764409,0.0151686911980567,-0.006259431687001771,0.039200871150871064,-0.01557449078459729,-0.008572214907150212,0.016880493565200556,-0.004962422754180785,-0.003087972341148792,1.3666782503501461e-05,6.630438794606427e-17,3.7441143031732675e-17
2021-01,4.111259844550545,1.789359059776169,-0.8434099751242086,0.5040287570758872,-2.936505219660475,-0.714203927522216,1.4862607875168232,-0.49842927416029753,0.4278168693804238,-0.4806226891763307,-0.6019903996235552,0.6317143948809811,-0.909187928043325,-0.7527686678521768,-0.26152384175569743,1.412841710677913,0.044697695212540835,0.24378949950921686,0.014481190995150276,0.22607661131216972,-0.725884910598209,0.1121469895936767,-0.06930876435862691,-0.14572118494931105,0.04613824584948847,-0.2925160461650534,-0.022970539821442055,0.24403498401412507,0.027761317371129468,0.04421418255924492,0.020224598134818163,-0.08279653910842848,0.07573905685316121,0.1562263503968361,-0.001279316500123544,0.02485187000438462,-0.08082738778533202,-0.04485538908942882,-0.012559293771858165,-0.013096394724422573,0.036424670752592335,0.005370490527198735,0.004974330759714174,-0.008531946115721415,0.006298989333597578,0.0006251340830554417,1.1539230053869935e-16,-3.943784043329991e-17
2021-02,3.959830367493586,1.9479681694874258,-1.0130975317788105,0.7608143699015355,-0.9849864560831885,-3.3078874770718514,2.526633072743323,-0.8471939983194501,-0.650898125300748,-0.19231128465546557,-0.6647473834588281,-0.009767075505556036,-0.9481084493455973,0.6646663591787922,-0.48195350006820303,0.3275290290492909,-0.036962078833531566,0.032489086082788096,0.4350648312540716,-0.19677253474458034,0.17823232349970514,0.288932030997124,-0.06451090575019693,-0.04595070079713277,0.10504944546937227,0.13858303765597424,0.05475143066276262,0.12686669080346544,0.20129409251053706,-0.00601847949803427,-0.05262055616372034,0.030764051909759782,0.021648271857462886,-0.10382562782608547,-0.006322783370267251,0.03870031382501917,0.03732531350138405,0.03569253256025401,-0.028826262966590254,-0.03972996501186682,-0.026693635505516847,-0.04464358372934021,-0.03795335750515957,0.0033878854815912085,0.0025454170698652003,-0.0024400039091394695,-3.2175138326130427e-16,8.326506915516184e-17
2021-03,4.187689996084917,1.9476241683224793,-1.3944770745479171,1.3043367121663934,0.10548824886710441,-2.480493066961739,2.697362497284057,-0.9881590909972126,-1.728258062123745,1.3172972193489725,0.5272021826980334,-0.9278952109727402,-0.26471410050031025,1.0106881262110206,-0.3527029814439082,0.3536611303873967,0.544112110594083,-0.21736568506483897,0.13354996977228323,-0.09149401188854236,0.05204545948794908,-0.34156692612557393,-0.13592369868598622,-0.4680679189854286,0.44808779482641314,0.22832275748218847,-0.06569611302072108,-0.03360609843969534,-0.00234474785477914,0.05927841342462077,-0.04647896023013738,-0.05001097018269884,-0.08826063271592857,0.043332433964073006,0.005993254375337593,-0.04264026568273543,0.03405470353364616,-0.003493594054473352,0.020951434144919723,0.018504314202277338,0.004521753995892813,0.04284322100317049,0.02397122630582699,0.011321070951948821,-0.010890458633829305,0.002734427537316717,2.1392107537026477e-16,2.2062821772624035e-16
2021-04,4.86454923328408,-0.20685885833130802,-2.197387730715208,2.535233113339079,-0.10719018271032224,1.9414369851819673,1.5846089516919695,-0.4148457696053767,-0.09966081626338187,0.38469434063592833,1.1505819823273058,-0.32688453228628384,-0.1050396446310221,0.041628220356291004,-0.046732086947761146,0.019780639063538507,-1.012245084106481,-0.8148631365361056,-0.12487921331411364,0.3501893226609044,-0.0825858533834544,0.27412285527588043,-0.4478518029786831,0.1370347767802511,-0.19665788046218174,0.2155060651133935,0.1707260338623758,0.08191109051205489,-0.005508278934020215,-0.25418670898900275,-0.13602977666913485,0.051962731399565566,-0.11683924578964978,-0.08227977037434978,0.08812866165832581,-0.04607235235629637,-0.04711377898781139,0.012072060602493273,-0.03267746640007977,-0.021057748617130195,0.012604366477835655,0.0028169957352772454,-0.013092344005573108,-0.017390363855091837,0.0037935184895387434,0.0008247315535595753,2.8169112566621457e-16,1.8184177277188386e-16
2021-05,4.785000447307981,-1.8538155255463529,-3.1783559762859652,0.8559829174250551,0.1518637013685317,1.4237831050118261,2.257442698658594,1.2729088916207516,0.04659469511087213,-0.1822437956522846,0.495776288215724,-0.6039530270294674,0.9494468203630356,0.8375742762407878,0.42966392953889376,0.025512451119010623,-0.37779116856213757,0.16288479596291652,-0.2809826180476057,0.10181944480102653,-0.5161493696470056,0.006918741383049308,-0.17134651127615874,-0.1279990781102306,-0.4412018716706791,0.13815714522758257,-0.004966508812138338,-0.3749472785664055,0.1634322093585433,-0.10254361707250416,0.10068802808375525,-0.006067220731497522,0.08881793542780196,0.06023976620566211,-0.10079976508522047,0.03546571603517742,-0.01655326684806625,0.00735054932751254,0.011897746499847525,0.004808094548565234,0.008471673265899583,-0.024336229183964008,0.04278349612747163,0.016044100648525596,-0.011214164701740201,-0.0024279027854574903,9.868116537337997e-18,-1.2510586151088395e-16
2021-06,4.618759517206695,-2.222619182972394,-3.21053570924754,1.738425788866916,0.02596294979825576,2.899147936121572,1.5155422808906114,0.3268205329050407,0.1501059047684769,-0.013420361041203853,-0.2179255385121807,0.18375165932764423,0.4806660153938596,0.224422080488421,0.1166535470068251,-0.4827975629093876,-0.3131626675924222,0.10574226324380724,0.5583754174504377,0.12170114098790788,-0.08664340310726266,-0.05391734690801061,0.2979320803495403,-0.04050298002056283,0.2022584918863557,-0.27415118922599974,-0.3251681537176556,-0.12417782155562491,0.11952359840434376,0.0831350745089963,0.059846846495262805,0.13845754527074333,0.06542632847446349,0.05125456677065235,0.11794685921971157,-0.09357533535333663,0.016721715865642875,-0.035254149620595046,-0.04371580057287166,0.021396298970314455,-0.027211399882014535,0.024801686121588302,-0.034181574374631554,0.003951597409509843,0.02005692654849314,-0.00034831292786004675,-4.814729845928592e-18,-1.7557962199369643e-16
2021-07,4.8335557032339365,-3.0013738120120435,-3.2013170562663604,1.8053540038724651,-0.01202103585826214,3.1673813874405807,1.0201130599314387,1.1879578614374757,0.5278202877918221,0.11467471196666247,-0.14884643114445426,0.5580091179967636,0.6795870637972656,0.4867775796634505,0.2392288730894128,0.18192955856720783,0.03591497751803277,0.654118850276344,0.1126045256535789,-0.14235579974027907,0.4341152878482444,-0.2367571588966458,0.4571511124683945,0.24677686348892064,0.1816588637479755,0.2825267663597849,-0.13491249931360264,0.22606000612862895,-0.16288740785302236,0.1764365272134189,-0.004340203371258598,0.03354852450937763,-0.11327090008401068,0.005851054093007781,0.04517312646487921,0.06316926158437858,-0.04307624237309221,0.020111182145721225,-0.016913473841118316,-0.0394147672031412,0.00902497908216787,-0.019252171710391716,-0.00643032506712738,-0.005145351301668741,-0.012337086147043144,0.003909951872463272,3.916555077589561e-16,3.407497614931293e-17
2021-08,4.96648919025993,-3.575525660046338,-2.8414829020364527,2.0157944325498924,0.3667258139656978,3.3682529993504065,1.1108552604059838,1.0374503136726816,0.8247894865086448,-1.5082535239848591,-0.4669754451803227,0.2474565828115365,0.04882569629446608,-0.7097979186724817,-0.5623741324849392,-0.09900955081530417,0.10438294666866742,-0.27861206991294,0.287261864952575,-0.2048488908376795,0.06550191816565053,0.04584801348031556,0.10786367454716389,-0.03328792005612144,0.21992738214049032,-0.021112874974470744,0.22216927880659623,0.2382397168215377,0.0162862453447725,-0.05360051189017253,-0.00027686369801276073,-0.24689709060255938,0.0673419866475898,-0.12422480232036119,-0.04010353494830706,0.024286851900993858,0.05767106239301149,-0.01077190637041657,0.09260471670024369,0.02030824176249928,-0.0020798873678856402,0.009174943227982207,0.027424731902642767,0.0017141880009250402,-0.0023544941424701233,-0.0029175334841517672,-1.6620711113808906e-16,7.887008630628392e-17
2021-09,4.8853127657238336,-3.1882145586352353,0.5641638840486531,-1.9019342981193446,-0.6710474576146594,0.7833470304145409,0.8391015156952308,-0.3053800186749154,0.8147325309084125,-1.2135071850206902,0.18268926446733885,0.1747000038539197,-0.2548580004628434,0.10324162635949306,-0.5666592336958961,-0.552948935871205,-0.025052464128932875,-0.16110498453188346,-0.25123051841567173,0.07888738981121743,0.4098550291521222,0.12130030399890539,-0.41498064288538267,-0.17353090215722883,-0.15554598100237804,-0.3028202269742515,0.2934225765392104,-0.09619947038373537,-0.07402469293337456,0.16592656091159816,0.04572518701931977,0.0599864817606986,-0.026809373877923506,0.10362783129586069,-0.15460725957395918,-0.04167045788179969,0.03202104851276691,-0.031694268464384306,-0.017358508856929942,0.004095894990294379,-0.05485528503037222,0.000636500576466565,-0.018637142780739958,-0.007549064260667394,0.003140861403149941,0.005351419766708468,1.234619039737423e-16,3.936955155891865e-16
2021-10,4.606895092171629,-2.550728151347781,1.4562061500452534,-0.6167724686608456,2.59744020354781,0.8125495165825384,-0.34661604870061496,-0.34652529002080457,-0.4984913512432141,0.7740513633804714,1.4631385344993213,-0.816375072814635,-0.5655962948326194,-0.10943115337061382,-0.3391491464741288,-0.044334576458124685,0.3824617890480617,0.16560123895072767,-0.022785789827979915,-0.05885477718239763,0.4761713848085765,0.0790554522745807,-0.08261380629906623,-0.08952363011086754,0.11279152427118495,-0.44230355586337045,-0.022396444227329983,-0.11040436671759467,0.08237407634456378,0.1579612797285827,0.08280960306309354,0.0034709670664279653,0.005192123614045035,0.022379060032171206,0.029762506985863444,0.03059707257791534,-0.008738237293028871,0.07263005519685375,0.014622562912117113,0.037564552640795716,0.07621697691243058,-0.054028402730160525,0.004228968389963645,0.004350301875100254,0.00971515031564748,-0.002364781071320994,8.43400374731811e-17,-3.015777438526842e-16
2021-11,4.369271071004453,-3.1811063968679054,1.9674497655379815,-1.1500400254040004,0.2986301258719243,2.367532624480735,-0.783491116228049,0.052219126193568284,-0.7604513766672086,1.5338559783806656,0.3383282948170438,1.5419696630052986,-0.10467336335083269,-0.28153597017056997,0.004013169457396076,0.06857457204478237,0.8164121678649311,0.2012817611359041,-0.4612542057416744,0.2929718344158292,0.15674262486366433,0.17508492352938826,-0.3818018227125556,-0.028376796008490256,-0.20325389417570625,-0.08608220198531581,-0.027227040708375606,-0.0702036154062719,-0.07913492753964978,0.05970359303998628,-0.16096420665845107,-0.035332773654411787,0.013273450906792229,-0.02195505722280287,0.02768462319849722,0.10618463879568414,-0.0049396899373343826,-0.00767747325730046,-0.022011483176690272,-0.0075716961827211144,-0.004279368775168452,0.046322728138877334,-0.022569906125506845,0.00913993610061906,-0.00932231875424138,-0.003803806361108524,7.19105257518306e-17,4.593830824507851e-16
2021-12,4.86564327402536,-3.884939590249191,2.14049015602124,-1.761384374537142,2.7689721966348215,-0.579587294941263,-0.7347005838981121,-0.2507680945069149,-0.6560511397403187,0.18779344547036095,0.25708828059854777,-0.6988275499319373,-0.2115048997141137,0.48505223758048777,1.0213543234913462,0.061736834193205234,0.478912426475591,0.02438267365679936,-0.4871892031786448,-0.37857638532655635,-0.0839035203464509,0.3893729959327996,0.22010167178313048,-0.04925293467215044,-0.06850343065855827,-0.21854972583765933,-0.026510243005567924,0.1851147319883005,0.0234858589634304,-0.21156668447269858,0.023066854536575265,0.05930251467331778,0.0633137761091465,-0.08879326487787131,-0.02378591420762124,0.05235153532904179,0.002598113108433913,-0.032148649443294264,-0.009635130964742488,-0.05119427210387296,-0.013201508842497588,0.020123374628089986,0.0037212930740943215,-0.01595847184151236,0.0043782297047300685,0.001753097440196131,1.2685896049644264e-16,-5.657057669770142e-16
2022-01,4.719406194326518,-5.239108638568745,2.1128217840378363,-5.183485017938562,-0.25920559290218653,-3.3952798689611146,1.0778405663233845,0.7664444282201802,0.3199234963967072,-1.1022252419957113,0.2169274019037906,0.30988065927220365,-0.37879697106587734,-0.1160462950349038,0.4350434237808603,-0.6599064945278513,0.14819294767230426,-0.029142868387368515,-0.4839074511660442,0.2533033407142541,-0.1401030395682266,-0.12347359238115083,0.4247976234692932,0.014252310942689642,0.4100038244769866,0.24935933516655226,0.19861584048634007,-0.007785964875674813,-0.1922726696883671,-0.05484130904396373,-0.11948360206729464,0.06795531173195757,0.06158443483220513,0.027011115952989627,0.048053643966748355,-0.10094014270243923,0.0021035119919622924,-0.01437352376505522,0.00429292028599235,-0.013021093775619868,-0.011056763894568633,-0.007822201983061182,0.023299972781309478,0.014477656828388306,0.0018293911309327057,-0.0030929761436933956,-1.4660829119262178e-17,7.445185061134783e-17
2022-02,4.060632966018565,-4.096919835020315,2.9962085551455555,-2.2935320987463816,-0.16059604388633736,0.12695759269469686,-1.7347991752389793,-0.6375172215090235,-0.2946963374095124,-0.26680411178006624,-1.0541799166092596,1.0285570294445538,-0.7186248732260369,0.3360274833296575,0.7355446513590778,-0.30000526756400214,-0.42159564500673474,-0.07237939325654083,-0.21706275197620753,-0.4641761926582152,-0.3316631361947881,-0.2133304065200409,-0.1315837580498625,0.16179241542569298,0.06748675858802465,0.1751454860938963,-0.12149307156298642,0.04908240554650504,0.18996223233247447,-0.016830417434973634,0.13727852962772194,0.0015310813166779208,-0.07824334270278793,0.05727295041433655,0.0019850054366081947,-0.03630548910108243,0.0572084744939803,0.013776937717808468,0.0017383609170044008,0.045056807050953426,0.03649878002607558,0.006791953726720096,-0.02694600210057525,-0.0192638387037247,-0.008034677105035321,0.00044224979059123855,6.51247879952383e-17,2.1403958663506712e-16
2022-03,3.7947622481329097,-4.239354396418747,2.3565281802118765,-1.6158719450888432,2.0745542238973544,0.5038763335196325,-3.118662938488993,-0.694796884216166,-0.5006947571621676,-0.10583893035854076,-0.2865414257020482,-0.7970708450811993,-1.116207300392401,-0.8983753294761967,0.693723296245339,0.030724822312113067,-0.4504828682041711,0.16238486494918544,0.9079240110656711,0.5327958536197928,-0.14134127182946782,-0.47074093607282586,-0.11700816703723607,-0.03486292093595644,-0.2029118595271769,0.2744194332199359,-0.010025307435774573,-0.03241810066995561,0.05819548882981188,0.03116934463926158,0.0028691553097013596,-0.10130824684752225,-0.07847160880509305,-0.03751261988189476,-0.004187223656961112,0.005696504220204456,-0.046333079681257015,0.025762386613840733,0.011014443812389524,-0.0025404495833220345,-0.01445757389326985,-0.00866882392788052,0.010794730929167362,0.013919280650348257,0.003521527031198809,0.0020661167592544677,2.636350895717448e-16,4.823095957485496e-17
2022-04,1.7166587443549648,-4.531849189467516,2.9778938878672956,-4.435444167345538,-1.7407981381825142,-1.052690387494816,-3.4121803245236757,-0.7283868438137824,-0.965443341627456,0.5484713101945375,-0.01657243817065461,0.08159450140133626,2.094456319050547,0.4532256658967088,-1.4044356841756296,0.9633485460093613,-1.0372246368304376,0.27305791587783734,0.12156969979563802,-0.05993793011931173,0.002728665206567695,-0.012641106905477519,0.22407393806792544,-0.26315357285057445,-0.05711125639666651,-0.09903208199524971,0.015407031145959848,0.09384246867972733,0.04189470680145073,-0.011025998870842312,-0.051854081260521274,0.007100980238342838,0.04567794152054787,-0.03365504580869993,0.01502998611531401,-0.01052790415170078,-0.007320310939009495,0.0009894417792379265,0.0060242805531398715,0.0022814480371296793,-0.012303865779686929,-0.004991636097590543,0.004769647153509898,-0.002276582701265986,-0.002463544309500395,0.0003390788336146157,-1.4157695422497213e-18,1.0296824015413918e-16
2022-05,-1.746890059567055,-4.820802401248707,-0.23422332072959753,0.504568153546786,-0.5084363023447471,-1.698701338817714,1.1865129104669696,0.5345931656615014,-1.4533061347984009,-0.8208651033037536,-0.7466473480733022,-1.913252589943274,0.21399701337003774,-0.748777644056237,-0.5842990092138136,0.21751837476370828,0.17772837537324998,-0.312993996548166,-0.24226005328872324,-0.36345947478195445,0.13162412434106166,0.1235271902720988,-0.1025932357082413,0.35523763071608017,-0.29604635539023827,-0.020265746228887632,-0.11987281093322594,-0.015792593197380047,-0.16889761817893317,0.04044297691448691,0.10778068503658313,-0.16373696154963546,0.016375870467140733,-0.06746054861838725,0.035047860439622616,-0.024705395366821162,0.025174913929135866,-0.03772892994114018,-0.06847613624098145,0.03689190518100471,-0.008270861944622884,-0.007244030216887608,-0.022110958713921963,0.010737341935658744,-0.002847420243579067,0.0019513218026267578,6.104117824899206e-16,-1.2890529394783038e-16
2022-06,-3.101832228880092,-4.515901994181177,0.5360948375700983,0.60807279432664,-2.3969700875835507,0.5312417058003216,0.1621241540660707,-0.18802220039413461,-1.204025208301233,0.32096556612222976,-1.2563223402811476,-0.488264369487995,0.5502063610999759,-0.14375567498526015,-0.23627613032587277,-0.2057569269549893,1.1201779353305767,-0.7761157534168578,0.239161354430593,0.1257393430810917,0.07680257262495215,-0.2125811701042167,0.1379322766029935,0.319600743557147,-0.29841677795526594,0.011105492649129762,0.023774235217359455,-0.07520705049470525,0.16801017945659555,0.032382052926182445,0.05989629791468086,0.04777263011881726,-0.07158442734392456,0.07395433230042184,-0.013160024613370278,-0.029526308388620675,-0.0569348739807648,-0.005559062024590064,0.020150371097542197,-0.07788168268967272,0.020528897212691497,0.02727503993398423,0.014634341001006537,-0.012601302207957224,0.00034975348515913,0.00166350322777297,-4.839085969590849e-16,-3.2061430904747615e-17
2022-07,-4.348976469907823,-4.244115966402002,0.7542137315424456,4.686584938745332,1.8013191078494009,1.5950805816724654,-0.579762780713704,0.004655376878607547,-1.1162657143853967,0.815266106268067,-1.2441995923553406,0.5692272698247517,0.26139672150185717,-1.1075280086952937,-0.23720501323021087,0.17970136476666726,0.30130832091632587,-0.2749866948480088,-0.14125805392438864,-0.19825126038082003,-0.35229779744599643,0.28565711528550586,-0.1447589335165932,-0.29969853748155023,0.3546414362447233,0.09993637280942055,0.020125950678424754,-0.030390877664819235,-0.13621945197305602,-0.13270338557052194,-0.07092297440471025,0.16119467340865623,0.05970630455224955,0.10818366198072858,0.01802677667570744,-0.040998925504647676,0.019400182212177004,0.0959410062300639,-0.006174248142361772,0.008157693261510432,-0.03243033392162395,-0.04055874177466273,0.015100191434508557,0.003097722905607332,-0.00027156040427438714,0.00023279342071290678,3.470992445142834e-16,1.585365611144505e-17
2022-08,-4.939156365808693,-4.912776489183533,0.26678984170404696,0.5342667314327672,-1.9111703820742159,-0.4852425749028651,0.6640516605601825,-1.1120203153689152,0.8830634001980999,-1.0623411389767932,-0.17157151895430509,-0.5414635776422806,0.02034784176203386,-0.5707053836805286,-0.3744467914780365,0.024221478070667504,-0.030885491203045096,0.286456839569127,0.037609722714304704,-0.03344915901085482,0.08803661654862156,0.23019657299749033,0.05319693748441333,-0.13518002847643032,0.36350999705853,0.34323611771871054,0.09531406985018316,-0.3589770657195741,0.07097639757280173,-0.03766843044434941,-0.010514720337412787,0.20696542948915234,-0.053809949654368056,-0.09016227939117243,-0.015236263841574275,0.13604706560958849,-0.057488273397998974,-0.06126618555133423,0.0498434058715369,0.03234644601979791,0.044759927575181185,0.024955278969652366,-0.0248974596225693,0.0015519509766427498,0.004054407819022922,-0.0007457586128794038,1.3400404450985254e-16,1.0142151544027381e-16
2022-09,-6.233110569496349,-5.700043320316951,-0.22901561863887343,-0.05054953649488182,-2.9552741716458724,-0.7465849046471807,0.6095808522697156,0.09714977238168622,0.41604421148147636,0.5560147719590828,0.44999785852625823,-0.4685453395461094,0.05378344056516464,0.8317544586517444,0.22623286705731108,-0.2224706069938425,0.07882146111708717,0.17187690846684167,0.5990348827128436,0.5296207269514376,-0.1370841776815472,-0.08554464732344393,0.045759280517129734,0.3480223609073418,0.21073761515582842,-0.23436713976453408,-0.0429985205190101,0.10558380418079438,-0.20819822258599333,-0.23273060915233473,-0.034138752835318115,-0.08286605836410926,-0.052374339210293525,0.09439248486953687,-0.12293361743097136,0.043438909544718934,0.08485775872846797,0.02490396063707181,-0.03978872345216309,0.009188637869631616,0.02250291861093889,-0.027324760051077198,-0.019801487407337094,-0.005046949559762654,-0.002489641581644863,-0.0034104939073481785,1.3445611581691021e-16,1.0238952474297924e-16
2022-10,-7.385881318641173,-5.187836899839202,-0.28596091475181634,3.1456377835311957,1.1174795471001868,-1.1743097807940805,-0.01116676124869549,0.5981685078814962,-0.20508671430034278,1.5422565987325132,0.6042319790867493,0.04641102559214738,-0.5816779681868556,0.46624136829847274,0.4478333941533882,0.49563405869812166,-0.4075183003032253,0.21170826736475967,-0.3958043839091006,0.33800831665026027,0.27835602360483225,0.14512602900838284,-0.06374042655024717,0.3611376502715645,0.05347696437983507,0.3651903556392912,0.065022719199838,0.0664339853188502,0.18385257550626363,0.206394254863306,-0.026914670369106643,-0.0970788731717233,0.18158735086587963,0.04730535269896605,0.0023841804183407024,-0.01059956069260354,-0.029660514335699783,-0.06013384686863256,0.021588298000108846,0.0420358741644749,-0.04493275681538626,-0.005961186930932796,0.002785558587717801,-0.009723532202627458,0.006627419579449072,0.0010919548679168085,-1.574889954955054e-16,-8.725762471853909e-18
2022-11,-7.188319803942766,-5.376663418628567,-0.3457350607589548,3.2424706238580154,2.254734298495684,-1.4507179034701216,0.3608106222610004,0.8630184406135556,1.0594700649779847,0.7434948668140579,0.5274838212348929,0.9723155514154272,-0.29272256458201384,-0.09689040775021465,0.09320695741502319,0.3303387779888025,-0.38298631318937365,0.37222318338967336,0.06861462999795176,-0.5198935954179563,-0.13492668808508654,-0.5015147273857029,-0.23002410825305017,-0.34753693465271807,-0.11968854251620589,-0.26281869524303625,0.046367906156304775,0.0015671751993422275,0.0026543686442595514,-0.05690874360019271,0.06641078274196158,-0.005780519164986647,-0.10779277229490543,-0.06868362516824371,0.009967076142313467,-0.009208076945143114,0.07570101539095327,-0.05448363898404672,-0.036167009678813616,-0.054530539583539185,0.006864752980563079,0.03556039631353857,0.00805555266767887,0.021346345195512328,0.006591008907461195,-0.0010339498788335475,1.700463663818424e-17,-4.655110261816862e-18
2022-12,-7.206243605597383,-5.648573548710971,-0.36081058554517964,1.2296558112677507,-1.095298699447197,-1.3294146145169075,0.58074039481368,-1.5850106194529658,1.994011272212526,-1.2075223253881922,0.4278356014776458,0.42751793243198805,-0.3394356022318927,0.8042134831827832,0.25032228157072256,-0.2698747860739533,0.0496059643235024,-0.25573604332182254,-0.012261391751097798,-0.08472363567022473,0.0728750419283074,0.1747841418139368,0.009170509783018772,-0.3094306390096892,-0.3133664181676224,-0.2842667322023087,-0.1737458622658128,0.09246491088795696,0.007159407311122201,0.135307809080927,-0.11106164060965744,-0.021199785110935978,0.01672028598050013,-0.05864782374703939,0.07113167220903036,-0.06611232431949433,-0.08195220010533828,0.08970391854496527,0.03632007318580928,0.0005232202229483798,0.0033073970097456783,-0.005246179703716573,0.021958855228826388,-0.011892454656813895,-0.011176934459904754,0.0012828690848137195,2.551411865668869e-16,9.533192805361816e-17
