month,sect_wt_business_services,sect_wt_consumer_cyclicals,sect_wt_consumer_non_cyclicals,sect_wt_consumer_services,sect_wt_finance,sect_wt_healthcare,sect_wt_industrials,sect_wt_non_energy_materials,sect_wt_technology,ctry_wt_AT,ctry_wt_AU,ctry_wt_BE,ctry_wt_CA,ctry_wt_DE,ctry_wt_DK,ctry_wt_FI,ctry_wt_FR,ctry_wt_GB,ctry_wt_IL,ctry_wt_IT,ctry_wt_JP,ctry_wt_NL,ctry_wt_NO,ctry_wt_SE,top_sector,top_sector_wt,sector_hhi,wt_classified_sector,wt_classified_country,n_sectors,n_countries,ctry_wt_CH,ctry_wt_CN,ctry_wt_TW,ctry_wt_IE,ctry_wt_MX,ctry_wt_US,ctry_wt_UY,ctry_wt_AR,ctry_wt_ES,sect_wt_energy
2018-04,0.04762555002665517,0.17865813567014638,0.004708131528702948,0.029963844979003736,0.06005500312966024,0.08876035525146075,0.14292877753982705,0.07675131157641923,0.3705488902981245,0.024301138877328512,0.026978207708828632,0.1180417044431203,0.11070298344006718,0.09720130275577783,0.013084119554527979,0.16463606073821593,0.05400377439398289,0.1253315633657627,0.03712821735243633,0.06923670057077234,0.0393332272701877,0.09515588956978954,0.010085296404710503,0.014779813554491617,Technology,0.3705488902981245,0.21021780440906165,1.0,1.0,9,15,0.0,0.0,0.0,0.0,0.0,0.0,0.0,0.0,0.0,0.0
2018-05,0.07941190079429249,0.17428323149054661,0.003464780737125604,0.06581166457474484,0.08543243008012992,0.12963198859888914,0.11967830733736062,0.09480060710661589,0.2474850892802948,0.0217901499062166,0.027246809451423607,0.12378985815776518,0.13387708694623818,0.11194564557124302,0.012802371841156991,0.05126250684614154,0.05313847334413757,0.16419402444851067,0.0442763556170129,0.0981466494360242,0.04190547157544073,0.03261675662991376,0.009272071944264881,0.01551489916560685,Technology,0.2474850892802948,0.1496861490146981,1.0,1.0,9,17,0.02771387676222878,0.030506992356674482,0.0,0.0,0.0,0.0,0.0,0.0,0.0,0.0
2018-06,0.0864835342022029,0.17929946633513202,0.002627374777808371,0.056455730187438866,0.08099409395706393,0.12784570657961775,0.11111284850700409,0.07681054481939711,0.2783707006343349,0.03957208256432594,0.021920000413894646,0.09934104440467509,0.11248844385044039,0.11319420365652852,0.013143551640974185,0.04567811167153309,0.04841481471526589,0.16099484016672894,0.05352524262900956,0.11683353359144373,0.05502041447241394,0.039442134136252055,0.00831850933472039,0.018852809859113855,Technology,0.2783707006343349,0.16146259270259766,1.0,1.0,9,17,0.020566146553037557,0.03269411633964218,0.0,0.0,0.0,0.0,0.0,0.0,0.0,0.0
2018-07,0.08416818020436824,0.16833222197613237,0.0028051416712339384,0.05456661762861118,0.07621151343674477,0.1277080320346135,0.12375165098369005,0.07520505274414867,0.2872515893204573,0.03678628994648531,0.021710691151855317,0.09852920322901444,0.11703412311330902,0.10721950750001254,0.013200129050442938,0.04250727765014539,0.048374813190400746,0.15575654578376624,0.054344708334137376,0.11163910958961207,0.06280965628311055,0.031789674759457404,0.008168174444056832,0.020126494828870183,Technology,0.2872515893204573,0.16400668696660053,1.0,1.0,9,17,0.03723135703889354,0.032772244106430176,0.0,0.0,0.0,0.0,0.0,0.0,0.0,0.0
2018-08,0.0782530217382173,0.152316240011469,0.020553726305359465,0.0512218743844208,0.08645582049663582,0.12922526986696972,0.11790812198455203,0.0447889546383908,0.31927697057398513,0.038622542286388534,0.01867521193507405,0.10171790527256856,0.1154625284006391,0.09289551163136463,0.010862692647399527,0.07145899231803528,0.04505346734753648,0.14384966534955684,0.03671559483173242,0.10327566600647269,0.08530340850550529,0.04781618360061627,0.0077452672620867006,0.015010554529241722,Technology,0.31927697057398513,0.17438984735924523,1.0,1.0,9,17,0.03723255336719816,0.028302254708583857,0.0,0.0,0.0,0.0,0.0,0.0,0.0,0.0
2018-09,0.07217566745123667,0.13908369159715464,0.02031736163612469,0.056260927342953085,0.13588710499591874,0.1350220652790847,0.11102453411473229,0.04505835575514137,0.28517029182765385,0.02685244987876038,0.019206640884823285,0.09973553244164404,0.12640660233543347,0.05990527301738047,0.010748431627100076,0.07281305638692194,0.045484934087541194,0.17835363563024786,0.028578391401201286,0.09964605976530695,0.0828031180959563,0.06795737532468028,0.007809145246665334,0.014441704346680666,Technology,0.28517029182765385,0.1605067487258868,1.0,1.0,9,17,0.03372890443121288,0.025528745098443613,0.0,0.0,0.0,0.0,0.0,0.0,0.0,0.0
2018-10,0.07021501308208436,0.13947253156440154,0.0204169644409681,0.04987136478905992,0.12652789177989848,0.12320725294501861,0.13707583293429235,0.05793356047394323,0.2752795879903334,0.019448640945736277,0.019118491567530375,0.09827172149120517,0.1161433772175057,0.05601748293537519,0.01112609766468797,0.06804414079862894,0.043843452350388105,0.19750640481179363,0.03158250757685955,0.09585018036489387,0.07664964102016367,0.062117768555862256,0.0069846042323190105,0.014722223582681045,Technology,0.2752795879903334,0.1564010081304768,1.0,1.0,9,18,0.04575931054211199,0.022474521121994495,0.014339433220262753,0.0,0.0,0.0,0.0,0.0,0.0,0.0
2018-11,0.07559497124296981,0.13310140072940377,0.023660374056066028,0.04365685674981491,0.12093199671041836,0.12091211499533847,0.1418854103328613,0.05461259921828153,0.2856442759648457,0.014410036619524804,0.018879876332027107,0.09838231231170934,0.1176430740035727,0.05254610349064534,0.009909091582858735,0.08119159028441754,0.04983000006547215,0.18133669219252055,0.032635586977332834,0.09461021464764995,0.08240398159661065,0.05841731165484298,0.00725817609015654,0.013227018191806193,Technology,0.2856442759648457,0.15984726242629815,1.0,1.0,9,18,0.045481877073409255,0.027292943611386022,0.01454411327405728,0.0,0.0,0.0,0.0,0.0,0.0,0.0
2018-12,0.06723274581010032,0.11483770977537315,0.021673502408124587,0.06064716331169875,0.10329118961990742,0.11970447661587108,0.12294061890320104,0.058567440170537145,0.3311051533851866,0.020798651020985826,0.02270114545927991,0.09262627953303687,0.1147820697038248,0.05032205190666651,0.0035292346896266366,0.10863019307595274,0.03468088373943261,0.17452886999420347,0.03250102811005925,0.09792984032488965,0.08049309756182309,0.06202356396714981,0.006650486141604427,0.013312015210267439,Technology,0.3311051533851866,0.17502915581764406,1.0,1.0,9,18,0.043749984568009014,0.0249666017381941,0.015774003254993906,0.0,0.0,0.0,0.0,0.0,0.0,0.0
2019-01,0.06419677420780336,0.12372914950181092,0.02064916270434651,0.05527952730020287,0.10500252294799942,0.13596598269611693,0.1262071359014231,0.061217600335080294,0.30775214440521664,0.019547379661089714,0.020331707486888655,0.08493340503474905,0.11417915821437229,0.05026774077826245,0.0031431166172514622,0.09218214215275547,0.053397586325679626,0.1902761910750052,0.03425808521154435,0.09611060438472023,0.07614036890736722,0.06416341276362418,0.005756590957599461,0.011793188118300579,Technology,0.30775214440521664,0.16681183871925476,1.0,1.0,9,18,0.044082836283370314,0.025852887745497658,0.013583598281922094,0.0,0.0,0.0,0.0,0.0,0.0,0.0
2019-02,0.06742385257301331,0.11651805588773587,0.02158164924580076,0.05126614869206811,0.10888241747146978,0.14168509089080636,0.12458468450812293,0.061959143831870754,0.30609895689911204,0.022223211513110703,0.02078868879525758,0.08278624050494614,0.12421810532644281,0.06590995286025296,0.003134747817581493,0.06221703114657708,0.056048264910882085,0.19509646931414293,0.032711490663741224,0.08610751352772002,0.08193577741528066,0.06510346922308011,0.005822491218786098,0.011875710466392235,Technology,0.30609895689911204,0.1662033151777899,1.0,1.0,9,18,0.04331158820490357,0.026758425687657555,0.013950821403244688,0.0,0.0,0.0,0.0,0.0,0.0,0.0
2019-03,0.05443122577987519,0.11996125815997793,0.026226614976978934,0.051754618808978116,0.10532930849900761,0.1443580438628084,0.11664906946752109,0.06362973883575274,0.3176601216090999,0.019843845533677646,0.02200879238270097,0.08238048692461332,0.15157133081574994,0.052443840676715064,0.0033399989863105084,0.05546623797752811,0.057100982809975775,0.17972400290827187,0.0298784078042421,0.08825520917949659,0.08909612036294534,0.05896943464338253,0.006366019361432254,0.010656770941639334,Technology,0.3176601216090999,0.1712170476898664,1.0,1.0,9,18,0.047502662443913,0.030405415487217462,0.014990440760188099,0.0,0.0,0.0,0.0,0.0,0.0,0.0
2019-04,0.07161892661300878,0.1093112575547917,0.027365851802004185,0.07319455334836505,0.1069206768635928,0.12723041506391478,0.09432305190217076,0.05481386515432179,0.3352214016978302,0.027098031130724898,0.019066683080847694,0.06952090972196853,0.1409604457240008,0.055351949560222664,0.0030532405719648917,0.04578458187581808,0.08296145491415857,0.18240639043428875,0.03142044463404638,0.07305340434190674,0.08805231879441773,0.05649995186596782,0.00527454323068546,0.010780178640204707,Technology,0.3352214016978302,0.17507894990998413,1.0,1.0,9,18,0.046740976829174045,0.047629880474947886,0.014344614174654408,0.0,0.0,0.0,0.0,0.0,0.0,0.0
2019-05,0.07178863323451883,0.07672302538523508,0.026418818324155813,0.07659232422838028,0.10426820821482342,0.15055504970567288,0.09152748447312116,0.05006556311847189,0.3520608933156206,0.022686504372555052,0.019735121037341884,0.07281362106526817,0.12789637825524477,0.05283549934564687,0.00433379463625772,0.05720001363748984,0.07283682976921012,0.19570415703235142,0.040122768449326975,0.07361262700765224,0.08820468469940752,0.05613816289237493,0.005305579760874885,0.010674252354190096,Technology,0.3520608933156206,0.1859737644410411,1.0,1.0,9,18,0.04596980679745298,0.04067575690241443,0.013254441984940041,0.0,0.0,0.0,0.0,0.0,0.0,0.0
2019-06,0.06949972047394755,0.0829397321945687,0.022982757373893336,0.054953473649697056,0.058408531777767406,0.13391688429034207,0.08576233862294945,0.07958076753904536,0.41195579407778904,0.028643972905531664,0.017084143603170076,0.08819010038624782,0.07874726663880267,0.06273034235183529,0.003485703421834725,0.04354352743504855,0.07268320718548682,0.26263563511826415,0.036169602381330185,0.06338204488408354,0.07263113423384564,0.04526485758863414,0.004946433249604594,0.009522354126535536,Technology,0.41195579407778904,0.2199984437700489,1.0,1.0,9,18,0.049423574772366516,0.03997819496194021,0.020937904755437865,0.0,0.0,0.0,0.0,0.0,0.0,0.0
2019-07,0.03664989867642639,0.10011492405737621,0.019885246971982372,0.06713593166010576,0.05188268085671225,0.13376656875582565,0.0752708196429202,0.0722059000916221,0.443088029287029,0.03672071184641198,0.015534224729767673,0.0889975146254457,0.08764676143240148,0.0638866698614586,0.003206795704746283,0.04297774107538414,0.06867138033921034,0.28143256815798723,0.03633513515437192,0.06000340790143742,0.06877444639447539,0.04453805798637648,0.004964465653302129,0.011069847390269092,Technology,0.443088029287029,0.24406056694382153,1.0,1.0,9,17,0.05601413820045712,0.0,0.029226133546497012,0.0,0.0,0.0,0.0,0.0,0.0,0.0
2019-08,0.03535975145857988,0.11802257564066693,0.01575818799633001,0.049202174760912765,0.05266379832468468,0.1683467889459969,0.09299801129631989,0.07295996261778742,0.3946887489587214,0.02344189578896902,0.011700033255183422,0.1100166786884971,0.05892838572374585,0.09042908463350449,0.002379610665616006,0.03471912821709335,0.08334337469643886,0.2968188982844629,0.038402949600069465,0.05981434753225968,0.06600663800346053,0.03643564120568715,0.0049448261063465985,0.013506782640866268,Technology,0.3946887489587214,0.21871392668147166,1.0,1.0,9,17,0.044515605044173005,0.0,0.02459611991362622,0.0,0.0,0.0,0.0,0.0,0.0,0.0
2019-09,0.033016317429811454,0.10584125506502719,0.015916720992978462,0.04651941063608153,0.05758337511066196,0.14809437445076415,0.09261718772990332,0.07723635214147913,0.42317500644329265,0.024839784371297607,0.011267401728072255,0.09509235336999168,0.046567644024329204,0.10063534653934395,0.0022934791343315656,0.0463985820401046,0.08505653093640905,0.29823733614026576,0.03762715043743854,0.04956860050648903,0.06492584935695829,0.04756786252944742,0.006488711888254148,0.012852857555560312,Technology,0.42317500644329265,0.23357811852996074,1.0,1.0,9,17,0.044869752672517686,0.0,0.025710756769188773,0.0,0.0,0.0,0.0,0.0,0.0,0.0
2019-10,0.050501242822682035,0.10586204402202049,0.013325238742648574,0.06541126051643513,0.05330932687960578,0.14792308208792038,0.08853896760323379,0.07776403570133013,0.39736480162412374,0.021428129414652896,0.015366711654501479,0.0956008182070179,0.04087677774314329,0.09032516081159402,0.0020920829622435425,0.039672602028711874,0.09385430073756858,0.31664935877025285,0.032736728006704255,0.04528352923874411,0.05615576613648698,0.04371156726040452,0.005599137424442133,0.011287534339786172,Technology,0.39736480162412374,0.21472164503038296,1.0,1.0,9,18,0.044235940854968,0.020638887481555398,0.024484966927222088,0.0,0.0,0.0,0.0,0.0,0.0,0.0
2019-11,0.042776286855529436,0.09075999828257111,0.03129328482321732,0.05697315400759327,0.09154537775836155,0.14569184578345654,0.08106561562776624,0.0755459328032329,0.38434850405827164,0.021223690948276763,0.01498216001854125,0.09333201264109905,0.039606533089951684,0.11809080891185511,0.00218658088009024,0.029732907996208605,0.08881508842326213,0.3383967497935384,0.02910014504917628,0.03888190640469312,0.04284511728067662,0.042818442918668716,0.005282637813565391,0.011416141193904748,Technology,0.38434850405827164,0.20390166264676096,1.0,1.0,9,18,0.043326263509473245,0.016663606571852594,0.02329920655516603,0.0,0.0,0.0,0.0,0.0,0.0,0.0
2019-12,0.05731727631134947,0.0865581081043919,0.02705002869707231,0.039721961196836485,0.08651723922030885,0.12978611846848034,0.08267891349312731,0.07129795552072825,0.4190723989877052,0.01589324606896849,0.01377061244735614,0.08424309445900065,0.041818043161694955,0.11836818727914708,0.0019205187578179943,0.025480477311857416,0.08383787966811852,0.369832346192525,0.029353431280970742,0.034388813244641575,0.03765427580693007,0.04040857327380782,0.005271737548553668,0.009541689831742393,Technology,0.4190723989877052,0.2249576605167673,1.0,1.0,9,18,0.040976896079954465,0.02516639346434878,0.022073784122564374,0.0,0.0,0.0,0.0,0.0,0.0,0.0
2020-01,0.061172269575874835,0.07920089169566534,0.010115188034988152,0.054319497627794984,0.08078388243617343,0.1277758482554145,0.08430427324737495,0.053555393642329065,0.4487727554843848,0.016471180286862622,0.0,0.08819319346700796,0.029749840493107922,0.12908128687375364,0.0021135969496258516,0.028272697568500295,0.09338395110860756,0.3769722766401936,0.031022255802067245,0.015307673953366378,0.02825544443689441,0.05940025724155783,0.0052482976971252315,0.011048874852056656,Technology,0.4487727554843848,0.2472928324618237,1.0,1.0,9,17,0.04093829668575542,0.02349554615731094,0.021045329786206445,0.0,0.0,0.0,0.0,0.0,0.0,0.0
2020-02,0.06871321147398372,0.07220272674622916,0.01087858663238184,0.040381388950943065,0.086950583739341,0.1283343084987435,0.0897194681810225,0.06407598916999702,0.43874373660735816,0.014022238557268392,0.0,0.09720537923186186,0.025741689703681254,0.13589436458240842,0.002043893085438221,0.02814854219795001,0.08479567629456185,0.34326975933799,0.04036416442742808,0.01549372640529502,0.026965469350215158,0.08159016837640673,0.0034339114393851285,0.014229406175158998,Technology,0.43874373660735816,0.24036521992283338,1.0,1.0,9,17,0.04008616993053721,0.025269675741609883,0.02144576516280385,0.0,0.0,0.0,0.0,0.0,0.0,0.0
2020-03,0.06600678365555533,0.05032237828682766,0.009940303191775962,0.03935045760516224,0.08845629422011075,0.13347525418110237,0.08940820043179808,0.0557234208423338,0.467316907585334,0.004297334822497719,0.0,0.09943669571228295,0.0628252106053299,0.0963440421170853,0.0035031965734909506,0.021534715479410285,0.09553924020136798,0.3486854459395143,0.02783533439976348,0.018959660274133466,0.024267516674917736,0.08454019678797406,0.0027235753850368147,0.011170530552554458,Technology,0.467316907585334,0.26366068290208267,1.0,1.0,9,17,0.03496592048774557,0.023380383845158517,0.039991000141736774,0.0,0.0,0.0,0.0,0.0,0.0,0.0
2020-04,0.027002947700501788,0.10201822716389139,0.009635818997603369,0.0403734500110504,0.07111874337566639,0.14080155074761116,0.10125325976034373,0.053231002346527154,0.4545649998968047,0.014667651096700774,0.0,0.07981381811974114,0.060116635698479776,0.08363085075797347,0.003132919700605378,0.022073731733478534,0.09881212083471222,0.3902244934763095,0.023537292009231037,0.048035493793804264,0.023326916164771987,0.06669187555349605,0.0026445196852516767,0.01098257767457388,Technology,0.4545649998968047,0.25745779603808844,1.0,1.0,9,17,0.0330969328199591,0.0,0.026895664295018083,0.012316506585893202,0.0,0.0,0.0,0.0,0.0,0.0
2020-05,0.02906825587433433,0.09812369211080882,0.00950566341050621,0.034119864965228404,0.06405925945377611,0.13989070124447306,0.12870836757661408,0.05032783709082276,0.44619635827343646,0.015411958550193628,0.0,0.07184976968320916,0.0484989209178215,0.08571381466430657,0.0030084987814718296,0.02570395010253772,0.07295004510673204,0.4044743061985839,0.026954651297986784,0.05399233229067882,0.022315279134852362,0.07232814242026109,0.002922692973222603,0.011691978871389147,Technology,0.44619635827343646,0.25359066749854253,1.0,1.0,9,18,0.03094201209061327,0.0,0.022945075684189003,0.012542441844707474,0.015754129387243354,0.0,0.0,0.0,0.0,0.0
2020-06,0.029638740575348616,0.09985088624820272,0.00928600470736397,0.04511171258982266,0.061816680860890975,0.13935326672270046,0.14353090632635124,0.06070834934876041,0.41070345262055896,0.014041235203402717,0.0,0.07502711255926353,0.04043802641727344,0.08951067011887773,0.0027893346739075627,0.023502049734942472,0.06490161560135566,0.4035975149665935,0.02402721822419684,0.05868470914874626,0.02030580303354903,0.06047405576906333,0.0029223750189604275,0.012083027615632768,Technology,0.41070345262055896,0.2291745366485643,1.0,1.0,9,18,0.04102209324646715,0.0,0.023588848743409507,0.019755158740656694,0.02332915118370137,0.0,0.0,0.0,0.0,0.0
2020-07,0.024209271927592892,0.19180501313587905,0.007822243992323256,0.04142352918182587,0.05001940681095763,0.12410106781212253,0.1252910706636707,0.04614545112139559,0.3891829453542324,0.01289467612485203,0.0,0.06315210848724043,0.02563123295842256,0.07881964590416633,0.0024373055299728675,0.0239131099797252,0.0576028515230074,0.4805294977826095,0.02367103845474573,0.05196355407744837,0.015519234784241316,0.05267688718007844,0.00338752712551209,0.01236298308213124,Technology,0.3891829453542324,0.22634598427394248,1.0,1.0,9,18,0.0362091098827473,0.0,0.02559554389987286,0.017438971791331807,0.016194721431894456,0.0,0.0,0.0,0.0,0.0
2020-08,0.04038850525653118,0.21923132283226646,0.00796776107052649,0.03691197950192651,0.03548068028469495,0.09772619128022035,0.12207278835820815,0.041830615329148696,0.39839015608647715,0.012509744218314064,0.0,0.06309641323331132,0.02555213220634948,0.08067691589548272,0.00265738397168182,0.02292013363338283,0.0743624519154591,0.5006082054940934,0.02706347719077676,0.03513444655275323,0.005683217751376517,0.0388029474322142,0.003454271418680055,0.013865934646076756,Technology,0.39839015608647715,0.2372951533534436,1.0,1.0,9,18,0.03664624425778876,0.0,0.023275936521301107,0.01702839124640382,0.016661752414554094,0.0,0.0,0.0,0.0,0.0
2020-09,0.03813836805846817,0.20307617033989395,0.008510561909454066,0.06011824391591531,0.03315180191734027,0.09293417265228049,0.12380168588909797,0.040793982131700726,0.3994750131858491,0.015685370750050647,0.0,0.05728444860564301,0.022351962952155885,0.08431757890568002,0.0025381494559480475,0.02287162958713831,0.07003463944931375,0.508200763183512,0.029017376740993223,0.03567866730228325,0.006728525452231966,0.03862488480846768,0.0030812422128455442,0.010776433211932238,Technology,0.3994750131858491,0.23268819397753812,1.0,1.0,9,18,0.035049783777518675,0.0,0.02368723707884023,0.017120337497088325,0.016950969028357174,0.0,0.0,0.0,0.0,0.0
2020-10,0.03487469692314789,0.21138549834535972,0.02514475756546766,0.04660214375969702,0.032856781261316303,0.09251853401435822,0.11512988462888848,0.04149457970185578,0.3999931237999089,0.01596726258876837,0.0,0.04989818861710406,0.02354481833773526,0.0971238567879709,0.0027437831574756277,0.02381933966881267,0.05642280311647396,0.5163768201448052,0.02364746640431904,0.031123870469510952,0.00680361522611709,0.0382750295391212,0.0032089113126530953,0.011459989708234634,Technology,0.3999931237999089,0.23331452880974718,1.0,1.0,9,17,0.05504992895277228,0.0,0.026388025576648412,0.0,0.018146290391477252,0.0,0.0,0.0,0.0,0.0
2020-11,0.033201305927225894,0.3035441336879958,0.019915444333422915,0.06010655830493327,0.0438215983196154,0.09371471327567596,0.08626575951224187,0.03735337277956184,0.32207711385932714,0.014184054252271766,0.0,0.04498719905375009,0.02259844170893239,0.09537893777755213,0.0021973750923374442,0.01910269179217398,0.06387914200591181,0.5736961728095964,0.01872802546156013,0.024444498042059698,0.005759413406666864,0.033797309093110524,0.0032368151377434227,0.009260178100468263,Technology,0.32207711385932714,0.22052429404374585,1.0,1.0,9,16,0.04633917575887417,0.0,0.02241057050699101,0.0,0.0,0.0,0.0,0.0,0.0,0.0
2020-12,0.033459242911706766,0.34149229006269843,0.018386462687340403,0.06030910257227335,0.044598465585514516,0.07248961336869023,0.08306550858106024,0.03733607291786732,0.3088632413128488,0.01085227727654611,0.0,0.04228145206567082,0.022251479590052577,0.09420676385816586,0.002293340161551883,0.01919381865619035,0.05453758477464614,0.6160378197451741,0.018742928042022267,0.022378519555323516,0.004497348448715126,0.01588619885690893,0.0031878151806090296,0.009603263323522966,Consumer Cyclicals,0.34149229006269843,0.23264588504167877,1.0,1.0,9,16,0.042091912324634925,0.0,0.021957478140265458,0.0,0.0,0.0,0.0,0.0,0.0,0.0
2021-01,0.024529427954988428,0.34588825067101275,0.023621904533767474,0.07889169293795587,0.02924493112536702,0.07805739165290247,0.07442162473095654,0.04007168108541467,0.3052730953076347,0.0,0.0,0.036614604620616935,0.011515368029232082,0.0822847577382803,0.0021860459758950438,0.017691798897900762,0.05283509876218374,0.6415752351761611,0.01720604572697212,0.022124614132946405,0.00462849795894031,0.03026725750484669,0.003018844537786573,0.009240837176686365,Consumer Cyclicals,0.34588825067101275,0.23430647133596424,0.9999999999999999,0.9999999999999999,9,15,0.04394806971034046,0.0,0.024862924051210992,0.0,0.0,0.0,0.0,0.0,0.0,0.0
2021-02,0.02934870339800949,0.32854642587003435,0.0324786918795869,0.07167103654896674,0.03486713752675629,0.1078843687036691,0.06082936574203532,0.08481509897705183,0.24955917135389002,0.0,0.017773159123125683,0.04743363299786295,0.012797993527018652,0.07992163420065744,0.001804102370541546,0.017196950052606512,0.059334482197498234,0.5920303611057409,0.013580913686579633,0.03151689984560569,0.004393694809699616,0.029386142771840432,0.0039793800367900435,0.009539366282670098,Consumer Cyclicals,0.32854642587003435,0.20102405029713538,1.0,1.0,9,17,0.04653868356233765,0.0,0.01965794282673735,0.013114660602687567,0.0,0.0,0.0,0.0,0.0,0.0
2021-03,0.027739899299659622,0.3287515302490956,0.030933742950478096,0.07528155078907939,0.032830888943084634,0.09864786800275382,0.05619408765902016,0.07692081490119383,0.27269961720563496,0.0,0.01602581948851039,0.03359999487661375,0.01599729680935156,0.10273253848424711,0.003065689691461659,0.016846439066128878,0.058012349980847845,0.5856153315515319,0.012908212389089839,0.032845406236487226,0.004491116981372222,0.028781668880293716,0.0038817024996468533,0.009127341251143246,Consumer Cyclicals,0.3287515302490956,0.2097202166036874,1.0,1.0,9,17,0.04520378073325049,0.0,0.018211403459682075,0.012653907620341319,0.0,0.0,0.0,0.0,0.0,0.0
2021-04,0.020098593115866877,0.32488484595993833,0.0315135598860128,0.0772530446000796,0.03349993951194504,0.10146581951149457,0.05463736823994662,0.07788813478632217,0.2787586943883939,0.0,0.015543063859886895,0.034680385968908614,0.015498879916671484,0.10497574309472536,0.003364864009658221,0.018108473589419714,0.05141722503195468,0.5888977874245089,0.010946770717825021,0.03527747598979927,0.004460383592929711,0.02930614805679227,0.0057292766341175165,0.00956772717281193,Consumer Cyclicals,0.32488484595993833,0.2110910256585662,1.0,1.0,9,17,0.04389395396247604,0.0,0.016625410252915487,0.011706430724598706,0.0,0.0,0.0,0.0,0.0,0.0
2021-05,0.0002858453418356598,0.3501396772393566,0.03174937713783177,0.08159962385082653,0.04115572632903405,0.08395099477095289,0.051148602965931295,0.07874892232856733,0.2812212300356638,0.0,0.015728545636881287,0.03365001939673073,0.03537033899641317,0.0798129610836637,0.003439628392380373,0.012230500645821927,0.039168301061286694,0.6184376191941664,0.010647406414789647,0.018722467049347442,0.001364230799064342,0.03822333661421799,0.006820961128396998,0.008550561116587568,Consumer Cyclicals,0.3501396772393566,0.22690891275482875,0.9999999999999998,0.9999999999999998,9,17,0.0486264024316313,0.0,0.016605065586689945,0.0126016544519303,0.0,0.0,0.0,0.0,0.0,0.0
2021-06,0.00030569181028767504,0.3533794013456325,0.03198095996126935,0.07761529049356547,0.06510608727049219,0.07434964744268857,0.05158406858471956,0.0723216881104849,0.27335716498085966,0.0,0.015585280957875043,0.03340182743956808,0.021486773243507687,0.09917493000995518,0.002523891467131211,0.04115761264695981,0.03725950304108624,0.5783748318261072,0.011499812610911056,0.012286633141298868,0.0014800563348674996,0.039554015009642916,0.005937434972596865,0.006837348199195905,Consumer Cyclicals,0.3533794013456325,0.2243061648851266,1.0,1.0,9,18,0.03835659243194561,0.0,0.01714245374981249,0.012671377680245881,0.0,0.025269625237292377,0.0,0.0,0.0,0.0
2021-07,0.010132760922556688,0.33930895237317066,0.030631912656984787,0.07834401676516366,0.0699706767449984,0.07146505968720539,0.04540989373161422,0.07138522168608726,0.2833515054322188,0.0,0.01603425818993579,0.04184266365073664,0.017038712483538183,0.0964089282065182,0.0024841476781735316,0.042201819556561375,0.038553439772847,0.5730734962360828,0.010297856276120083,0.012084088078872436,0.0013882154235465528,0.0413146208053823,0.0065165631761725075,0.0075901617077866095,Consumer Cyclicals,0.33930895237317066,0.2197584713552596,1.0,1.0,9,18,0.03729044739693235,0.0,0.015870976538307113,0.011533127326705342,0.0,0.028476477495780996,0.0,0.0,0.0,0.0
2021-08,0.014017920938147828,0.3330246821791455,0.03162898061573665,0.07732781803622281,0.06591890705410478,0.07958340364883097,0.043926252476287536,0.0675235465197878,0.2870484885317361,0.0,0.012318114618789552,0.04956752182355079,0.023363558122246532,0.08271763606370483,0.0019091030669879617,0.04238663821692171,0.04597639531242197,0.5682895466690501,0.021287972570854026,0.018273549285404735,0.0017507949223835406,0.023842223136122883,0.007666809077720456,0.007093885346452299,Consumer Cyclicals,0.3330246821791455,0.21764652510809807,1.0,1.0,9,18,0.03830681654522883,0.0,0.019702030316596373,0.010902253646747786,0.0,0.024645151258815615,0.0,0.0,0.0,0.0
2021-09,0.013209498209234227,0.33232014606242066,0.0304946606131621,0.07922616905565057,0.06213261849984201,0.08226133951661571,0.05091908636700034,0.06107148256439894,0.28836499911167546,0.0,0.010299792926361295,0.03145630425556083,0.030990117799352557,0.09004216675897059,0.0016694692842424631,0.053851282402172566,0.06386319623708842,0.550863128756629,0.020132815009445852,0.01700724968919541,0.001735694021337451,0.021030326849035677,0.008346949478908561,0.007020861167028343,Consumer Cyclicals,0.33232014606242066,0.21792212282348997,1.0,1.0,9,18,0.03685826475778238,0.0,0.019099350277831568,0.01113715360356672,0.0,0.02459587672549034,0.0,0.0,0.0,0.0
2021-10,0.018658389171799104,0.27750320875496715,0.022319536957591108,0.07823475633930993,0.06390460378431984,0.10175645297948889,0.0641278985390384,0.07762104212913465,0.29587411134435093,0.0,0.01849376538225399,0.03255140026608995,0.03622977199693094,0.09579228803676212,0.003204300349593249,0.04922481998450077,0.06680374861951784,0.5287224551235411,0.021230633575411516,0.019438874475130628,0.0018291671495687964,0.01802760646891275,0.00687015940860314,0.007536706230604922,Technology,0.29587411134435093,0.19609208260911495,0.9999999999999999,0.9999999999999999,9,18,0.03580352976511963,0.0,0.01533728026230692,0.01570283900910421,0.0,0.02720065389604746,0.0,0.0,0.0,0.0
2021-11,0.021683555972220346,0.27571933436514945,0.04019730161386323,0.07358433528438875,0.0641596092875496,0.10462779215553396,0.08211552650374272,0.03864053527793874,0.2992720095396131,0.0,0.0,0.03423398400841106,0.036331857377294094,0.13999195819404658,0.004054322595391276,0.04816177664517794,0.06899075849916841,0.4842010217979327,0.012260191989702624,0.020328587020403514,0.0024808251469625705,0.0181212157264426,0.007594138064137962,0.008155484476106641,Technology,0.2992720095396131,0.19638502210734612,1.0,1.0,9,18,0.04213951294684503,0.0,0.017977901173387184,0.016095899589818025,0.012269648994908,0.026610915753863738,0.0,0.0,0.0,0.0
2021-12,0.01668453868551569,0.2843795264483433,0.05148485667767561,0.08631585331641935,0.06139072149954275,0.11688345462339658,0.0848503166051634,0.030698181525310363,0.267312550618633,0.0,0.0,0.018392742038731553,0.025053569852476587,0.14432806695518796,0.004281134893181695,0.049299383954113866,0.07573585270420236,0.5130056205255835,0.010550554816081071,0.021715346167108584,0.002149301446214023,0.017453238628421443,0.006762124662110973,0.007784323279295932,Consumer Cyclicals,0.2843795264483433,0.18827972284112554,1.0000000000000002,1.0000000000000002,9,19,0.01631851486586341,0.0,0.018560563978972676,0.012283973957490642,0.013914637753166323,0.022909035607809564,0.019502013913987894,0.0,0.0,0.0
2022-01,0.016999220049452722,0.2921077311497474,0.05705613050474921,0.10133874947982571,0.05407013044357784,0.0965470713824777,0.090905701710383,0.03576932776014785,0.25520593751963877,0.0,0.0,0.019326971398144797,0.026782344753758843,0.12298378058759725,0.004109584162699412,0.049871131708686185,0.07570044859484659,0.5243632880754422,0.01087935232532384,0.02045115160548054,0.001535860070486025,0.01598057009324992,0.006311579054336004,0.005149335540513709,Consumer Cyclicals,0.2921077311497474,0.18605912220991921,1.0000000000000002,1.0000000000000002,9,19,0.018275728055470238,0.0,0.02297613239482508,0.01626648531642518,0.016653152471524425,0.01984701313937882,0.022536090651811166,0.0,0.0,0.0
2022-02,0.01878842838852612,0.2909199914386782,0.0719922899309554,0.10919774047825295,0.06740165501499934,0.10442809236205301,0.0826124466947831,0.028424345565261078,0.22623501012649092,0.0,0.0,0.021619792516640136,0.02449409682830156,0.13809114534132164,0.004118893994739759,0.04861530828755689,0.08133219260143253,0.49353970880739967,0.0,0.022849205889691606,0.0016358528576109156,0.024304481652095256,0.006305482250213738,0.005414287296449057,Consumer Cyclicals,0.2909199914386782,0.17635773194483367,1.0000000000000002,1.0000000000000002,9,18,0.014542519349409236,0.0,0.021966481207069656,0.017630559337185263,0.019393102083323028,0.02379229333643718,0.030354596363122932,0.0,0.0,0.0
2022-03,0.01796957492010583,0.2925779413137391,0.0571687420877383,0.12745813257989028,0.06401781238745953,0.08450014536261978,0.07808166918663072,0.027968951747659957,0.25025703041415653,0.0,0.0,0.02196142886922814,0.027234728916352365,0.12550005749901091,0.0044400505278745965,0.05249745248120781,0.08542730289696572,0.5090141923542254,0.0,0.025620736903480566,0.0015865527687014358,0.03940414005851313,0.006544618905083025,0.005894221319198496,Consumer Cyclicals,0.2925779413137391,0.1861847434645676,0.9999999999999999,0.9999999999999999,9,16,0.0,0.0,0.021956070538308496,0.0,0.020416660643477927,0.01962469664210282,0.03287708867626912,0.0,0.0,0.0
2022-04,0.017366701291445664,0.28336281592677487,0.09942432050532313,0.12749518352977313,0.04657050669792069,0.0849086851302511,0.0687321317362783,0.05767052866369728,0.2144691265185359,0.0,0.0,0.021319526309225085,0.03806797661314018,0.11668286631318517,0.004916850355475171,0.0371548763595497,0.08777361996571609,0.4665526726510568,0.0,0.0253889689170717,0.001514693211519856,0.038545448770312234,0.007071735235580982,0.005714867897635012,Consumer Cyclicals,0.28336281592677487,0.17016160403856972,1.0000000000000002,1.0000000000000002,9,18,0.0,0.0,0.023395655490107248,0.0,0.024035429615946426,0.022758418008778196,0.03217159105990365,0.02470352625596442,0.022231276969832167,0.0
2022-05,0.0192871997897843,0.3000612072928091,0.10647922178700255,0.1241949250183269,0.04316326466150843,0.05654993342356941,0.07760408508403616,0.05677219744968897,0.2158879654932742,0.0,0.0,0.023907663852903556,0.038551841535626685,0.13326162953747342,0.004577671069040953,0.03150592058813539,0.06086735256327106,0.4748884755634062,0.0,0.023055705167043215,0.0011586727822048273,0.03744673101022641,0.007497811884316743,0.007998848848913791,Consumer Cyclicals,0.3000612072928091,0.1780849807266942,0.9999999999999999,0.9999999999999999,9,18,0.0,0.0,0.024079960049677978,0.0,0.02402042342232535,0.020909777940025243,0.041576116646686194,0.02214067680328471,0.022554720735438263,0.0
2022-06,0.02251510955281632,0.2587214864677494,0.1166748186509606,0.12662923523128475,0.04884751985032446,0.06123440490358379,0.08601838981610278,0.058852286931215046,0.22050674859596295,0.0,0.0,0.027024375369388346,0.040894749818619965,0.14075646141877274,0.004868726541332243,0.03515030958873158,0.057228336300053466,0.44896642089109245,0.0,0.025816286495717884,0.0011148002327521802,0.04113079802579264,0.006771657278109637,0.007238509099963583,Consumer Cyclicals,0.2587214864677494,0.16271342802012792,1.0000000000000002,1.0000000000000002,9,18,0.0,0.0,0.02014015557145754,0.0,0.027368264732956303,0.02356488508020209,0.045643941965127964,0.02006736657439639,0.026253955015533036,0.0
2022-07,0.021567545382438644,0.27184900241223264,0.0949667606138007,0.12326997089301281,0.048733069953002944,0.05735274160909999,0.08466159235963615,0.05809246469813166,0.23950685207864436,0.0,0.0,0.02582114508371425,0.04165005075904914,0.1317729443656597,0.005063755483386417,0.03691842728654552,0.05013907594849612,0.4706753730974438,0.0,0.025054815788939828,0.0012273969965781956,0.04594275944224038,0.007327037447212372,0.008896430786728601,Consumer Cyclicals,0.27184900241223264,0.17215131141711174,1.0000000000000002,1.0000000000000002,9,17,0.0,0.0,0.028467917454934585,0.0,0.024344593284815884,0.020861925312268187,0.05424477656479203,0.021591574897194977,0.0,0.0
2022-08,0.032828048348127914,0.26314620843221953,0.12732910705317374,0.13330798517649758,0.04136736907949552,0.0596046826778985,0.09480272014247047,0.06531213329308963,0.18230174579702693,0.0,0.0,0.02554120953631816,0.050924214376353395,0.11641665169209073,0.005524595092201991,0.04121176713066328,0.053877767947842506,0.4649494646077489,0.0,0.02432880526594653,0.0013546628913620143,0.037876895036032365,0.00804882173711035,0.007655485403904205,Consumer Cyclicals,0.26314620843221953,0.15605846262941792,1.0,1.0,9,16,0.0,0.0,0.0,0.0,0.03231307419005122,0.021829847488611363,0.0672175858116504,0.04092915179211238,0.0,0.0
2022-09,0.04230003764801708,0.22888438518759516,0.13555355819910325,0.12769180277615177,0.04709985549098496,0.07145248845440608,0.06512326825061594,0.09334237095443178,0.1885049556338301,0.0,0.0,0.034893681636915495,0.053063181065941066,0.08692316988663994,0.0055181935467160615,0.042465853884454785,0.07252463472740711,0.4256446573172284,0.0,0.027406716964215656,0.0013041370703892072,0.05074157137836731,0.00737450798741039,0.007454264904203858,Consumer Cyclicals,0.22888438518759516,0.1446691319146888,0.9999999999999999,0.9999999999999999,10,16,0.0,0.0,0.0,0.0,0.03581840528824338,0.028332256841219223,0.07773078329015473,0.04280398421049337,0.0,4.7277404863814276e-05
2022-10,0.03777066818623958,0.2136961160857892,0.12602016571780503,0.13324974426345826,0.04991323504169111,0.0634924962112018,0.06452854464192777,0.09079585714716736,0.22046908873759474,0.0,0.0,0.030880450276644794,0.046896132181767886,0.11524998308571366,0.0,0.04063552505497443,0.07077959062945707,0.4110475852570919,0.013161816926614911,0.024357194569266067,0.001190174905731659,0.05102010906949592,0.007441296713351173,0.007978770030487374,Technology,0.22046908873759474,0.1482663019708971,1.0,1.0,10,16,0.0,0.0,0.0,0.0,0.03739619901590778,0.031286851243864,0.07428778256496689,0.03639053847466454,0.0,6.408396712519541e-05
2022-11,0.03246921231515164,0.22152454982520486,0.12190293080132547,0.12206700746573758,0.046884819722460135,0.06092593671306043,0.11986369446834982,0.07708841314897169,0.19716659955573435,0.0,0.0,0.02523884848437688,0.03977488294529745,0.12089131804093596,0.0,0.03056330143943749,0.053379746328544926,0.4092580137781532,0.01483689692353977,0.03658043861956425,0.0013691993290384185,0.030638520537371282,0.0073774370852686556,0.007806174968840744,Consumer Cyclicals,0.22152454982520486,0.14498281894571793,1.0000000000000002,1.0000000000000002,10,17,0.0,0.0,0.0,0.05636442120772561,0.03437477572315472,0.02930625170766532,0.06655496558455734,0.03568480729652809,0.0,0.0001068359840040741
2022-12,0.032027732980883926,0.2207121880970654,0.12244935149543766,0.11931705916512378,0.04900437039598962,0.0625618543236861,0.11008914903201047,0.08089141033147348,0.2027853254289026,0.0,0.0,0.02424667364513023,0.03397225982819897,0.1325394057124047,0.0,0.03413567325052082,0.05360886919223435,0.4028249546197248,0.014346315658374301,0.04093725900384099,0.001329280905481048,0.031202788220017406,0.006811549630369932,0.009148206409025385,Consumer Cyclicals,0.2207121880970654,0.14507041918882402,1.0000000000000002,1.0000000000000002,10,17,0.0,0.0,0.0,0.05679372464186445,0.023599732306595324,0.032129473231407454,0.06171572589525698,0.04065810784955304,0.0,0.0001615587494270979
