month,n_holdings,n_valued,ff_pe_dil_wmean,ff_pe_dil_median,ff_pe_dil_whmean,ff_pbk_tang_wmean,ff_pbk_tang_median,ff_pbk_tang_whmean,ff_psales_dil_wmean,ff_psales_dil_median,ff_psales_dil_whmean,ff_pfcf_wmean,ff_pfcf_median,ff_pfcf_whmean,ff_div_yld_wmean,ff_div_yld_median,ff_earn_yld_wmean,ff_earn_yld_median,ff_fcf_yld_wmean,ff_fcf_yld_median,ff_entrpr_val_ebitda_oper_wmean,ff_entrpr_val_ebitda_oper_median,ff_entrpr_val_ebitda_oper_whmean,ff_entrpr_val_sales_wmean,ff_entrpr_val_sales_median,ff_entrpr_val_sales_whmean,ff_roce_wmean,ff_roce_median,ff_roic_wmean,ff_roic_median,ff_roa_ptx_wmean,ff_roa_ptx_median,ff_ebit_oper_mgn_wmean,ff_ebit_oper_mgn_median,ff_ebitda_oper_mgn_wmean,ff_ebitda_oper_mgn_median,ff_debt_eq_wmean,ff_debt_eq_median,ff_tcap_assets_wmean,ff_tcap_assets_median,ff_ebit_oper_int_covg_wmean,ff_ebit_oper_int_covg_median,ff_zscore_wmean,ff_zscore_median,ff_fscore_wmean,ff_fscore_median,ff_sales_gr_wmean,ff_sales_gr_median,ff_eps_dil_gr_wmean,ff_eps_dil_gr_median,ff_eps_basic_gr_wmean,ff_eps_basic_gr_median,ff_bps_gr_wmean,ff_bps_gr_median,ff_com_eq_gr_wmean,ff_com_eq_gr_median,ff_assets_gr_wmean,ff_assets_gr_median,wt_with_fundamentals
2018-04,41,41,49.88043944592591,32.84806007809445,32.06466143348898,10.295915809014598,5.932332078143141,6.263256426912778,5.163418201029088,2.773542337737685,2.0402847606584142,58.44854009315021,35.9302007120779,27.67435706696329,0.6973452965000043,0.700669224211424,0.2058025177887464,2.6207701696068,-0.12425539278288748,1.493081637711725,33.529028371886,19.889927903685198,19.092296819652685,4.97221675965331,2.995987493741585,2.1951245296166193,1.9777665146572252,10.3025038709921,1.7741670745214169,6.9518896867941,0.731935145825135,6.01250853202441,6.211765447360314,5.99328991524416,12.705101984331408,11.9046131756382,50.58782787236209,28.6622050970053,71.23828602570728,72.520961430967,13.706066496219487,9.12401824170256,6.430266777181181,5.36830297511804,5.1304539749413305,5.0,21.286531165231555,14.1379853593782,1.2773291025066318,0.4512635379061355,-1.1311470792950684,0.4512635379061355,20.087013577919464,8.69360902255638,24.962152018264902,8.69206197663779,25.92951653902956,14.2857142857143,1.0
2018-05,50,50,58.45991963188002,33.3453607364049,34.56482832232716,9.363655595829695,5.00246882628803,5.1256915468189375,4.390517897360319,2.61990198590118,1.961897263850015,76.73576698752164,35.9302007120779,27.422270193745234,0.7752913345504403,0.4822173627116815,0.9129030594541299,2.00584795321637,0.48971600903700474,1.41779819418403,31.318563207899285,19.49935703176275,16.176064810978563,4.2752392939413895,2.8173149183223,2.1433515118831616,4.416547435568852,10.05320026232221,5.008168894374095,6.91866230472613,3.264983869308019,5.92526028670713,6.471067081834642,5.99328991524416,13.867685255946293,11.9095943591775,56.02953904404497,30.10392291203295,68.50085217587032,70.9094118749161,17.32707349154066,8.52582159624413,6.316642299902447,5.23973435360008,5.557856618026905,6.0,21.209499043561816,14.26828935502175,34.1297336146024,5.549206343396644,33.541267870040514,5.7028978577274145,22.531031908781483,7.69726029973873,27.333766293149594,8.512697654985555,27.121754065607238,14.2674341364949,1.0
2018-06,53,53,55.051106303415615,32.03913919449145,32.518424311185946,8.685106470103301,5.00246882628803,5.046326033574174,4.7184220216635495,2.609775496843775,2.153266351813769,64.91557563435659,35.9302007120779,24.38939529471507,0.8008903764522539,0.700669224211424,1.6974063723668569,2.78762555474884,1.0817099994207233,1.493081637711725,32.64509006679254,18.8657316633988,16.989723235510723,4.565980741672342,2.871530413625575,2.376474433114357,8.142104875780705,11.11286701332795,7.7360946691032195,8.020903353163515,5.803286438581309,6.542779685197026,7.4342008889085225,6.231388513393441,14.652542034088874,11.9495219769201,57.595406883658214,31.2175648702595,69.02762376672385,72.4394734018044,20.738655440899393,9.909676833899745,6.617673763932477,5.0227563987391495,5.620486492429149,6.0,21.01640158519073,14.37183506738325,45.496272405926305,6.4651651301202,46.59193670882437,6.80359435173299,22.687134329682884,8.223059730574924,27.335290101789507,9.017434185476976,27.836647382992115,14.76946285970685,1.0
2018-07,55,55,53.24842890378639,30.44819212521505,30.93398441030031,10.701767183684149,5.4464884696571545,5.619137901025725,4.667344661846688,2.6706163423543847,2.207068066131446,49.26754727134575,33.973051913506,23.22665933572332,0.7844203803324813,0.700669224211424,1.9095744967929307,2.78762555474884,1.2873542990967,1.493081637711725,31.85132173067249,18.7232933268265,17.08172757884866,4.542426496578722,2.871530413625575,2.424433324268355,8.798045957094576,11.8260310673539,8.235621413353984,8.882765902926256,6.362825194569006,7.119176332403105,7.759107052298856,8.11495856588359,14.820995759916693,12.722756378577799,56.4343813773782,28.3368614300968,69.16925348609077,72.4394734018044,54.18162485712499,11.9673930992928,6.5386175392620345,5.30401866435906,5.752396780801861,6.0,22.45926672573134,15.1513281307639,52.419622128163695,25.3338742393509,53.21552891587184,25.7431849019366,22.16348787077374,11.42158594942345,26.989637764285668,12.7733771397219,26.541915499486798,15.81161698632645,1.0
2018-08,55,55,52.6560122434013,31.395852900802,30.4651118301782,10.553620044806795,5.5700491947806405,5.679224739179178,4.723554480436901,2.61990198590118,2.1716211519383473,50.17979273071482,34.433648508869254,23.259422222642872,0.8001883732882041,0.5994449480270415,1.6236499470498211,2.78304331728989,1.1439874987417356,1.41779819418403,31.044894535193226,18.098480676609952,16.53105115261566,4.566498517913282,2.8173149183223,2.337894387300905,8.198838584009094,12.1118718361775,7.8115978952687,9.021085617823715,5.861841953337463,6.970405480008895,7.3690207205127045,8.11495856588359,14.373171780944816,12.114786834870799,59.460320275625435,28.6622050970053,68.31531783893797,69.3793503480278,57.13044950465919,13.18167598412655,6.288602809588938,5.23973435360008,5.632912071914183,6.0,22.954646729383033,16.10792302835135,46.720062756488126,25.3338742393509,47.36693723465428,25.7431849019366,20.358433802168843,10.31629818458395,23.626650487843207,12.3053914275688,22.63990616426895,15.516065179425,1.0
2018-09,56,56,45.52889308588702,31.395852900802,29.76284877003717,10.703640517585463,5.5700491947806405,5.055259153620249,5.559233507163257,2.6706163423543847,2.1768025997305513,54.10491933083603,35.9302007120779,23.954422544291436,0.7596834658001169,0.631578947368421,1.4728554654989925,2.78762555474884,1.0999162033527763,1.257963654435365,30.46787461931356,18.7232933268265,16.47603622246632,5.244985431085077,2.871530413625575,2.3795511223023285,7.918839052293961,11.9597520815513,7.671210353762397,8.90215875385492,5.675434555455309,6.60048809373887,8.294998954769586,8.47052068224231,15.4350205635695,13.2053886820767,57.15627012036573,28.49953326355105,69.76492769907576,69.14852298514475,51.07936546363089,13.076092460099101,6.207673981372675,5.0227563987391495,5.626238697739192,6.0,21.577928368234552,15.1691581431943,41.80288659072277,25.6410256410256,42.396751839261846,25.8741258741259,20.901597950750393,10.1421698946138,23.92796777978026,12.2680567175065,20.5755616787241,15.2532114336994,1.0
2018-10,58,58,45.59220456844973,31.395852900802,30.068240382434787,11.658651084454055,5.5700491947806405,5.232612372556124,5.205543020502548,2.73598947523161,2.133369315823389,57.6406171675637,39.448998238562595,27.46607190818474,0.8519935791614232,0.700669224211424,1.5482795878394786,2.78762555474884,1.0210519818522743,1.257963654435365,30.357033258772574,17.4736680263934,16.14855904549637,4.937451086070813,2.871530413625575,2.3367935183616457,8.687697031195944,12.2639915908037,8.167697409919565,8.90215875385492,6.231454994052116,6.60048809373887,9.239499293136847,8.47052068224231,16.315743833422705,13.2053886820767,59.28653376327101,28.49953326355105,69.46344694683181,69.14852298514475,63.683691634702484,13.31673346433055,6.108615086934605,5.0227563987391495,5.673475269266614,6.0,20.782850082473836,15.1334981183335,37.567659036411925,24.23965147306245,38.2275631873867,24.4443068043553,21.7181244501067,10.4904264745541,24.33660061053456,12.3427261376311,19.96465320692011,15.2532114336994,1.0
2018-11,57,57,44.72085577878375,30.44819212521505,29.575004384489326,11.361651662136149,5.45609248986851,5.152394907967852,5.241546671528914,2.75064825165563,2.080404083026173,55.11005194497294,42.9677957650473,26.389452872909512,0.8395734437293704,0.6661240857899224,1.4747807990078716,2.78304331728989,1.094120705580179,1.21272454326982,30.243448234890046,17.227500893812902,15.985672717487,4.960973778447547,2.92574590892885,2.287010644188168,7.914618910022668,12.1118718361775,7.774197778061511,8.882765902926256,5.975308691884357,6.444796366179036,9.217820538966485,8.391609793274295,16.172871879061397,13.1093923724926,59.67401466153393,28.6622050970053,69.39989354276999,69.3793503480278,64.14181924176012,13.31673346433055,6.12751009180269,4.80577844387822,5.641081637276046,6.0,19.877722390736785,15.1227244037694,37.807485085608704,23.145428706774,38.4096498620565,23.145428706774,22.295727248911476,10.31629818458395,24.753072714287438,12.3053914275688,19.765972582650257,14.803221636624,1.0
2018-12,57,57,44.98028534216447,31.399776287180103,30.14398228575349,10.704501871491077,5.68400589969277,5.840862216394844,4.683938121166642,2.75064825165563,2.200556316639225,59.68876130138058,35.9302007120779,28.0724843278716,0.8011141273859528,0.56489980960554,1.4317874328893465,2.78124375124975,0.9106184463713088,1.06209130188474,27.323120160362702,18.098480676609952,16.08381879559244,4.534650060310659,2.92574590892885,2.4246966936864838,6.499457472131166,11.869710917126401,6.730425152436197,8.467840492026536,5.405547561148658,6.150806585321805,8.645271654304683,8.11495856588359,15.952689757968432,12.16516177734865,59.48455443182798,28.6622050970053,69.60233523030612,68.9176956222617,60.838761129821336,12.41978244616875,6.1728136081337315,4.743508664605505,5.597528253307303,6.0,21.665233245471633,15.7879895925192,30.59302851454739,23.145428706774,31.10444505845961,23.145428706774,19.489366267487842,11.42158594942345,23.020396274032247,12.7733771397219,19.675856058553464,16.18671038169875,1.0
2019-01,58,58,47.889663389371215,31.4036996735582,30.888478636231646,11.08845924186821,5.68400589969277,6.029609547736939,4.754764992853164,2.7802613857097,2.4502821263077745,59.83286910604,40.6321042744415,29.505974852359948,0.8350533548642582,0.631578947368421,1.4355639197198418,2.737070937494935,0.5403087280082536,1.05063863009436,27.32707086199617,19.1526079835044,16.44773896365218,4.608963543029827,3.0242024775724596,2.5892603788889903,6.742852777782368,11.9597520815513,7.117869069556244,8.86337305199759,5.64651859386999,6.2891046386192,8.757950874943027,8.5163532943593,15.944084327211604,13.9786606699063,60.65077991962111,31.34712440404165,70.36783267309612,70.67858451203305,61.22577946566855,12.6604234504002,6.211422502008095,4.68123888533279,5.587813775310089,6.0,21.354903875661297,15.1119506892053,27.96947318939276,23.145428706774,28.50923390399228,23.145428706774,20.72701943427011,12.3527454242928,24.29665457423046,13.2040281418127,19.97814671709326,16.5291057158952,1.0
2019-02,60,60,49.55832256633986,33.013694668008,31.47392318516772,10.904079794691489,5.68400589969277,6.157289623927751,4.827301050715937,2.7802613857097,2.4505056063237447,58.833777819904476,40.6321042744415,26.7064390277783,0.823351196032873,0.631578947368421,1.518708995656056,2.599907341716015,0.7149231900017656,1.13740792257728,27.453283003302168,19.1526079835044,16.45693747504925,4.652726895849461,2.9346065628723297,2.5861858127141133,6.9505393281352985,11.9597520815513,7.408771373878519,8.86337305199759,5.804616746907827,6.2891046386192,8.44519932691471,7.96305083957789,15.713296157384926,12.2401240750789,57.83641704855008,29.939884983632403,70.0434245656874,70.67858451203305,63.541637861271965,12.41978244616875,6.35753198286238,4.743508664605505,5.640299500015708,6.0,21.39191618974025,14.7449176255947,29.190109135888918,23.145428706774,29.775927021946273,23.145428706774,20.27408436972668,11.9496787604948,23.517520818301357,12.3427261376311,20.383115431873875,16.5291057158952,1.0
2019-03,64,64,44.47713132366071,35.9953619873402,29.73784307647524,10.735634876337604,6.32551268303475,6.3438298924517795,5.065814445896397,3.03778958130754,2.6190005175020077,74.40250040198038,42.9677957650473,26.707701784241575,0.7476579957073958,0.579621720561318,1.5808830645501442,2.45134301926326,0.948725455167693,1.20457914096245,23.689458552065528,20.0115324262161,16.023483484383725,4.805324977548412,3.163019656304145,2.716476446948099,7.238453430805779,12.6395710992911,7.838661180447451,9.14001248179251,6.122578753126641,7.34032286627892,8.178208419838562,8.576825124405225,15.656653687406523,13.84074847402215,48.23555129111703,28.49953326355105,70.85159868401645,70.6111352779082,60.66399327630306,13.9730434782609,6.711338134685982,5.46030679288394,5.646362161746995,6.0,22.030998529056642,15.1334981183335,21.883757196808954,24.23965147306245,21.967324256700618,24.4443068043553,25.185497144708908,12.8591528682214,32.37740450267791,14.4347826086957,24.478964444098526,17.9025461435392,1.0
2019-04,66,66,41.91010349636968,32.2447292269533,25.41866221649697,11.067365998218941,5.05727422108106,5.872630075098669,4.312970580730583,2.760159535034995,2.2526631630055842,52.937016340804135,38.4999275875211,23.27428794771672,0.7630918548586586,0.579621720561318,2.270152705622826,2.493890892158765,0.6397500708038624,1.19562804677689,19.4952009408811,16.436979311622302,12.994196501536976,4.057725965489307,2.9251699095452404,2.425849985441916,7.723447838159104,12.5303710180411,8.099362126231114,8.630685652750419,6.110480141893035,7.3163942512151,7.2892473655722565,9.139821715052054,15.577452644631975,13.8999918489336,43.9936860155541,28.263046342744303,69.34000289176498,68.53615712592484,36.38137824183777,14.330376940133,6.120788605872242,4.1357307303726305,5.416475834469757,6.0,24.815677158413465,18.14808659198255,5.48528139887061,16.80215861999175,5.52972756117489,18.5405138164042,20.102663983339763,9.88862362478569,25.7562075639249,10.2402900485519,25.781612074972582,15.81161698632645,1.0
2019-05,68,68,42.387936603928416,32.2447292269533,25.036979603015528,9.892016265668227,5.05727422108106,5.676649983854021,4.593880744771261,2.545885749943295,2.279701494475141,67.17453731694903,38.4999275875211,23.85305740775783,0.6952493540436286,0.499358974358974,2.2265709521378456,2.55618033763167,0.4664909730865742,1.167200397232935,22.224308622752687,16.5598098404409,13.319224747970004,4.315596955668396,2.859872779574525,2.4328619782568026,7.289123371886859,12.1004203447463,7.779218177930811,8.356661697459849,5.879066044694741,7.3163942512151,6.959904534999408,8.622762967386574,15.379884008513942,13.8999918489336,44.492883503723135,27.14356458769835,69.76025650614336,69.91828935474834,34.93909532580915,14.34837364537615,6.546396700011387,4.372290110167285,5.396409006446506,5.5,26.250802829570173,18.64933925196995,19.356848803743787,18.605307617146998,19.388603921594452,19.83469682142185,19.737361822373856,10.138000353223195,25.80255156878852,10.4213590810709,26.952084281019268,16.334988932403597,1.0
2019-06,68,68,48.69709475539102,33.34500940321915,27.54127553244601,12.243294778008286,5.304848827636,5.883179613130233,4.011553464707642,2.545885749943295,2.090441151387479,60.68607534999,38.9046301665844,28.36592259652501,0.7747445365967528,0.499358974358974,2.292941316085724,2.493890892158765,-0.05609032993494623,1.19562804677689,19.84993406787369,16.5598098404409,13.561507770803397,3.8949087189234652,2.8265081311990503,2.271418404904879,8.0590771598296,11.220023144659951,8.064553446533834,8.356661697459849,5.941330987097877,6.80190112620221,8.180724023866784,9.12528772798748,16.817299050122386,13.8999918489336,44.310886521975455,26.156737704692752,68.9517395709563,69.91828935474834,35.34318963808173,14.4348766502758,5.744653277522805,4.1357307303726305,5.315274580841434,5.0,26.372234247358445,18.14808659198255,17.765288279954085,19.3514812443293,18.278346331404933,20.4475,21.930144038735534,9.88862362478569,28.471916558103473,10.2402900485519,27.281169393146644,16.334988932403597,1.0
2019-07,69,69,54.84527984365108,29.742158365554,26.758070804055688,12.441467504190083,5.26136171284904,5.461228955236209,3.905396282979388,2.35007250729492,2.1087464956418196,54.77013075759018,39.09376014927825,27.84940523323086,0.8927157709079717,0.647789655172414,2.498359475924152,2.73888911734469,-0.013633634674543423,1.13957843956717,19.70021290334517,15.5144999093956,12.572451902189703,3.816329064249885,2.77473378932969,2.284503742806588,9.36080139296713,11.7796697527015,8.270966391908601,8.59978525014442,6.150396823833409,7.19795924639641,8.247779114354016,9.86238848682546,18.039104234709693,14.7251378758228,46.27829732838284,27.2012713684391,69.8523940273056,70.9692049882966,34.876373682085166,13.495400195266601,5.418841267400311,3.80456794209725,5.148865239490349,5.0,21.344417617235937,13.379489702678,4.80442777758708,12.4085705899618,5.151937538440143,12.3477495968333,25.653337013088755,9.48991711682827,31.51981172506952,9.95712510375902,25.330967257341214,14.9460439408789,1.0
2019-08,71,71,53.664235487008774,29.742158365554,26.679019886344367,10.307511977455023,5.05727422108106,5.259149608336492,3.9760631944487965,2.32295375579166,2.070693574190811,73.10413291944448,39.2828901319721,30.835761725266472,0.858574593008484,0.528925619834711,2.1925189185584215,2.67971764705882,-0.15802909769881804,1.13957843956717,21.703956386769292,15.5374276627897,13.488991726122213,3.8558348986020405,2.67045407946542,2.2298335455618505,8.170299016031807,10.4020885024022,7.413219286418819,8.35411084327378,5.432797015169434,6.39215505011538,6.866407992943289,9.64234647565296,15.611703324138817,14.0045406860135,45.81804732541091,27.2012713684391,69.09945823154466,70.3537377778627,31.79395928056578,12.6604234504002,5.356094298098302,3.61288672019836,5.15904952291138,5.0,20.94346782053283,13.1204780997284,4.737252477673569,7.38546051305674,4.864350440665204,7.38546051305674,25.508337820478292,9.30816354390192,32.131386045835555,9.91193084196587,26.23360044009232,15.4533499523429,1.0
2019-09,71,71,47.15917673136181,26.5782250686185,25.70554646250295,9.77770607402935,5.038794040869405,5.178717963011787,3.4029449719027096,2.35007250729492,2.074698825334216,78.90097983823942,39.2828901319721,28.779821904817677,0.8711468885230377,0.611413043478261,2.5063286731981393,2.67971764705882,0.3258191500913287,1.28183306330784,18.98465044204687,15.269337681171748,12.979742895999925,3.360136197415602,2.78764797999737,2.2348905430155814,9.828969883754056,11.7796697527015,8.809011303370301,8.84492601021975,6.66083341696457,7.19795924639641,7.928570537543963,10.1129832810867,16.31150256511345,14.7251378758228,44.921476126162474,27.0858578069576,68.90903012748954,70.9692049882966,33.858265617395475,14.330376940133,5.507012866538372,3.67514490147524,5.3494443219042,5.0,24.677757190715266,13.379489702678,12.268641101019742,7.38546051305674,12.49504302450061,7.38546051305674,24.39260561725545,9.48991711682827,29.474975250691024,9.95712510375902,25.048320515719357,15.4533499523429,1.0
2019-10,72,72,48.56353777445416,26.36106351189425,26.684669941919847,9.870946068329033,5.05727422108106,5.206163325914962,3.413652718472186,2.33651313154329,2.106820293383808,87.54651561030167,39.8029472241261,30.00439029537088,0.8206920615740116,0.570169331656486,2.3896988857637456,2.58029143584222,-0.001935041961746281,1.23832770910327,19.392854082279072,15.5144999093956,12.962108550989402,3.38042798974415,2.78119088466353,2.2909192724219127,9.73361167787226,12.54624580843645,8.83963410963793,9.457047910480526,6.572207357700443,7.2399741411026,7.602703763211595,9.987685883956079,16.82122410369285,14.36483928091815,44.25320821416439,26.21713766318775,68.63994245012375,69.6105557495314,33.12811460404352,14.34837364537615,5.636610165186648,3.739856421786245,5.3831332513588785,5.0,25.887201323642742,13.249983901203201,17.117425194380687,12.82560428950805,17.242712060147667,13.493536165144299,24.447985457774003,9.50349050419862,29.607404734774658,10.01144065000801,26.370188225361176,16.968538820232048,1.0
2019-11,71,71,46.85704659328453,26.36106351189425,27.04582913291745,10.835603799574514,5.05727422108106,5.281655803879363,4.034276454223988,2.35007250729492,2.263863711008088,83.15880009468151,38.9046301665844,29.824403063943784,0.7849580615153996,0.611413043478261,2.456455898721223,2.67971764705882,0.36128768980840026,1.28183306330784,21.412146963259193,15.5603554161838,13.51560922899554,3.9379852392295716,2.79637129472487,2.4595020217817942,10.441800826601876,12.6713206800818,9.239329949339744,9.70023636664851,6.860421323340327,7.28198903580879,9.063383682386123,10.9308993155589,17.91894081857169,15.1565874172117,44.0935723392555,26.3001792760766,68.89007604476274,68.8673737212001,45.98740540644287,15.6209150326797,5.891669939239164,3.67514490147524,5.3826327420584485,5.0,26.741279920827775,13.379489702678,10.234491197620878,12.4085705899618,10.31157787684657,12.3477495968333,25.118465781729714,9.86530555603739,30.03433235203607,10.867955019864,27.31760543544451,17.8872088420621,1.0
2019-12,70,70,49.59994906446361,26.5782250686185,28.417126210842216,9.944611860371362,5.038794040869405,5.23007369051695,3.929268592161437,2.548032153808845,2.1361958150251916,79.31569713905806,37.98129005441275,29.85043428035989,0.7720864844701366,0.570169331656486,2.361119704604533,2.571971113840945,0.5895191984447052,1.415909949197545,21.097601533977848,15.9655523228939,13.723399481463575,3.8427686818502473,2.795809804760265,2.278431836248895,9.25916018998143,11.94928551542475,8.177844268278578,8.82124290557544,6.233280867786794,6.51185987597915,8.588694019721794,10.444121977849349,17.14047549432386,14.68102244054805,42.31614075088164,25.288017560922903,69.230013202926,69.6105557495314,41.21614345485729,15.6938775510204,5.567647245028297,3.7560138905352,5.32383784485923,5.0,28.24906341836199,15.23210473306625,6.637195381027843,9.89701555150927,6.693423064663047,9.866605054945019,26.83478566249992,9.86530555603739,33.64547056717605,10.801831481135451,30.72955398454094,17.90717932524675,1.0
2020-01,67,67,52.42061754397489,28.16019171708625,28.65284599146202,10.196006797567769,4.740386475706585,5.220561357645902,3.68107660300688,2.32295375579166,2.0828755950043596,66.07905582467184,35.82090649605955,25.98837991478985,0.8096870876490276,0.611413043478261,2.4723629323801593,2.67971764705882,0.9800915162994508,1.54998683508725,21.584670732320262,15.5144999093956,13.597514182852635,3.622606165254193,2.57421020901367,2.205380652347145,9.178039927292712,11.4774000940584,8.0562258715699,8.79755980093113,5.8152257441193,6.40584300600801,8.045871554757966,10.775260674612,16.81555310902452,15.4908354182681,42.138574671053455,25.2276176024279,67.72184267028344,67.8723369728376,26.109465836624036,15.6209150326797,4.976381276919174,3.69853047841817,5.3673545080573195,5.0,28.838059230801854,13.1204780997284,9.051791305005041,6.605070386337385,8.885638430551701,5.893961766906585,24.229297437865924,9.399040330365095,29.69907095798171,9.59372485921159,28.268152754437324,17.6652474462126,1.0
2020-02,65,65,50.24293667277996,26.36106351189425,27.50336875605895,10.419391269352834,4.6744718630425,5.282691618735115,3.7152955320057863,2.31235924463051,2.0577358845427454,66.00287640877214,34.315050992843496,24.660489029401536,0.8392805253718258,0.499358974358974,2.5174560097355276,2.73888911734469,1.1152931694387629,1.54998683508725,20.47187989269678,15.0241754529479,13.235268332953744,3.6439889944379233,2.45432332276539,2.190018323070251,8.955812680947735,11.4774000940584,7.859929925266664,8.79755980093113,5.670536671704647,6.40584300600801,7.934985929424796,10.775260674612,16.64136581131402,15.4908354182681,42.75436475785373,25.2276176024279,67.69858248120676,67.7351392024078,26.129155827226107,15.062148991306,4.8145282381043,3.67514490147524,5.372743192213552,5.0,27.419332269889512,13.379489702678,7.163818089564372,6.605070386337385,6.950301672990297,5.893961766906585,22.74971791967647,9.50349050419862,28.341550026453614,10.065756196257,27.879104365927997,17.8872088420621,1.0
2020-03,66,66,47.60361633643248,26.5782250686185,27.444251975673055,11.259369398002333,4.80630108837067,5.933944791322915,4.443535027387679,2.33651313154329,2.3845574396806968,42.458893185774045,34.583863049878,23.644453457580973,0.7882968139349583,0.578034682080925,2.443837263339933,2.709303382201755,1.3060579084357444,1.220335864885005,21.86914934142619,15.5144999093956,13.866899907510762,4.298564242706069,2.58329921739253,2.532328609814799,9.503817501332597,11.6343164672162,7.93218000328989,8.82124290557544,6.064813254240543,6.9079179961733495,8.512629925252092,10.31882458071873,17.311426209547474,14.946336521902001,40.13960926405421,24.968335795121952,70.87178592375143,68.3592228355208,25.967829972342834,15.65739629185005,6.310542169657607,3.7748894562825352,5.481347332462087,5.0,30.419647200110372,13.96558725343615,20.85432706539274,7.14880952380953,21.14459524527751,6.80931039467978,25.682014703521514,9.51706389156897,29.83611171868532,10.65782794700645,29.47926643363438,16.9030597975623,1.0
2020-04,66,66,56.69019957468907,36.4786580196796,36.19518009629164,13.228258155754714,6.67967167949811,7.514540702278669,4.702920308193341,2.76400025878623,2.322932461604273,55.80579051831181,41.4839729643472,28.18536167965037,0.5073078049884928,0.34909015309065,1.2319437998604232,1.98159509202454,1.8466060809275258,1.415909949197545,24.365315174236546,18.192498447835753,16.875943353999453,4.713849310316388,3.1362897185985297,2.533479241816277,7.723260730541434,10.0383141762452,6.901779617364065,6.84771975590441,5.634372688763027,5.8360894867959,6.644814893390148,9.12982770430476,16.935443747027126,13.7887270140682,50.15227418728668,31.1712846347607,70.39678944848745,70.3057058012515,19.42186907291452,10.9527227584147,6.805623381677255,3.9670000572192947,4.882668688380519,5.0,22.014801805341477,12.69815940115485,-19.680314729118773,-4.02348544014281,-17.77369448206481,-3.167170321248515,14.195340632274183,7.8563229033699,17.67362947450487,7.30318364962971,25.211259496174733,13.9934646687692,1.0
2020-05,62,62,54.81065956301367,36.4461628982096,35.81863334600447,12.041535278233708,6.78141776465023,7.356366423044127,4.829110454645933,3.26541469524572,2.5283326282321243,55.15811932214362,42.45377427909985,28.492151041508656,0.4730789035493357,0.18764747837582774,1.0349941903400361,1.98125611888112,1.7015670736359036,1.18679763894675,24.56306722429932,18.526273805809,17.005205827230306,4.851733477034413,3.24261545762712,2.8788348466096183,7.58543042858707,10.220201339323701,7.0340735155029925,7.00144687564715,5.824064250246035,5.90791755389954,6.98839996746742,9.64027754842679,18.217408006500477,14.946336521902001,49.375553702660945,28.058436163666848,70.98183434175745,70.89994702291256,18.874844549500867,10.306905370844,7.066316560100931,4.21229712839498,4.927357793191975,5.0,22.72600753337185,11.8755934952177,-21.22582832177042,-0.888735357849442,-20.219393206273736,-2.25470763131814,14.566247023192041,7.75066040928325,17.025421127064465,7.260344274194345,24.88256629419654,14.17960005368095,1.0
2020-06,63,63,50.15486309488832,36.0625,32.90890882233153,10.35659956213737,6.9637483310019395,6.606734925305442,4.427300741948587,3.1238057602124147,2.270738604792823,62.530635385207866,41.4839729643472,26.245609305635597,0.4887666521784289,0.0815660685154975,0.6338064904467937,1.966540610991525,1.8909135851003578,1.17281815270446,24.350831967161188,18.53802879960975,16.479359193451675,4.496827563994755,3.240827177658325,2.6331731596267605,7.1174071308409435,10.4020885024022,5.801072510058133,7.0602435046361,5.001063246501404,5.91549284662111,6.597178668270648,9.35447243365995,16.624408376227862,14.4018376255359,52.43675172978756,29.9723210755239,71.3071879895125,73.0847627926027,18.84298068984376,9.420438574210479,6.385950891231646,4.20982320171232,4.85783568399834,5.0,20.34495587762508,10.2973248636246,-22.742204074270422,0.805413906495741,-31.18493261148986,-0.7246468624111995,12.735269977959383,9.214845948425186,15.022623702761516,8.29503676470589,23.243121811922993,14.3657354385927,1.0
2020-07,64,64,55.127771395296726,36.2543314491048,35.381118688205255,10.321272494894393,7.23238997328418,6.357312703444981,4.08486440334735,3.19790697674419,2.0990998502804326,59.61011809375155,36.0275805306943,24.277113071241494,0.3654835008600544,0.04078303425774875,-0.572780813185957,1.91029641185647,1.31456670605835,1.06221071979948,22.262737188146417,18.526273805809,15.990236046301895,4.251104545966815,3.23903889768953,2.6011661682312313,2.602101268452806,9.88661184690693,3.839668055909844,6.760880334422555,3.852403130724268,5.4205538228890955,6.186774663757506,8.833774865347234,16.05932194120576,15.30152880606895,74.74271368340844,31.7648273237697,70.55375987918556,72.79081017122056,17.324212417639085,8.83366174055829,5.727386057206585,4.17037031218283,4.56325467810023,5.0,18.107999842637614,9.910273219030874,-31.26361474408606,-4.050994564018755,-36.93718214917924,-4.08927617990736,8.070518700862754,7.75066040928325,9.868851662113249,7.7991102071678,22.127893095455292,16.5985239938491,1.0
2020-08,65,65,54.2380619002183,35.3934464207573,32.79490091216255,11.027673504406046,7.53497529435987,6.905797200539973,3.806882927541813,3.090283817542655,1.877895476991096,56.06855103416577,31.2607995116591,21.375871882480574,0.29888486513535695,0.0,-0.28379631149984896,1.966540610991525,1.7472740305470447,1.14945429382422,21.170427825302585,18.495414697666753,14.95007074484822,3.9744867374919393,3.1362897185985297,2.2414495856932795,2.5031176272846425,9.73490951756866,3.6080703945474855,6.77979765407715,3.633900945864078,5.28416480773922,5.872790792331934,8.52225715704121,15.723296741497727,15.7868608307132,73.95935114578892,32.9532632579132,69.51569002060279,71.3462241235518,15.994042486235859,8.240284725076824,5.439057754983557,3.85083914188729,4.507139731878989,4.0,18.138665622875894,9.95064401124164,-31.7919106827303,-4.02348544014281,-37.667991016284866,-4.084454595543125,7.836152593375709,7.692861920164065,9.120207331971669,7.99649788413833,22.219833158944827,16.8090485258389,1.0
2020-09,65,65,58.10296947494634,36.2543314491048,35.44429432200167,11.939254357092366,7.3836826338220245,7.301247189473351,4.247233269122993,2.728283407845365,1.9041466401174394,75.5138704180175,31.2607995116591,22.922315436925615,0.3187020949417599,0.0,-0.2469889965613344,1.85911047007918,1.8062525647547127,1.14945429382422,21.907605255763695,18.526273805809,15.284376476049673,4.441602478740066,2.919334023842065,2.2810845282118244,2.2265068842140243,8.97693855440334,2.990482397215205,6.6740409129407,2.958504128190907,5.17026065995669,6.63814539098372,8.52225715704121,17.66423438054483,15.8465401385095,81.6790560681172,44.0761481520279,69.052712836552,70.6434782608696,18.211465588545824,8.73399014778325,4.491974344183838,3.75280010101961,4.231446179967863,4.0,10.994207119834208,9.40368344291031,-43.11027941876838,-4.079068349536795,-48.36713764174306,-4.17888461164308,8.414802888118018,7.4845472289591655,10.127823741717476,7.68241722918676,27.193764811265325,16.8090485258389,1.0
2020-10,65,64,59.81646518044398,40.82406790232745,37.41796008169764,12.245135064586565,7.64745976299654,7.810187807338067,4.287800987716706,2.75481934978395,1.9464983257352293,83.33094737148359,36.0275805306943,24.184708617312328,0.33229452208363425,0.04078303425774875,-0.7356988762045819,1.69421434327156,1.2109976730777372,1.06221071979948,22.221289606799186,18.5497837934105,15.83941203867632,4.458023522899552,2.93415581169505,2.285339556205047,1.2778112773788584,8.446095270797276,2.490155362945822,5.695694941308215,2.6584393922259073,4.81616698651292,6.187970877152474,7.9809617815438,17.3663423691486,15.81670048461135,71.80795118952436,41.43246097211305,69.55237759708389,71.80384640679596,18.085779282211238,8.240284725076824,4.547077107555568,3.76362980225576,4.109989726175399,4.0,11.181698626667165,10.11974221942307,-48.33554254301674,-4.07963301117889,-53.88920122908227,-6.02811237970632,6.950453908666962,7.33403102687345,8.728000794718575,7.492800439408235,24.410009256320176,16.5985239938491,1.0
2020-11,64,63,59.937452273861005,43.0026591493628,35.913406724386576,11.627932422185534,7.64745976299654,7.08041867694128,3.8750605652487415,2.728283407845365,1.7680816140563875,92.1901662687169,34.12538700924195,22.18061410193168,0.3152036401453154,0.0815660685154975,-2.1042665033888097,1.656387280813535,0.3545444351865118,0.9348314189444384,20.800914031138763,18.63390613858195,14.821169036498583,4.117005239003828,2.919334023842065,2.2102377054011857,-3.090922071706755,8.17711520275908,0.1306062911782268,5.51322277005827,0.9461714992578611,4.46207331306915,3.628405612555086,7.43966640604639,15.330974582615282,15.7868608307132,93.32530629757545,38.7887737921982,69.07078210912701,71.3462241235518,14.01311986140021,8.73399014778325,3.8615039352072515,3.75280010101961,3.7454337685122234,4.0,8.718724708789269,10.2888404276045,-57.98592271512566,-5.24118285247675,-62.88752474686034,-7.87734014776956,2.3746236542945485,7.318613022165765,3.937086079169424,7.30318364962971,19.985585234623077,16.8090485258389,1.0
2020-12,61,60,56.037931693096574,43.0026591493628,34.41686246500142,11.084358097379862,7.64745976299654,6.810576299379113,3.815880089676586,2.75481934978395,1.8409745946846234,82.23835694034058,31.74199649972435,20.042887636609734,0.3046670200546075,0.19449008669897827,-2.3821291341479696,1.69421434327156,0.6045464769686227,1.14006992118627,20.236098123519344,18.526273805809,14.416740689868124,4.101763146967893,2.90451223598908,2.3862557247966887,-3.5316704971306714,8.846006946619404,0.8957943020166832,5.873071473285204,1.4158752042763756,4.81616698651292,4.9404976531049245,7.1176784933710895,15.750230511637174,15.2716891521708,99.6823273505967,45.3719882145499,69.44146366247536,70.9948511922107,13.429907494370191,8.73399014778325,3.784397912172698,3.76362980225576,3.6978720665236,4.0,8.14581799901711,10.4202718870009,-44.90027050426322,-4.07963301117889,-50.25218082285037,-6.02811237970632,3.7347652113576126,7.33403102687345,5.610306554965609,7.492800439408235,22.380954638862544,16.5985239938491,1.0
2021-01,60,59,55.10964575958571,43.0026591493628,35.98845531525799,11.255464425511544,8.263741882060675,7.1541306220174095,3.767881328293439,3.13086309140467,1.8170638608248255,48.0668207195377,30.82953152388805,20.7832694050638,0.3258081432970809,0.404451417945142,-2.1703255988314347,1.69421434327156,0.4639748515286434,1.18679763894675,19.74629176239771,19.003649253878,14.700727645854199,4.058866154131006,3.1280215450699,2.3768025262269696,-3.3690135855598493,8.97693855440334,1.2020436850960328,5.87816711255816,1.676542063622661,5.17026065995669,5.726344463180062,7.07171606140523,16.421929695091244,15.7868608307132,101.75150844648377,38.7887737921982,69.47546225510129,71.3462241235518,16.487922607669397,8.83366174055829,3.972854803078768,3.93804848151882,3.6330537897265436,4.0,9.206742028109808,10.5517033463973,-32.8421753189415,-4.0785036878947,-35.982977683100586,-4.13408039577522,5.560476632140936,7.33403102687345,7.025214227435351,7.68241722918676,25.032837554565564,16.3879994618593,1.0
2021-02,66,65,51.695979450166774,40.91585359346175,30.781344056344587,10.228034800204565,8.88002400112481,5.308396361868561,3.3402882678709522,3.0516065332748896,1.678990972547156,53.56786491174751,31.2607995116591,19.40344992591564,0.4703160235556414,0.4113792522796575,-1.4266640552958465,1.75693523712392,1.275605827109526,1.4474089947053148,18.37708684411211,18.495414697666753,13.147422903406989,3.6772657441413346,3.1362897185985297,2.228446734045633,-0.598900750881485,10.2746252922466,2.2742482823147054,6.77979765407715,2.7490767414435555,5.36094114155202,7.724737047172207,8.87377361470281,17.876032623068944,15.8940861723015,106.00196815293356,56.9341632108971,69.62949908639557,71.3462241235518,15.367199963773487,9.420438574210479,3.4895691985074846,3.42419458921467,3.9657099498404746,5.0,10.938065645173612,10.5517033463973,-31.105338319783662,-4.079068349536795,-33.724411690761,-4.17888461164308,6.564231072405688,7.33403102687345,10.53119233823614,7.68241722918676,25.200537477525078,16.8090485258389,1.0
2021-03,67,66,52.64779999849862,42.7753303964758,31.50515036684983,10.314530863396547,7.5912175286782055,5.4823033255169875,3.4661587201120705,3.04970454368064,1.7051826674000699,53.62609535731643,31.2607995116591,19.24192369897794,0.43525999164112006,0.307414104882459,-1.235771171703046,1.80792452830189,1.5277394672270235,1.36460113919278,18.764549360793094,18.526273805809,13.161867967574068,3.7908458726712713,3.1280215450699,2.255012519575863,0.6295813557753467,10.668696736650151,3.0427332432492404,6.81375870499078,3.355123354989714,5.4205538228890955,7.886544220404519,9.11412302418138,18.235463270567376,15.870313155405501,104.41595000219041,57.29984712166835,69.5886338424052,70.9948511922107,16.48794083582815,9.90754381508763,3.5846332002776427,3.37356692915112,3.9635007569736875,5.0,11.792382389116828,12.306011579518149,-11.047891798874407,-4.0785036878947,-16.25851899810082,-4.13408039577522,6.805691320048729,7.318613022165765,9.27104379983531,7.492800439408235,26.22528971104762,17.1033343386419,1.0
2021-04,68,67,104.45370281376339,50.4557069406081,44.107507570374246,14.377308694079995,9.211900476747035,7.407187186940494,4.511615041579104,3.450739152697285,2.286310897836247,72.82520263265883,39.8699475270342,20.122292487155196,0.4479461240242145,0.322229471941681,-2.2057763351093236,1.27132806976048,1.579915890041464,1.863972817448675,24.280594773960136,20.3506215548866,15.577565015132405,4.8183166782881495,3.622997487404735,2.753343356543977,-3.387609180853355,9.31700985722805,0.07942471220699397,5.86797583401225,0.45595765089009854,4.81652059858105,1.2854942990029385,9.53434968556218,12.885492367087906,16.1264193350652,99.67774518253597,64.4633215045262,72.33447151125335,71.8083598230527,19.020115987370477,8.99497560174007,3.9991226768139057,3.68055600952904,4.56809085176264,5.0,5.306896942649449,8.95518314117116,10.776538291268492,4.81517509727626,5.097067629742513,3.79510918235803,8.949446393063978,8.3838608774567,32.63498909316102,12.4973044567493,28.007894049131206,18.0000458575056,1.0
2021-05,66,65,107.98980401295474,46.3060686015831,43.656512208679835,14.733409430353351,8.90500605942581,6.859674003556116,4.494478406587991,3.7708413342484,2.204380190555015,82.09064215907864,42.6454979493508,24.803210526243273,0.3459918796375253,0.1144815629812755,-2.7210335568480177,1.335973515321345,0.6487691837188415,1.62017988400722,26.067211105216064,20.1805816901408,16.260843361323328,4.814430216726161,3.622997487404735,2.650882851929688,-4.947133002147055,9.31700985722805,-0.48155706568162165,5.86797583401225,-0.16625260877917353,5.22779567418316,-1.3656944252045768,9.35447243365995,11.514790770436827,15.7868608307132,89.95130477268273,63.5425909494232,72.9141161879499,73.3659452521193,18.694089962277864,9.997671296515005,4.057168449400266,3.88262984249724,4.485564481142452,5.0,6.313809956339678,9.33525954071704,15.786949005598974,4.81517509727626,4.724216760431012,3.79510918235803,10.15887041966739,8.62034438381095,38.97911898058023,12.9497840037955,28.927855295232277,18.4500195735735,1.0
2021-06,67,66,104.87817385536307,50.4557069406081,45.154934963130536,15.829729234498439,8.90500605942581,6.959736425988067,4.68196238145148,3.82374011213004,2.41299888787575,70.51617243970598,43.6121633418367,24.068218959311675,0.30794809248793475,0.0,-3.4963623209516412,1.21686295503212,1.0613992930396006,1.62772785090685,26.29706866611032,20.56490735595835,16.623472944111146,4.957812689475582,3.70324942791762,2.9114079165627733,-6.2857990664120065,8.416614287234195,-1.4279388435514362,5.170705172062036,-0.42190700510483314,4.70555248440815,0.09097197086728981,9.204061650132495,12.211857934879285,15.81670048461135,86.46783156787144,62.3362580936899,71.85910848463122,73.45361736585926,16.602366578441192,9.80874316939891,4.116175782277878,3.78118217782835,4.575294392340866,5.0,7.449487133080128,9.1452213409441,14.846514556998507,2.69917720248846,13.57385989585425,2.69917720248846,9.87182349279779,9.14446150045833,38.61478207539938,14.9457370863922,30.07887230843636,18.225032715539548,1.0
2021-07,68,67,107.77087920959828,54.430137757737,45.116460303686054,16.448301570318236,9.51879489406826,6.968943721957638,4.800625482497264,3.9466327165678,2.477353188462223,61.02852901999511,43.6121633418367,23.820955515485323,0.2827310417261779,0.0,-3.608870842139673,1.15605882352941,1.2493377328623203,1.83501074341446,25.742016463061308,23.04457092079985,16.640683875189403,5.0692656319534946,4.03198999102573,3.0029188725929226,-10.713777921387143,7.85629002006505,-2.3933777595446664,5.0548201055765,-0.7900119019532743,4.57719883136787,0.4794577260098892,9.3717185859293,12.732497758019946,16.1264193350652,88.1820070851139,56.4252336448598,71.35639250139828,73.5412894795992,16.836342724415463,9.80874316939891,4.274069588857177,3.82721120347566,4.636602159715108,5.0,7.432395911204962,9.33525954071704,-0.05177904330613082,5.18288759041416,-1.232947487852928,5.16901358607354,7.663979065855312,10.6239042073933,41.461602330001206,14.6616498915653,28.84841591055496,18.0000458575056,1.0
2021-08,66,65,69.61427979143312,56.55714153234,47.95727512500425,16.95085486239612,10.7505487730021,7.845922813529091,5.07366105157085,4.026633095216885,2.8520038768220073,59.14955472693314,38.8763472108525,23.4922414485805,0.3280588694333685,0.0,-3.376872422433394,1.1864608892807649,1.3590809651307074,1.863972817448675,27.409977381892663,23.1934628639657,18.29061395064672,5.262428738118976,4.22192510637253,3.090156993914475,-10.529005139753757,7.82597908407576,-1.7541996988974506,5.0548201055765,-0.4377481129362075,4.59458437023525,0.332013276588792,9.53434968556218,12.299799209116607,16.1617784603288,84.2110862931568,54.99062147106825,70.92442524672529,73.5412894795992,15.647399562561047,9.80874316939891,4.283539158401255,3.9544389015957098,4.73897177313818,5.0,8.414296596713397,11.6673164616934,10.906738108148565,5.5998515724009845,11.082625605224752,6.51499734599222,6.687953286953762,11.75715120812085,35.31264170353656,15.2298242812191,28.05126250563109,17.1965263569623,1.0
2021-09,66,65,66.3501280283502,55.3673067127323,46.377513241064584,17.61890964614262,10.7767784394864,7.940937441018669,4.921937211580128,3.9609233230658303,2.803367482138755,59.61083439368856,38.8763472108525,23.612852932640568,0.33897747396337286,0.0,-2.0343550151728786,1.335973515321345,1.7193080790294786,1.863972817448675,27.18735485667349,23.16349081150325,18.089021341635835,5.141423763120032,4.22192510637253,3.068980058011984,-6.375244127711833,7.82597908407576,-1.5459376324358374,5.0548201055765,-0.285935817140057,4.59458437023525,1.3379331720666545,9.79547904714438,12.66315636269849,16.266515369405,83.84925142220777,54.99062147106825,71.66151483753701,73.5412894795992,14.384210164680695,9.80874316939891,4.3226304387078525,3.9544389015957098,4.950300291784579,5.0,9.972344024017392,10.8008561047235,14.37750834387704,17.29866216240505,14.538568259691546,17.27075870414485,5.947294124081085,12.73290917132425,34.40332473293392,15.4101861318749,23.81675916904661,16.7398282633352,1.0
2021-10,67,66,64.32687558352183,56.4756991582949,44.358344919117044,16.684018950221574,10.8030081059707,7.721348020610579,5.016338623636753,3.97521392956386,2.8930829302750873,56.79151530663014,38.6105641383456,23.058731886704322,0.38384005038123975,0.0,-1.5695446982588435,1.32579318448884,2.0356363826820094,1.83501074341446,29.247506911161214,23.61375877253315,17.80360949094482,5.206240185824635,4.26262778949305,3.184300695441832,-3.643728993705285,9.31594018453707,-0.704125767125673,5.57013674218566,0.6137651098159446,4.9774225628536,3.6350373767670225,9.796501508528495,14.620438855503798,16.409540486560452,82.01847866601764,51.804521313282,71.86277627351973,73.45361736585926,14.513564648124554,10.1865994236311,4.338041230757564,4.08166659971576,5.076613390953386,5.0,10.87346281097566,11.7790831101005,13.170485163129271,24.990535412710102,13.333203346539056,24.97808221621105,7.546818569708291,12.8276348176241,31.22278073861666,15.4777748268625,22.984053190530844,16.9606875381455,1.0
2021-11,67,66,65.57158175652883,56.4756991582949,47.93382855024958,16.720749216360076,10.852483759588601,9.427907209614606,4.9722402308989695,4.026633095216885,2.8144313937587864,58.293523967210696,41.743483348364705,22.933699704152737,0.32474490486123275,0.0,-1.9844836321799142,1.1864608892807649,1.9355441867656908,1.66893538435172,29.249437794106814,24.370366486601,18.81294624675195,5.1751902175417435,4.28961233545971,3.1073724732538617,-4.615301987701587,7.74867835171678,-1.6980939396590176,4.89363583857356,-0.4609366158878324,4.56685698984791,2.3547362266255427,9.453034135745739,13.237662768416191,16.144098897697,85.65063678766452,54.99062147106825,72.14622853340232,73.84983317958336,14.604479973612303,7.94822752476481,4.252265708274216,4.1024211523299545,4.9732415649340185,5.0,7.089957604728806,11.23408628320845,12.581622476688255,17.893789250407952,12.748912630762486,17.893789250407952,9.229326624167289,12.8276348176241,31.357086573066375,15.320005206547,22.06761773203788,16.7180725117951,1.0
2021-12,65,64,65.8420786776382,56.55714153234,47.916986449986624,19.76923956593517,11.467330905770801,10.23052770704162,5.23002685103429,4.214542639569225,2.793417657044582,54.75203747704085,38.8763472108525,23.31393133750069,0.32200213481479584,0.0,-1.871735002667511,1.145287913118905,1.8840237520597143,1.66893538435172,31.139416653600982,24.370366486601,18.616783922566345,5.638600593085565,4.323293751781085,3.1771337370996453,-4.445815396165425,6.992522611459105,-1.6719433095968574,4.45225129851543,-0.3123400191248009,4.133525767841425,2.5179759133205732,8.700845386348195,13.697451897052021,16.0492658433081,90.72047132623011,61.295242453468,72.53035411740164,73.84983317958336,13.903958124198748,5.72727272727273,4.321305310599089,3.804196690652005,4.947229262285115,5.0,8.373488170920258,11.7790831101005,8.42405836216698,8.18148424715298,6.895967373410679,8.17454724498267,6.492724702135614,10.8761188912173,29.150422184020503,14.6373562300856,22.126303217935625,16.9606875381455,1.0
2022-01,65,64,68.10821281734091,52.19747115680045,49.2975790744972,19.8112382736124,10.8030081059707,10.288943354399317,5.2771231784912,4.269275211665915,2.7284716467464154,55.031792259508975,38.3447810658387,22.699981065051393,0.3182816240622249,0.0,-2.0612748547836945,1.27132806976048,1.9178135206568898,1.66893538435172,31.50597669414777,24.370366486601,18.38812580859656,5.682483482695263,4.40447094120991,3.1070563441374057,-5.8749597816064325,7.42206471046243,-2.4397973712297527,4.70440154099502,-0.6968503083709405,4.45400086021794,2.0984784233902443,9.665936827737395,13.490428193715783,16.1339198794696,92.45974163249934,61.434790274750895,72.75846861133272,73.84983317958336,13.941247776462683,7.73949505533629,4.230376351951909,3.9544389015957098,4.972676815364104,5.0,8.557022013714656,13.3174039182006,-23.05175364434528,17.893789250407952,-23.225072912848216,17.893789250407952,9.026579678934143,12.6381835250244,30.57022762392058,14.6373562300856,21.85458872262182,16.9606875381455,1.0
2022-02,64,63,71.44298269872328,50.4557069406081,50.576476106336656,21.28132987065344,10.7767784394864,10.229618079554568,5.376413176298403,4.18751740506329,2.743533293044645,54.65486015506098,36.99510930024295,22.201610163697072,0.31062732805459886,0.0,-2.116280456037643,1.32579318448884,1.9662786706260698,1.71014291779659,32.49369797786616,24.2022105838508,18.50948183740026,5.829083566165143,4.3299906221358,3.110599290782756,-6.147558986160877,7.04846127283839,-2.56557989047003,4.55184110675956,-0.8197265417117825,4.35148657210793,2.0527573845431086,9.79752396991261,13.494103514861472,16.141420423874,94.37998433361659,61.4613859708805,72.23142608991901,74.0703296703297,13.568699124678158,7.375123871754165,4.223210470228078,3.82721120347566,4.94571494909028,5.0,8.630486932910092,13.3728895880302,-22.671838660012725,24.6074975969241,-23.169520491528278,24.6074975969241,7.958251067060691,11.75715120812085,28.58345165894242,14.6130625686059,21.062019835230036,16.7398282633352,1.0
2022-03,61,60,73.4124476851764,53.9392353729928,52.30578165390978,21.74527563584809,10.8030081059707,10.184980245949175,5.54537918274439,4.3757578914665896,2.787486920737624,56.922111807770136,36.99510930024295,23.096773246411146,0.2998989383193413,0.0,-2.5448147380524295,1.27132806976048,1.6282079573377757,1.89202909999713,33.80191429146288,24.404015075278252,19.287070310850396,6.0511733210369645,4.448491807451266,3.1954284195082305,-7.393747770499727,7.366126049083145,-2.743498127340505,4.60481173275089,-1.0642485477578547,4.133525767841425,0.8780518115854224,9.584621277920956,13.03298650014837,16.1339198794696,95.95395923755912,58.729363246757444,71.69869303977279,73.5853130842181,15.037042188444666,7.01075268817204,4.234246426523853,3.96112623166211,4.912578043689505,5.0,6.704774270769777,13.45574794584485,-27.62110777944093,24.990535412710102,-29.223536402423914,24.97808221621105,3.5911783076703925,10.3429418059887,26.44091027414634,13.12000887311445,17.807979308401276,12.4386991627012,1.0
2022-04,62,61,55.571846347822806,46.9865439093484,36.13392903650059,17.399800122367587,10.1322140958617,7.167075038545732,4.474354558991204,4.07805226086991,2.18505733064414,57.246918865388864,36.461609644931656,24.798872220597758,0.48370076213107044,0.0,0.09332895758521541,1.5837461037831249,2.2769257073169458,1.974221344948785,27.49389847709043,23.61375877253315,17.49961725648463,4.818959362972847,4.12014699361172,2.749811540715029,4.251244460680073,10.6304277902863,4.181855909655931,7.00907206781572,3.883320180383075,5.58599663134554,8.996343157811827,9.32981827709602,18.389902874416332,15.972112351551,103.80785026896902,51.804521313282,70.14156859038042,72.3084765698532,15.146904315312941,10.14440528724855,3.9401053612590657,4.23316343178408,5.719799366671176,5.0,33.769945271434864,19.8253408916807,77.59375062728867,30.8073597515816,76.24436262555726,31.008215705206,13.28223083814933,13.0841944933711,18.685829060936094,15.5197450813664,23.617414670419304,9.67664799987658,1.0
2022-05,60,59,54.97649869719917,46.9865439093484,35.303867100738934,18.278030644467183,10.359674020834799,7.3698633855665605,4.557824325009687,3.85763244382842,2.225769689956208,56.52066256926458,34.751898649024,23.980645151625968,0.4897662849598367,0.0,0.2638547537819926,1.5837461037831249,2.718652269881131,2.0791497041159,28.502221126479675,23.78191467528335,17.108213794047124,4.823106752159419,3.73510912022167,2.5808318379104125,4.721423938380889,10.2873175040266,4.271427385262789,6.83159093261567,3.997072719812698,5.39077627178314,8.838153830321538,8.48591798828875,17.80197777103969,13.8485540054077,99.46547687172624,51.804521313282,69.79453628406617,72.2218160601782,15.205427414607916,10.231723960345,4.093624319222375,3.84058586360846,5.7121351291310845,5.0,33.33051265978753,19.8253408916807,96.33097708230552,28.0396475770925,94.57028605383886,27.9119930974978,14.168542673446288,13.0841944933711,19.979948454099162,15.5197450813664,23.748268598733596,8.88404793351158,1.0
2022-06,59,58,55.9680227572281,47.61566729914575,35.62372896577816,19.016187165496035,10.43091596986395,7.423395480540161,4.788715127506359,3.967842352349165,2.3746605475548224,53.83182502234726,34.751898649024,23.35473709778429,0.5014226340184325,0.0,0.866216908525055,1.56044613710555,2.5865067347732102,1.99341187453918,28.275735023515967,23.66299478457995,17.10156795297277,5.025817879500683,3.927628056916695,2.7367136397455014,5.88182638095789,10.102788681217444,4.844627879918607,6.83149314072644,4.351168185482863,5.3903449856564905,9.118942008873537,8.331736479191363,18.003012100508524,13.56578852010015,96.16989483327748,51.483421972933655,70.40477383699354,72.2651463150157,14.99934272288167,10.14440528724855,4.277539975720368,3.573584908732765,5.791848541153071,5.0,32.54293600403078,19.758883355911948,104.7917169469226,31.36080198352795,105.67434805779573,27.9119930974978,16.475720746548262,13.0486842541847,23.190324374965364,15.46496560662065,24.521141321024942,8.853423599346035,1.0
2022-07,59,58,58.64065246104821,46.9865439093484,37.55569074748937,20.11519028787443,10.43091596986395,8.680947824015469,4.990556453675058,3.656553273154505,2.4425381684481633,64.90187860221364,32.2300549221937,25.07827862885848,0.44638644098769553,0.0,0.9828513578684288,1.70420646406175,2.8688375888833275,2.16488753369262,29.592474846592218,20.96339305376085,17.50999055257712,5.231967138873991,3.68147511239329,2.820750545626304,7.830825403512917,11.7219018869604,6.552827386586876,7.238609267936814,5.243719845564739,6.103316308757639,9.47406181539817,9.203418158063446,18.275524307799525,13.72969069014,93.61920627293749,46.429689441328904,70.74979650986147,72.13070153456249,15.964249219024774,10.14440528724855,4.460363539257126,3.71387547700792,5.798138845430858,5.0,35.68732211340856,20.220552710902048,132.40308013019202,34.6819563899634,134.22035145247753,31.02621446642445,24.536200256491448,14.8965062675947,31.946074898375926,17.113105881794702,31.23051787207187,9.594406034240844,1.0
2022-08,58,57,55.32800892113535,41.06272471030825,33.87105903785506,20.292324149017954,8.910985436740514,6.467225749381862,4.695149691285024,3.32238046138316,2.2013044412223772,57.821920502336994,30.6511863004633,26.551869608174464,0.502721720332687,0.0,0.9241507965919955,1.8676426694329198,2.437786023550331,2.1713941773854604,29.586116247768715,20.3400342837274,16.88806726254956,5.041552289865056,3.41411544919615,2.722465228533526,6.961661998467792,10.7315287280049,5.788407446784297,7.19260065288357,5.025283522532273,5.58599663134554,8.802571916954783,9.07701803903087,17.63425057243185,13.8485540054077,105.55337214614674,46.7999921109205,71.07314912526809,72.0395870089468,10.750149956477697,9.7253145273741,4.202689478422255,3.67296222522068,5.916352560979084,6.0,37.485926344792894,20.5889269529736,91.61033451833312,41.3206930369402,92.39295928031622,38.0013247134518,25.305778420154418,13.972595260889701,33.485948630796216,16.9743833605558,30.921273971869667,9.51216406860511,1.0
2022-09,61,60,55.000974722503265,40.21084984896645,32.63332040202393,17.76276405261897,8.2266329726664,6.035351626484941,4.488712912768565,3.32238046138316,2.1242396555851446,53.10258683443031,29.76670411678885,24.017336228922854,0.5785720702531184,0.0,1.4148161185756098,1.87551867219917,2.8882098179219327,2.1779008210783,29.578902944054626,20.1473794005252,15.835968980219153,4.802637874866323,3.41411544919615,2.6067898562318557,8.74049869208524,10.6809782591456,6.229638116830525,7.1853152970779455,5.265837124935435,5.48838645156434,9.905465348496119,9.07701803903087,18.407026838773906,14.4678442028985,97.1682706121594,46.429689441328904,70.81720185750036,72.13070153456249,10.943683345817766,9.8912005707631,4.131579447111011,3.71387547700792,6.090050913362212,6.0,37.86344782333082,21.1680053547523,111.40170353056534,38.0013247134518,111.3727268666186,34.6819563899634,35.625914737233316,13.0276132001707,52.15164693035123,15.7780013413816,34.2174914612354,9.85487676503184,1.0
2022-10,62,61,50.534240819884495,40.21084984896645,30.46483374200791,17.995341564300922,8.2266329726664,6.184067171571877,4.886542424236734,3.33954363456835,2.008275690481575,52.80932358855216,29.6732456156156,21.586629793172957,0.7154295857365064,0.0,2.3674176472289274,1.8885423338624499,3.972849810787486,2.44353403499582,29.718273325177897,20.2437068421263,16.083985211154936,5.099765785158601,3.39961178877767,2.6594551537739024,12.377836495726978,11.483774628506,8.304412925917005,7.2739661930034,6.2704693272030605,6.69663833775274,10.69689205944488,9.558972573641789,19.012734106328374,14.507428050336049,86.48537716802093,46.7999921109205,70.75653278173581,72.0395870089468,12.704701187050615,10.0570866141521,4.587747046494898,3.75478872879516,6.313397950889096,5.5,40.922917413033474,23.20491291373565,120.72934739661147,31.8863146770693,121.71187742286908,29.0906706078826,38.621979982774896,17.1512417609128,54.2621940261684,17.275570828045197,33.7039863370155,13.632183908046,1.0
2022-11,64,63,51.45504656141094,40.5212729554009,32.100557651164316,15.79675075622961,8.298373522493385,5.676068614442349,4.66810387124224,3.4060904551170648,2.3469025822054794,51.52069788504211,29.0271946684283,23.769867227242326,0.5910669649373094,0.0,1.91576411530584,1.8885423338624499,3.432490652710233,2.743028683310635,30.41930220936575,20.453622880371853,17.22234099314792,4.903625698212325,3.4630494776499052,2.9721658604048087,11.124170038301864,11.9600291454148,7.283405582932062,7.54089633325056,5.655826300807344,6.93942720287396,9.505984823536792,9.87934423219523,18.379082873176404,15.0988797064581,87.89713579404706,46.0593867717373,71.53903178984567,72.0395870089468,10.041425007627433,10.231723960345,4.309925972032263,3.84058586360846,6.267026509604477,6.0,45.642298583520414,25.10526328734425,105.88754484580753,31.8863146770693,106.09963575774528,29.0906706078826,38.87101102477638,17.2494065285188,54.85140377308659,17.650034345144448,35.5316827016479,14.7595573033287,1.0
2022-12,64,63,52.27909867548966,41.06272471030825,32.30340087188515,15.39241236123,8.174641487092694,5.346918621675813,4.6417386374742495,3.4060904551170648,2.082436599912405,50.987710045631054,29.35022014202195,23.148863504791287,0.6136219727939813,0.0,1.8585432299831544,1.7909187788240448,3.3889297143933685,2.44353403499582,30.340825524925783,20.453622880371853,17.231625174123074,4.887026808475038,3.4630494776499052,2.835619467534889,10.937098925410716,11.483774628506,7.272968202983414,7.2739661930034,5.558133939900124,6.69663833775274,9.331898417529226,9.87934423219523,18.29400044930635,15.0988797064581,87.59239531434461,46.0593867717373,71.15911928857352,72.0395870089468,10.180692923277324,10.0570866141521,4.313825691804034,3.84058586360846,6.223213824396682,6.0,45.03936502091469,25.10526328734425,100.08570515585625,31.8863146770693,100.19123844592941,29.0906706078826,40.19640929085222,17.2494065285188,56.87860883772667,17.275570828045197,36.48017769353916,13.7651729114645,1.0
