month,sector,begin_wt,covered_wt,contrib,sector_ret
2018-05,Business Services,0.04762555002665517,0.04762555002665517,-0.0026508109370333805,-0.05565942935146721
2018-05,Consumer Cyclicals,0.17865813567014638,0.17865813567014638,0.002121379386967182,0.011873959050394718
2018-05,Consumer Non-Cyclicals,0.004708131528702947,0.004708131528702947,-0.00030032129523154796,-0.06378778787309795
2018-05,Consumer Services,0.029963844979003736,0.029963844979003736,0.004482322841902905,0.1495910436408865
2018-05,Finance,0.06005500312966023,0.06005500312966023,0.005778793686032222,0.09622501681592896
2018-05,Healthcare,0.08876035525146074,0.08876035525146074,0.002453371691236328,0.02764039963884611
2018-05,Industrials,0.14292877753982705,0.14292877753982705,0.02139314068896861,0.14967693040687638
2018-05,Non-Energy Materials,0.07675131157641922,0.07675131157641922,-0.000478108770155639,-0.006229323777478368
2018-05,Technology,0.37054889029812454,0.37054889029812454,0.00037657908319134025,0.0010162736768375264
2018-06,Business Services,0.07941190079429249,0.07941190079429249,-0.0035991961374881067,-0.045323132949700015
2018-06,Consumer Cyclicals,0.17428323149054661,0.17428323149054661,-0.003548222921234643,-0.020358946129749173
2018-06,Consumer Non-Cyclicals,0.003464780737125604,0.003464780737125604,-0.00013945466002934434,-0.040249202073617076
2018-06,Consumer Services,0.06581166457474483,0.06581166457474483,0.0057315622865598955,0.08709037103977732
2018-06,Finance,0.0854324300801299,0.0854324300801299,-0.0017265444338926562,-0.02020947352513879
2018-06,Healthcare,0.12963198859888914,0.12963198859888914,0.0005278062250227335,0.004071573928067138
2018-06,Industrials,0.11967830733736062,0.11967830733736062,0.0006352379601585988,0.005307878882076176
2018-06,Non-Energy Materials,0.09480060710661589,0.09480060710661589,0.0011088898000553376,0.011697074880630706
2018-06,Technology,0.24748508928029483,0.24748508928029483,-0.025087090895176283,-0.10136809036912657
2018-07,Business Services,0.0864835342022029,0.0864835342022029,0.0022424755360352295,0.02592950850958759
2018-07,Consumer Cyclicals,0.17929946633513205,0.17929946633513205,-0.0018067047134884215,-0.010076464533985145
2018-07,Consumer Non-Cyclicals,0.002627374777808371,0.002627374777808371,0.00028555686100410966,0.1086852410307095
2018-07,Consumer Services,0.05645573018743886,0.05645573018743886,0.001236204499401489,0.021896882660044647
2018-07,Finance,0.08099409395706392,0.08099409395706392,-0.0003313511432109506,-0.00409105314995689
2018-07,Healthcare,0.12784570657961777,0.12784570657961777,0.006636007603416667,0.05190637825044204
2018-07,Industrials,0.11111284850700412,0.11111284850700412,0.0002181364161079804,0.001963197047317439
2018-07,Non-Energy Materials,0.07681054481939711,0.07681054481939711,0.00246963024375164,0.032152229222672815
2018-07,Technology,0.2783707006343349,0.2783707006343349,0.010018924999153517,0.035991305752807234
2018-08,Business Services,0.08416818020436823,0.08416818020436823,-0.0003526403335336408,-0.004189710798990747
2018-08,Consumer Cyclicals,0.16833222197613235,0.16833222197613235,-0.004522250456502934,-0.02686503156326267
2018-08,Consumer Non-Cyclicals,0.002805141671233938,0.002805141671233938,-4.251144136806107e-05,-0.015154828650547604
2018-08,Consumer Services,0.054566617628611175,0.054566617628611175,0.000677760449304423,0.012420789097051337
2018-08,Finance,0.07621151343674476,0.07621151343674476,-0.0014431328648727092,-0.018935890389717866
2018-08,Healthcare,0.12770803203461348,0.12770803203461348,0.003012467363603,0.023588707112693688
2018-08,Industrials,0.12375165098369004,0.12375165098369004,0.0025200783056584892,0.020363997454794565
2018-08,Non-Energy Materials,0.07520505274414865,0.07520505274414865,0.012495243217748482,0.16614898549779525
2018-08,Technology,0.2872515893204573,0.2872515893204573,-0.0007956193287069029,-0.0027697647577479946
2018-09,Business Services,0.0782530217382173,0.0782530217382173,-0.005385627592769658,-0.06882325401805435
2018-09,Consumer Cyclicals,0.15231624001146898,0.15231624001146898,-0.011834830058363551,-0.07769906910433465
2018-09,Consumer Non-Cyclicals,0.020553726305359458,0.020553726305359458,-0.00011352663754229672,-0.0055234090332658674
2018-09,Consumer Services,0.0512218743844208,0.0512218743844208,0.005344994883699255,0.10434984951126548
2018-09,Finance,0.08645582049663579,0.08645582049663579,0.007711874260031639,0.08920017432871077
2018-09,Healthcare,0.1292252698669697,0.1292252698669697,0.0068422822176333,0.052948484647600685
2018-09,Industrials,0.117908121984552,0.117908121984552,-0.005350411671560544,-0.04537780418775172
2018-09,Non-Energy Materials,0.04478895463839079,0.04478895463839079,0.0011989706839962073,0.026769338415603725
2018-09,Technology,0.3192769705739851,0.3192769705739851,-0.02385027377064844,-0.07470088972521646
2018-10,Business Services,0.07217566745123669,0.07217566745123669,-0.006139138863096572,-0.08505829013973852
2018-10,Consumer Cyclicals,0.1390836915971547,0.1390836915971547,-0.017816793365042726,-0.12810124005514398
2018-10,Consumer Non-Cyclicals,0.020317361636124694,0.020317361636124694,-0.002265205962818729,-0.11149114749186456
2018-10,Consumer Services,0.0562609273429531,0.0562609273429531,-0.008883335070292209,-0.15789528345563045
2018-10,Finance,0.1358871049959188,0.1358871049959188,-0.0223019557274456,-0.16412120729274063
2018-10,Healthcare,0.13502206527908472,0.13502206527908472,-0.018265277551369582,-0.13527624180252354
2018-10,Industrials,0.1110245341147323,0.1110245341147323,-0.010597297155644607,-0.09545004840725928
2018-10,Non-Energy Materials,0.045058355755141374,0.045058355755141374,-0.005499933693317917,-0.12206245880799475
2018-10,Technology,0.28517029182765385,0.28517029182765385,-0.046502663941029594,-0.16306980521356007
2018-11,Business Services,0.07021501308208435,0.07021501308208435,-0.003296911334773527,-0.0469545071638639
2018-11,Consumer Cyclicals,0.13947253156440154,0.13947253156440154,-0.01001883288932144,-0.07183373512292804
2018-11,Consumer Non-Cyclicals,0.020416964440968098,0.020416964440968098,0.0025891314069448647,0.12681274997715075
2018-11,Consumer Services,0.049871364789059916,0.049871364789059916,-0.007343487604891754,-0.1472485791385975
2018-11,Finance,0.12652789177989848,0.12652789177989848,-0.008985864684733237,-0.07101884460672586
2018-11,Healthcare,0.1232072529450186,0.1232072529450186,-0.005540874322869668,-0.04497198168473321
2018-11,Industrials,0.13707583293429235,0.13707583293429235,0.0008419109667278206,0.00614193580812595
2018-11,Non-Energy Materials,0.05793356047394323,0.05793356047394323,-0.0047755374407882755,-0.0824312782042141
2018-11,Technology,0.27527958799033336,0.27527958799033336,0.0029583678498941654,0.010746775202228399
2018-12,Business Services,0.0755949712429698,0.0755949712429698,0.0004972775194117905,0.006578182532982132
2018-12,Consumer Cyclicals,0.1331014007294038,0.1331014007294038,-0.024576722483714706,-0.18464661039653052
2018-12,Consumer Non-Cyclicals,0.023660374056066028,0.023660374056066028,-0.0039841827166302995,-0.16839052109612943
2018-12,Consumer Services,0.04365685674981492,0.04365685674981492,-0.0017474249100781374,-0.040026356457409075
2018-12,Finance,0.12093199671041838,0.12093199671041838,-0.005332362038589729,-0.0440938889924931
2018-12,Healthcare,0.12091211499533847,0.12091211499533847,-0.013351433637826256,-0.11042262918270014
2018-12,Industrials,0.1418854103328613,0.1418854103328613,-0.015343676516419692,-0.10814132672572627
2018-12,Non-Energy Materials,0.05461259921828153,0.05461259921828153,-0.0017565580398278696,-0.032163970676566206
2018-12,Technology,0.28564427596484576,0.28564427596484576,-0.006269039095353793,-0.021947014601214426
2019-01,Business Services,0.06723274581010032,0.06723274581010032,0.008622806693439095,0.1282530795007884
2019-01,Consumer Cyclicals,0.11483770977537314,0.11483770977537314,0.02247972300271104,0.1957521013496544
2019-01,Consumer Non-Cyclicals,0.021673502408124587,0.021673502408124587,0.002784805293027194,0.12848893734790529
2019-01,Consumer Services,0.06064716331169875,0.06064716331169875,0.0026996810222081687,0.04451454733889267
2019-01,Finance,0.10329118961990744,0.10329118961990744,0.020231940157629698,0.19587285452011458
2019-01,Healthcare,0.11970447661587108,0.11970447661587108,0.02458785188876344,0.20540461462995482
2019-01,Industrials,0.12294061890320104,0.12294061890320104,0.024902003095316892,0.20255309691359064
2019-01,Non-Energy Materials,0.058567440170537145,0.058567440170537145,0.004985059802367821,0.08511657309679718
2019-01,Technology,0.33110515338518653,0.33110515338518653,0.03130005465211272,0.09453206732696257
2019-02,Business Services,0.06419677420780334,0.06419677420780334,0.004194586554837091,0.06533952222052965
2019-02,Consumer Cyclicals,0.12372914950181091,0.12372914950181091,0.007388438365250478,0.05971461369450649
2019-02,Consumer Non-Cyclicals,0.020649162704346507,0.020649162704346507,0.0011212530738917027,0.05430017138930706
2019-02,Consumer Services,0.05527952730020287,0.05527952730020287,-0.004036137520389629,-0.07301324228897335
2019-02,Finance,0.1050025229479994,0.1050025229479994,0.005486496722351089,0.05225109424340382
2019-02,Healthcare,0.1359659826961169,0.1359659826961169,0.008047988877303007,0.059191194133390045
2019-02,Industrials,0.1262071359014231,0.1262071359014231,-9.937774954287297e-05,-0.0007874178336516104
2019-02,Non-Energy Materials,0.06121760033508029,0.06121760033508029,0.0013222698724706607,0.021599505129784445
2019-02,Technology,0.3077521444052166,0.3077521444052166,-0.0006759864805240732,-0.002196528904227563
2019-03,Business Services,0.06742385257301331,0.06742385257301331,0.0009306354416949427,0.013802762763921823
2019-03,Consumer Cyclicals,0.11651805588773587,0.11651805588773587,0.0020424519274434244,0.01752905943960573
2019-03,Consumer Non-Cyclicals,0.021581649245800763,0.021581649245800763,0.0040323611735526045,0.18684212349235538
2019-03,Consumer Services,0.05126614869206811,0.05126614869206811,0.00030377369392737977,0.005925424508714453
2019-03,Finance,0.10888241747146979,0.10888241747146979,0.009228932019508699,0.08476053557432205
2019-03,Healthcare,0.14168509089080636,0.14168509089080636,0.0006302270546127232,0.004448083073881257
2019-03,Industrials,0.12458468450812293,0.12458468450812293,0.01824295222418474,0.1464301354232293
2019-03,Non-Energy Materials,0.06195914383187076,0.06195914383187076,0.0012955936974720977,0.020910451909854598
2019-03,Technology,0.30609895689911204,0.30609895689911204,-0.010461821751620394,-0.03417790722844094
2019-04,Business Services,0.054431225779875185,0.054431225779875185,0.007925530150930312,0.14560631397466364
2019-04,Consumer Cyclicals,0.11996125815997793,0.11996125815997793,0.01145854788327997,0.0955187371242729
2019-04,Consumer Non-Cyclicals,0.026226614976978938,0.026226614976978938,0.0044512523946321,0.16972271864056024
2019-04,Consumer Services,0.051754618808978116,0.051754618808978116,0.0008401983896307941,0.016234268727432707
2019-04,Finance,0.10532930849900761,0.10532930849900761,0.013942037125828597,0.1323661697253045
2019-04,Healthcare,0.1443580438628084,0.1443580438628084,-0.0015348607622732628,-0.010632318928704296
2019-04,Industrials,0.11664906946752109,0.11664906946752109,0.005019143408037507,0.0430277192175545
2019-04,Non-Energy Materials,0.06362973883575274,0.06362973883575274,-0.0018575638210242577,-0.02919332775856871
2019-04,Technology,0.31766012160909995,0.31766012160909995,0.024099558802640808,0.07586586153957586
2019-05,Business Services,0.07161892661300877,0.07161892661300877,-0.010094045579913839,-0.14094103412714887
2019-05,Consumer Cyclicals,0.10931125755479168,0.10931125755479168,-0.012348263721042434,-0.11296424537841342
2019-05,Consumer Non-Cyclicals,0.027365851802004185,0.027365851802004185,-0.002346923957591063,-0.08576104170158454
2019-05,Consumer Services,0.07319455334836507,0.07319455334836507,0.0014225399009420228,0.01943505132371708
2019-05,Finance,0.1069206768635928,0.1069206768635928,0.008187435832887656,0.07657485972832943
2019-05,Healthcare,0.12723041506391478,0.12723041506391478,0.002527330370474804,0.01986419968216867
2019-05,Industrials,0.09432305190217076,0.09432305190217076,-0.007175641549703661,-0.0760751630168417
2019-05,Non-Energy Materials,0.054813865154321795,0.054813865154321795,-0.006759909901846509,-0.12332481723036319
2019-05,Technology,0.3352214016978302,0.3352214016978302,-0.02361638547091794,-0.07045011252654398
2019-06,Business Services,0.07178863323451884,0.07178863323451884,0.01810884916228478,0.25225231831795514
2019-06,Consumer Cyclicals,0.0767230253852351,0.0767230253852351,0.0028570031489701395,0.0372378843850956
2019-06,Consumer Non-Cyclicals,0.026418818324155817,0.026418818324155817,0.003195229532751272,0.12094521009782415
2019-06,Consumer Services,0.0765923242283803,0.0765923242283803,-0.006397348878197636,-0.08352467355765632
2019-06,Finance,0.10426820821482345,0.10426820821482345,0.005280807754369669,0.050646384404051885
2019-06,Healthcare,0.15055504970567293,0.15055504970567293,0.004254703511478519,0.028260118274320498
2019-06,Industrials,0.09152748447312117,0.09152748447312117,0.009792710890009484,0.10699202481507404
2019-06,Non-Energy Materials,0.050065563118471906,0.050065563118471906,0.006044802220896537,0.12073772558180378
2019-06,Technology,0.3520608933156207,0.3520608933156207,0.017469269498294398,0.049620022643734225
2019-07,Business Services,0.06949972047394755,0.06949972047394755,0.0006779044661394835,0.009754060325949089
2019-07,Consumer Cyclicals,0.0829397321945687,0.0829397321945687,-0.0009845363927960132,-0.011870503638550276
2019-07,Consumer Non-Cyclicals,0.022982757373893336,0.022982757373893336,-0.0027818679802101413,-0.12104152408492688
2019-07,Consumer Services,0.05495347364969705,0.05495347364969705,0.005341234285882678,0.09719557165631737
2019-07,Finance,0.058408531777767406,0.058408531777767406,-0.0033473241169726838,-0.05730882141856556
2019-07,Healthcare,0.13391688429034204,0.13391688429034204,6.337280753547806e-05,0.0004732249250817468
2019-07,Industrials,0.08576233862294945,0.08576233862294945,-0.005912521714951116,-0.06894077062130118
2019-07,Non-Energy Materials,0.07958076753904536,0.07958076753904536,-0.0027795364016355833,-0.03492723791928542
2019-07,Technology,0.4119557940777891,0.4119557940777891,0.023509655228957996,0.05706839317938734
2019-08,Business Services,0.03664989867642639,0.03664989867642639,-0.0011342504149711202,-0.030948255136669243
2019-08,Consumer Cyclicals,0.10011492405737621,0.10011492405737621,-0.00442810660487386,-0.04423023486824099
2019-08,Consumer Non-Cyclicals,0.01988524697198237,0.01988524697198237,-0.0012724671324479224,-0.0639905118724844
2019-08,Consumer Services,0.06713593166010576,0.06713593166010576,0.011006763829897645,0.16394743556434777
2019-08,Finance,0.05188268085671226,0.05188268085671226,-0.0008475192901472549,-0.01633530257404978
2019-08,Healthcare,0.13376656875582565,0.13376656875582565,-0.003982666437517126,-0.02977325705937028
2019-08,Industrials,0.0752708196429202,0.0752708196429202,-0.002102772844095325,-0.02793609600733379
2019-08,Non-Energy Materials,0.07220590009162212,0.07220590009162212,-0.002007928345848539,-0.02780836944488854
2019-08,Technology,0.44308802928702906,0.44308802928702906,-0.002500497396215832,-0.005643342250160472
2019-09,Business Services,0.03535975145857989,0.03535975145857989,-0.0007307630078375385,-0.020666519918658026
2019-09,Consumer Cyclicals,0.11802257564066693,0.11802257564066693,-0.001941003193536957,-0.016446033167811562
2019-09,Consumer Non-Cyclicals,0.015758187996330015,0.015758187996330015,0.0008563765134882856,0.05434485955413975
2019-09,Consumer Services,0.04920217476091278,0.04920217476091278,-0.0010799416034290765,-0.021949062387522845
2019-09,Finance,0.052663798324684694,0.052663798324684694,-0.005193490197762104,-0.09861594421547447
2019-09,Healthcare,0.16834678894599694,0.16834678894599694,-0.024563523509012124,-0.14591025859656714
2019-09,Industrials,0.0929980112963199,0.0929980112963199,0.003472790345739424,0.03734263020608107
2019-09,Non-Energy Materials,0.07295996261778742,0.07295996261778742,0.00789489802236068,0.10820863579274817
2019-09,Technology,0.39468874895872147,0.39468874895872147,0.005293379824176644,0.013411529561310734
2019-10,Business Services,0.03301631742981147,0.03301631742981147,0.0013903798352564332,0.042111899311975225
2019-10,Consumer Cyclicals,0.10584125506502721,0.10584125506502721,0.01342103198928785,0.1268034093231621
2019-10,Consumer Non-Cyclicals,0.01591672099297847,0.01591672099297847,-0.00041250353258932083,-0.025916363852284234
2019-10,Consumer Services,0.046519410636081546,0.046519410636081546,0.001987680233982995,0.04272797541509057
2019-10,Finance,0.05758337511066197,0.05758337511066197,0.0029907938158911128,0.051938494576663774
2019-10,Healthcare,0.1480943744507642,0.1480943744507642,0.0022880983355789307,0.015450271788275368
2019-10,Industrials,0.09261718772990335,0.09261718772990335,0.007725060289881843,0.08340849554199592
2019-10,Non-Energy Materials,0.07723635214147914,0.07723635214147914,0.005208827178377737,0.06744009826922392
2019-10,Technology,0.42317500644329276,0.42317500644329276,0.013076001202674895,0.030899748339525655
2019-11,Business Services,0.05050124282268203,0.05050124282268203,-0.00409118491460643,-0.08101156894239686
2019-11,Consumer Cyclicals,0.10586204402202049,0.10586204402202049,0.002633414819383987,0.024875911321306128
2019-11,Consumer Non-Cyclicals,0.013325238742648574,0.013325238742648574,-0.0014020015291296257,-0.10521398949816929
2019-11,Consumer Services,0.06541126051643512,0.06541126051643512,-0.0013801664620003708,-0.021099829770954998
2019-11,Finance,0.05330932687960579,0.05330932687960579,0.0046786010831639194,0.08776327440280966
2019-11,Healthcare,0.14792308208792038,0.14792308208792038,-0.0030376402324216473,-0.020535268664941545
2019-11,Industrials,0.08853896760323379,0.08853896760323379,-1.0062818258346632e-05,-0.00011365411785058016
2019-11,Non-Energy Materials,0.07776403570133011,0.07776403570133011,0.004256705346474887,0.05473874019120742
2019-11,Technology,0.3973648016241238,0.3973648016241238,0.027281345936644368,0.06865566810431892
2019-12,Business Services,0.04277628685552943,0.04277628685552943,-0.0012612763093015917,-0.029485408903333885
2019-12,Consumer Cyclicals,0.09075999828257111,0.09075999828257111,0.007280879655872817,0.08022124056464404
2019-12,Consumer Non-Cyclicals,0.031293284823217325,0.031293284823217325,-0.0005171618992741767,-0.016526289975492776
2019-12,Consumer Services,0.05697315400759327,0.05697315400759327,-0.0016374913928165844,-0.028741455889880044
2019-12,Finance,0.09154537775836154,0.09154537775836154,0.006684934121740073,0.07302317479518497
2019-12,Healthcare,0.14569184578345654,0.14569184578345654,0.0019993442816111577,0.013723103519347309
2019-12,Industrials,0.08106561562776624,0.08106561562776624,0.0018282182280191202,0.02255232645630988
2019-12,Non-Energy Materials,0.0755459328032329,0.0755459328032329,0.005440659639146188,0.07201790271511957
2019-12,Technology,0.38434850405827164,0.38434850405827164,0.028181307438056972,0.07332227689322388
2020-01,Business Services,0.05731727631134947,0.05731727631134947,-0.002773374516455767,-0.04838636262809661
2020-01,Consumer Cyclicals,0.0865581081043919,0.0865581081043919,-0.005570285142457019,-0.06435312952703487
2020-01,Consumer Non-Cyclicals,0.027050028697072306,0.027050028697072306,-0.006788616082343513,-0.2509652081470162
2020-01,Consumer Services,0.039721961196836485,0.039721961196836485,0.0016883962656803865,0.04250536012846347
2020-01,Finance,0.08651723922030884,0.08651723922030884,0.006090117252656924,0.07039195087061152
2020-01,Healthcare,0.12978611846848037,0.12978611846848037,-0.004046373954282669,-0.031177247628877695
2020-01,Industrials,0.08267891349312734,0.08267891349312734,-0.009339190052073466,-0.11295733890902888
2020-01,Non-Energy Materials,0.07129795552072825,0.07129795552072825,-0.005809326689071983,-0.08147956903733451
2020-01,Technology,0.41907239898770515,0.41907239898770515,0.008439202419149996,0.020137814944471175
2020-02,Business Services,0.06117226957587484,0.06117226957587484,-0.0017598035723991633,-0.028767995443039696
2020-02,Consumer Cyclicals,0.07920089169566534,0.07920089169566534,-0.007081125658746877,-0.08940714564119519
2020-02,Consumer Non-Cyclicals,0.010115188034988152,0.010115188034988152,0.0006608616353476965,0.06533359865004928
2020-02,Consumer Services,0.054319497627794984,0.054319497627794984,-0.013999485875014078,-0.25772487755576406
2020-02,Finance,0.08078388243617343,0.08078388243617343,-0.007744561574694835,-0.09586765752207736
2020-02,Healthcare,0.1277758482554145,0.1277758482554145,-0.009533469825443652,-0.07461089052124271
2020-02,Industrials,0.08430427324737497,0.08430427324737497,-0.012295607975850104,-0.1458479802058309
2020-02,Non-Energy Materials,0.05355539364232907,0.05355539364232907,-0.004980574223331135,-0.09299855503992771
2020-02,Technology,0.4487727554843847,0.4487727554843847,-0.03644795211455678,-0.08121694481033398
2020-03,Business Services,0.06871321147398372,0.06871321147398372,-0.00600664664852071,-0.08741618270592627
2020-03,Consumer Cyclicals,0.07220272674622917,0.07220272674622917,-0.028738515067910825,-0.3980253428505276
2020-03,Consumer Non-Cyclicals,0.01087858663238184,0.01087858663238184,-0.0013753639875085022,-0.12642855492040786
2020-03,Consumer Services,0.040381388950943065,0.040381388950943065,-0.0022878741397410257,-0.05665664800486252
2020-03,Finance,0.086950583739341,0.086950583739341,-0.010118546700884011,-0.11637123370232016
2020-03,Healthcare,0.1283343084987435,0.1283343084987435,-0.024261200535978945,-0.18904687935585426
2020-03,Industrials,0.0897194681810225,0.0897194681810225,-0.002969157942703384,-0.033093797844551
2020-03,Non-Energy Materials,0.06407598916999702,0.06407598916999702,-0.010052763212341002,-0.15688814706661
2020-03,Technology,0.4387437366073582,0.4387437366073582,-0.0858775021420078,-0.19573499283674456
2020-04,Business Services,0.0660067836555553,0.0660067836555553,0.009123366509831091,0.13821861942917507
2020-04,Consumer Cyclicals,0.050322378286827646,0.050322378286827646,0.02595598105361526,0.5157940053165071
2020-04,Consumer Non-Cyclicals,0.009940303191775957,0.009940303191775957,0.001965319400854983,0.1977122189271829
2020-04,Consumer Services,0.03935045760516222,0.03935045760516222,0.010233725113660695,0.26006622886942427
2020-04,Finance,0.08845629422011071,0.08845629422011071,0.011197672886503952,0.1265898937461721
2020-04,Healthcare,0.1334752541811023,0.1334752541811023,0.020211317382790535,0.15142370401758035
2020-04,Industrials,0.08940820043179804,0.08940820043179804,0.01973215064170155,0.22069732470181572
2020-04,Non-Energy Materials,0.05572342084233378,0.05572342084233378,0.009667113717051787,0.17348385240748823
2020-04,Technology,0.4673169075853339,0.4673169075853339,0.055468386662624325,0.11869544149222887
2020-05,Business Services,0.02700294770050179,0.02700294770050179,0.005018245988588759,0.18584067355341008
2020-05,Consumer Cyclicals,0.10201822716389139,0.10201822716389139,0.027651884187238983,0.27104846806263816
2020-05,Consumer Non-Cyclicals,0.009635818997603369,0.009635818997603369,0.0008285191749319433,0.08598326464393047
2020-05,Consumer Services,0.0403734500110504,0.0403734500110504,-0.002370297670986363,-0.05870931689854599
2020-05,Finance,0.07111874337566639,0.07111874337566639,0.012829609334841102,0.18039701948995365
2020-05,Healthcare,0.1408015507476112,0.1408015507476112,0.01818508857712617,0.1291540361634454
2020-05,Industrials,0.10125325976034374,0.10125325976034374,0.02722165491569003,0.26884719543964253
2020-05,Non-Energy Materials,0.053231002346527154,0.053231002346527154,0.0029598285288733044,0.055603471631159446
2020-05,Technology,0.45456499989680466,0.45456499989680466,0.07197709864836331,0.15834280832158998
2020-06,Business Services,0.02906825587433432,0.02906825587433432,-0.002436493787697907,-0.08381974474943292
2020-06,Consumer Cyclicals,0.09812369211080876,0.09812369211080876,0.011182093205959405,0.11395915670734985
2020-06,Consumer Non-Cyclicals,0.009505663410506208,0.009505663410506208,0.0006484120885983096,0.06821323884471304
2020-06,Consumer Services,0.03411986496522839,0.03411986496522839,0.008184971880247242,0.2398887536216383
2020-06,Finance,0.06405925945377608,0.06405925945377608,0.004397685825884696,0.06865027575065835
2020-06,Healthcare,0.13989070124447303,0.13989070124447303,-0.0001487911791068445,-0.0010636245138754218
2020-06,Industrials,0.12870836757661405,0.12870836757661405,-0.009277691692429254,-0.0720830499765812
2020-06,Non-Energy Materials,0.050327837090822745,0.050327837090822745,0.0004474471128285766,0.008890648569321655
2020-06,Technology,0.44619635827343634,0.44619635827343634,-0.00328234328333471,-0.007356275376239707
2020-07,Business Services,0.02963874057534862,0.02963874057534862,0.00036676505207439635,0.012374515413095697
2020-07,Consumer Cyclicals,0.09985088624820271,0.09985088624820271,0.0040930454385544315,0.04099157846611607
2020-07,Consumer Non-Cyclicals,0.00928600470736397,0.00928600470736397,0.0005170644327964027,0.055682120469566554
2020-07,Consumer Services,0.04511171258982266,0.04511171258982266,-0.0025067532222235824,-0.055567680283304374
2020-07,Finance,0.06181668086089097,0.06181668086089097,0.00588895345267277,0.09526479537011964
2020-07,Healthcare,0.13935326672270046,0.13935326672270046,0.012458288497317787,0.08940076390249665
2020-07,Industrials,0.14353090632635124,0.14353090632635124,0.010315760600725064,0.07187135415469166
2020-07,Non-Energy Materials,0.06070834934876041,0.06070834934876041,-0.004824825795635661,-0.07947548973729719
2020-07,Technology,0.41070345262055896,0.41070345262055896,0.0507715945893069,0.12362105617897934
2020-08,Business Services,0.024209271927592896,0.024209271927592896,0.00889131624879466,0.3672690478006752
2020-08,Consumer Cyclicals,0.19180501313587905,0.19180501313587905,0.034254190616729345,0.1785886096337998
2020-08,Consumer Non-Cyclicals,0.007822243992323254,0.007822243992323254,0.0009290151753101472,0.11876581403263337
2020-08,Consumer Services,0.041423529181825874,0.041423529181825874,-0.0012362463583826021,-0.029844061643231303
2020-08,Finance,0.05001940681095763,0.05001940681095763,-0.0005888266580789715,-0.01177196403596651
2020-08,Healthcare,0.12410106781212255,0.12410106781212255,-0.005693434934020962,-0.04587740487970895
2020-08,Industrials,0.12529107066367073,0.12529107066367073,0.017736219682324875,0.14156012546126043
2020-08,Non-Energy Materials,0.04614545112139559,0.04614545112139559,-0.00045408104687243975,-0.009840212541814388
2020-08,Technology,0.38918294535423237,0.38918294535423237,0.04620546417436611,0.11872427794159922
2020-09,Business Services,0.04038850525653118,0.04038850525653118,-0.0015980730536710496,-0.039567521588648714
2020-09,Consumer Cyclicals,0.21923132283226646,0.21923132283226646,-0.009174298552790137,-0.04184757193573739
2020-09,Consumer Non-Cyclicals,0.007967761070526491,0.007967761070526491,0.0007005887437013621,0.0879279307574755
2020-09,Consumer Services,0.03691197950192651,0.03691197950192651,0.0019734384495085533,0.05346336002937896
2020-09,Finance,0.03548068028469495,0.03548068028469495,-0.001309266704466051,-0.036900834312098015
2020-09,Healthcare,0.09772619128022035,0.09772619128022035,-0.002607267133305567,-0.02667930775926263
2020-09,Industrials,0.12207278835820815,0.12207278835820815,0.005509755223398123,0.04513499935161961
2020-09,Non-Energy Materials,0.041830615329148696,0.041830615329148696,0.00024805369294262193,0.005929955631558005
2020-09,Technology,0.39839015608647715,0.39839015608647715,0.012640021524035415,0.03172774560547046
2020-10,Business Services,0.03813836805846817,0.03813836805846817,-0.0013708259646193312,-0.035943487737015424
2020-10,Consumer Cyclicals,0.20307617033989395,0.20307617033989395,-0.006543368174114862,-0.03222125059362235
2020-10,Consumer Non-Cyclicals,0.008510561909454067,0.008510561909454067,-1.2471057999573416e-05,-0.0014653624675146045
2020-10,Consumer Services,0.06011824391591531,0.06011824391591531,-0.003805882685376255,-0.06330661771656824
2020-10,Finance,0.03315180191734026,0.03315180191734026,-0.0025388741786713243,-0.07658329357184504
2020-10,Healthcare,0.09293417265228049,0.09293417265228049,-0.006398527836974149,-0.0688501081396041
2020-10,Industrials,0.12380168588909797,0.12380168588909797,-0.006715526746119885,-0.05424422694966916
2020-10,Non-Energy Materials,0.040793982131700726,0.040793982131700726,-0.002151862016232975,-0.05274949646459686
2020-10,Technology,0.3994750131858491,0.3994750131858491,-0.005266507716125143,-0.013183572294357715
2020-11,Business Services,0.03487469692314789,0.03487469692314789,0.009950656627374188,0.2853259671131219
2020-11,Consumer Cyclicals,0.21138549834535972,0.21138549834535972,0.04720446291390266,0.22330984520414182
2020-11,Consumer Non-Cyclicals,0.025144757565467662,0.025144757565467662,0.0027748063333881013,0.11035327448131207
2020-11,Consumer Services,0.04660214375969702,0.04660214375969702,0.011968696016066926,0.2568271553725781
2020-11,Finance,0.032856781261316303,0.032856781261316303,0.0067902928903705514,0.20666336231677856
2020-11,Healthcare,0.09251853401435821,0.09251853401435821,0.017838710458244617,0.19281229051333842
2020-11,Industrials,0.11512988462888848,0.11512988462888848,0.022911689928162608,0.19900732118351822
2020-11,Non-Energy Materials,0.041494579701855785,0.041494579701855785,0.007895227684908409,0.190271301496164
2020-11,Technology,0.3999931237999089,0.3999931237999089,0.03941489388505453,0.09853892864611165
2020-12,Business Services,0.033201305927225894,0.033201305927225894,0.00451208420851997,0.13590080517947184
2020-12,Consumer Cyclicals,0.3035441336879958,0.3035441336879958,0.09124768420061281,0.3006076351796792
2020-12,Consumer Non-Cyclicals,0.019915444333422915,0.019915444333422915,0.000704279013088661,0.03536345969980249
2020-12,Consumer Services,0.06010655830493328,0.06010655830493328,0.007458742271274539,0.12409198732415792
2020-12,Finance,0.04382159831961539,0.04382159831961539,0.006160003054435148,0.14057002233252208
2020-12,Healthcare,0.09371471327567596,0.09371471327567596,-2.464575198373852e-05,-0.0002629870072935007
2020-12,Industrials,0.08626575951224186,0.08626575951224186,0.006674967928745939,0.07737679429807494
2020-12,Non-Energy Materials,0.03735337277956184,0.03735337277956184,0.00449182527961304,0.12025220068134714
2020-12,Technology,0.3220771138593271,0.3220771138593271,0.04840492624226789,0.15028986587171667
2021-01,Business Services,0.033459242911706766,0.033459242911706766,0.0006489360585548334,0.019394821941048246
2021-01,Consumer Cyclicals,0.3414922900626984,0.3414922900626984,-0.001968305522027409,-0.005763835902901427
2021-01,Consumer Non-Cyclicals,0.0183864626873404,0.0183864626873404,0.005039461054981049,0.2740854040647449
2021-01,Consumer Services,0.06030910257227334,0.06030910257227334,0.009170063347770215,0.15205106620150707
2021-01,Finance,0.04459846558551451,0.04459846558551451,-0.0025643108340059097,-0.05749773675708683
2021-01,Healthcare,0.07248961336869021,0.07248961336869021,0.0048836236563586,0.06736997797905127
2021-01,Industrials,0.08306550858106024,0.08306550858106024,0.010556054414658915,0.12708107847624497
2021-01,Non-Energy Materials,0.037336072917867315,0.037336072917867315,0.0021287590563861887,0.057016147923995064
2021-01,Technology,0.30886324131284876,0.30886324131284876,0.026867877169010644,0.08698955905146404
2021-02,Business Services,0.02452942795498843,0.02452942795498843,0.001575140890740243,0.064214334456989
2021-02,Consumer Cyclicals,0.3458882506710128,0.3458882506710128,0.017705833992408892,0.05118946352777264
2021-02,Consumer Non-Cyclicals,0.023621904533767477,0.023621904533767477,0.0011111767967101668,0.04704010191564957
2021-02,Consumer Services,0.07889169293795588,0.07889169293795588,0.01338009697897739,0.16960083477356894
2021-02,Finance,0.029244931125367024,0.029244931125367024,0.004801612909005782,0.16418615890809427
2021-02,Healthcare,0.07805739165290249,0.07805739165290249,0.008375163332270778,0.10729494228442306
2021-02,Industrials,0.07442162473095654,0.07442162473095654,-0.009773077098245105,-0.13132039422111513
2021-02,Non-Energy Materials,0.04007168108541468,0.04007168108541468,0.0033228923220909173,0.08292370652002384
2021-02,Technology,0.30527309530763475,0.30527309530763475,-0.008255620563609158,-0.0270433939004342
2021-03,Business Services,0.02934870339800949,0.02934870339800949,-0.00031567285272221957,-0.010755938633514876
2021-03,Consumer Cyclicals,0.32854642587003435,0.32854642587003435,-0.00843266026162131,-0.02566657128985808
2021-03,Consumer Non-Cyclicals,0.0324786918795869,0.0324786918795869,-0.005419672817912521,-0.16686856841419853
2021-03,Consumer Services,0.07167103654896674,0.07167103654896674,0.005665346700831893,0.07904652944374876
2021-03,Finance,0.03486713752675629,0.03486713752675629,-0.0009280342334957069,-0.026616301174237588
2021-03,Healthcare,0.1078843687036691,0.1078843687036691,-0.0040185472549113446,-0.03724865152568368
2021-03,Industrials,0.06082936574203532,0.06082936574203532,-0.002533482184757426,-0.04164899886514347
2021-03,Non-Energy Materials,0.08481509897705183,0.08481509897705183,-0.004714026234442836,-0.055580035763659205
2021-03,Technology,0.24955917135389,0.24955917135389,-0.007059693574513986,-0.02828865609792763
2021-04,Business Services,0.027739899299659622,0.027739899299659622,0.001821733637147602,0.06567196288163725
2021-04,Consumer Cyclicals,0.3287515302490956,0.3287515302490956,0.004751602513114957,0.014453476488808006
2021-04,Consumer Non-Cyclicals,0.030933742950478092,0.030933742950478092,-0.0024596189123650323,-0.07951248952649029
2021-04,Consumer Services,0.07528155078907939,0.07528155078907939,0.00794688554896276,0.1055621924052548
2021-04,Finance,0.032830888943084634,0.032830888943084634,0.0030133553599979972,0.09178415379558945
2021-04,Healthcare,0.09864786800275382,0.09864786800275382,0.008713356478852033,0.08832787423858764
2021-04,Industrials,0.05619408765902016,0.05619408765902016,0.00220175764655696,0.03918130426668717
2021-04,Non-Energy Materials,0.07692081490119383,0.07692081490119383,0.006877312266091607,0.08940768860711679
2021-04,Technology,0.27269961720563496,0.27269961720563496,0.0324808071263929,0.11910837081190345
2021-05,Business Services,0.020098593115866877,0.020098593115866877,-4.42324591147459e-05,-0.002200773897941468
2021-05,Consumer Cyclicals,0.32488484595993833,0.32488484595993833,0.022013185772786322,0.06775688692940998
2021-05,Consumer Non-Cyclicals,0.0315135598860128,0.0315135598860128,0.0027516314367460773,0.08731579189082286
2021-05,Consumer Services,0.0772530446000796,0.0772530446000796,0.002951415754937814,0.038204523462040646
2021-05,Finance,0.03349993951194504,0.03349993951194504,-0.0018429031298461194,-0.05501213305740439
2021-05,Healthcare,0.10146581951149458,0.10146581951149458,0.0025141875776316398,0.024778665266157136
2021-05,Industrials,0.054637368239946624,0.054637368239946624,-0.0008843347086654291,-0.016185529009775254
2021-05,Non-Energy Materials,0.07788813478632217,0.07788813478632217,0.0006062534275702147,0.007783642903163705
2021-05,Technology,0.27875869438839396,0.27875869438839396,-0.0011536278790501339,-0.0041384462701019335
2021-06,Business Services,0.0002858453418356598,0.0002858453418356598,2.174850864800757e-05,0.0760848804054025
2021-06,Consumer Cyclicals,0.35013967723935663,0.35013967723935663,-0.02680864714164097,-0.07656557906550675
2021-06,Consumer Non-Cyclicals,0.03174937713783177,0.03174937713783177,0.0007966594355192508,0.02509212801437831
2021-06,Consumer Services,0.08159962385082653,0.08159962385082653,-0.002595450251687141,-0.03180713499895443
2021-06,Finance,0.04115572632903404,0.04115572632903404,-0.0005122694667458077,-0.012447100620950967
2021-06,Healthcare,0.08395099477095289,0.08395099477095289,0.0001792108070692882,0.002134707367771362
2021-06,Industrials,0.051148602965931295,0.051148602965931295,0.002586362060576566,0.05056564423273246
2021-06,Non-Energy Materials,0.07874892232856733,0.07874892232856733,-0.0010217758027504487,-0.012975108389258357
2021-06,Technology,0.2812212300356638,0.2812212300356638,0.010056368452231913,0.0357596346867432
2021-07,Business Services,0.00030569181028767504,0.00030569181028767504,-3.742376154105541e-05,-0.12242317354147408
2021-07,Consumer Cyclicals,0.3533794013456325,0.3533794013456325,0.0009792432313107443,0.00277108181060324
2021-07,Consumer Non-Cyclicals,0.03198095996126935,0.03198095996126935,-0.001029080465603551,-0.03217791044577219
2021-07,Consumer Services,0.07761529049356547,0.07761529049356547,0.004000344617503605,0.051540676998886516
2021-07,Finance,0.06510608727049219,0.06510608727049219,0.007933958650257018,0.12186200988080109
2021-07,Healthcare,0.07434964744268857,0.07434964744268857,0.000600330273336864,0.008074419906289678
2021-07,Industrials,0.051584068584719554,0.051584068584719554,-0.004215857988509455,-0.0817279075531916
2021-07,Non-Energy Materials,0.0723216881104849,0.0723216881104849,0.002400597728744187,0.03319333095594817
2021-07,Technology,0.2733571649808597,0.2733571649808597,0.021225736093381877,0.07764836196946982
2021-08,Business Services,0.01013276092255669,0.01013276092255669,0.00014612147708893507,0.014420697202442809
2021-08,Consumer Cyclicals,0.3393089523731707,0.3393089523731707,0.000705797229521968,0.002080101997266889
2021-08,Consumer Non-Cyclicals,0.030631912656984794,0.030631912656984794,0.004198946898982642,0.1370775291116268
2021-08,Consumer Services,0.07834401676516366,0.07834401676516366,0.007267016919772133,0.09275777806434192
2021-08,Finance,0.06997067674499843,0.06997067674499843,0.0029176907486606176,0.04169876417365331
2021-08,Healthcare,0.0714650596872054,0.0714650596872054,0.0008470185411188847,0.011852205047140385
2021-08,Industrials,0.04540989373161423,0.04540989373161423,0.003115638654892017,0.06861145003567623
2021-08,Non-Energy Materials,0.07138522168608727,0.07138522168608727,-0.0020403578250312365,-0.028582356079296104
2021-08,Technology,0.2833515054322188,0.2833515054322188,0.019013556684762834,0.06710236691970253
2021-09,Business Services,0.014017920938147828,0.014017920938147828,-0.0012288125314261823,-0.08766011285469155
2021-09,Consumer Cyclicals,0.33302468217914555,0.33302468217914555,-0.03586401556448993,-0.10769176425547171
2021-09,Consumer Non-Cyclicals,0.03162898061573665,0.03162898061573665,-0.002381375157208326,-0.07529092341418993
2021-09,Consumer Services,0.07732781803622281,0.07732781803622281,0.0009306739085259558,0.012035434752471595
2021-09,Finance,0.06591890705410478,0.06591890705410478,-0.004587827954391795,-0.0695980585756103
2021-09,Healthcare,0.07958340364883097,0.07958340364883097,-0.001947149338329808,-0.024466776351031453
2021-09,Industrials,0.04392625247628754,0.04392625247628754,-0.007884555088213738,-0.17949528229092643
2021-09,Non-Energy Materials,0.0675235465197878,0.0675235465197878,-0.006926700515161658,-0.1025820009784555
2021-09,Technology,0.28704848853173603,0.28704848853173603,-0.02215745031552853,-0.07719061831283186
2021-10,Business Services,0.013209498209234226,0.013209498209234226,0.002542866344519118,0.19250287211829917
2021-10,Consumer Cyclicals,0.33232014606242066,0.33232014606242066,-0.006232157992336209,-0.018753476327509812
2021-10,Consumer Non-Cyclicals,0.030494660613162097,0.030494660613162097,-0.002925004862400625,-0.09591859045442648
2021-10,Consumer Services,0.07922616905565057,0.07922616905565057,0.0014036635250537614,0.01771717024544997
2021-10,Finance,0.06213261849984201,0.06213261849984201,0.0019911655002339945,0.03204702374227247
2021-10,Healthcare,0.08226133951661571,0.08226133951661571,0.0034891024940811787,0.04241485143062162
2021-10,Industrials,0.05091908636700035,0.05091908636700035,0.0028812223365569144,0.05658432902331448
2021-10,Non-Energy Materials,0.06107148256439895,0.06107148256439895,-0.001355344983162275,-0.022192763729504756
2021-10,Technology,0.28836499911167546,0.28836499911167546,0.011959730213602058,0.04147427825999923
2021-11,Business Services,0.018658389171799104,0.018658389171799104,0.00016511642498687825,0.008849446941349074
2021-11,Consumer Cyclicals,0.27750320875496715,0.27750320875496715,-0.027806025702351612,-0.10020073579366819
2021-11,Consumer Non-Cyclicals,0.022319536957591105,0.022319536957591105,0.001433935177651813,0.0642457404190958
2021-11,Consumer Services,0.07823475633930993,0.07823475633930993,-0.01121928982184157,-0.14340544211811282
2021-11,Finance,0.06390460378431985,0.06390460378431985,-0.00559631397334273,-0.0875729390675901
2021-11,Healthcare,0.1017564529794889,0.1017564529794889,-0.00756660458014215,-0.07435994827440923
2021-11,Industrials,0.0641278985390384,0.0641278985390384,-0.004060934397372646,-0.0633255492521795
2021-11,Non-Energy Materials,0.07762104212913463,0.07762104212913463,-0.004546598992861264,-0.058574310111648493
2021-11,Technology,0.2958741113443509,0.2958741113443509,-0.025614248250998624,-0.08657144126133993
2021-12,Business Services,0.021683555972220346,0.021683555972220346,-0.0004657481470446976,-0.021479325053574506
2021-12,Consumer Cyclicals,0.2757193343651495,0.2757193343651495,-0.00253891499841902,-0.009208331378954377
2021-12,Consumer Non-Cyclicals,0.040197301613863236,0.040197301613863236,-0.008599088948581779,-0.21392204459853909
2021-12,Consumer Services,0.07358433528438876,0.07358433528438876,0.0016352372485967316,0.022222627170264787
2021-12,Finance,0.0641596092875496,0.0641596092875496,-0.001190637967913964,-0.01855743794476335
2021-12,Healthcare,0.10462779215553399,0.10462779215553399,0.009217507183421923,0.08809807598462632
2021-12,Industrials,0.08211552650374274,0.08211552650374274,0.001065407759038824,0.012974498300151115
2021-12,Non-Energy Materials,0.038640535277938745,0.038640535277938745,-1.535674201858352e-05,-0.0003974257061431349
2021-12,Technology,0.2992720095396132,0.2992720095396132,0.0034527649383940635,0.011537213064815664
2022-01,Business Services,0.016684538685515695,0.016684538685515695,-0.002437917213220491,-0.1461183470021208
2022-01,Consumer Cyclicals,0.2843795264483433,0.2843795264483433,-0.028186983632176116,-0.09911748565097986
2022-01,Consumer Non-Cyclicals,0.051484856677675606,0.051484856677675606,-0.005714963415881176,-0.11100280324484707
2022-01,Consumer Services,0.08631585331641936,0.08631585331641936,-0.0020777573521160706,-0.024071561275069164
2022-01,Finance,0.06139072149954276,0.06139072149954276,-0.004411766882067238,-0.07186374055076217
2022-01,Healthcare,0.11688345462339658,0.11688345462339658,-0.029487947717177575,-0.25228504592193124
2022-01,Industrials,0.08485031660516341,0.08485031660516341,-0.009395915678728002,-0.11073518702882755
2022-01,Non-Energy Materials,0.030698181525310363,0.030698181525310363,-0.0009546418563783562,-0.031097667970699273
2022-01,Technology,0.267312550618633,0.267312550618633,-0.04394970400744291,-0.16441317067130404
2022-02,Business Services,0.01699922004945272,0.01699922004945272,0.00014952854474177906,0.008796200314295776
2022-02,Consumer Cyclicals,0.29210773114974736,0.29210773114974736,-0.03202721875763121,-0.10964180452044468
2022-02,Consumer Non-Cyclicals,0.0570561305047492,0.0570561305047492,-0.005922497815770738,-0.10380125261522538
2022-02,Consumer Services,0.10133874947982568,0.10133874947982568,-0.0016778164436641778,-0.016556514189058492
2022-02,Finance,0.054070130443577835,0.054070130443577835,-0.003636603015469775,-0.06725715262079068
2022-02,Healthcare,0.09654707138247769,0.09654707138247769,-0.0013822613675462142,-0.014316968373595645
2022-02,Industrials,0.090905701710383,0.090905701710383,-0.003949005691512668,-0.04344068212678043
2022-02,Non-Energy Materials,0.03576932776014784,0.03576932776014784,-0.0025924179212701254,-0.07247600342543901
2022-02,Technology,0.2552059375196387,0.2552059375196387,-0.021667434300278073,-0.08490176408458644
2022-03,Business Services,0.018788428388526117,0.018788428388526117,-0.0012040521516383166,-0.06408477211290423
2022-03,Consumer Cyclicals,0.29091999143867814,0.29091999143867814,-0.022550422477955582,-0.07751417276770027
2022-03,Consumer Non-Cyclicals,0.07199228993095538,0.07199228993095538,-0.004246493888621258,-0.05898539819602741
2022-03,Consumer Services,0.10919774047825294,0.10919774047825294,0.0005074905913368616,0.004647445900567236
2022-03,Finance,0.06740165501499933,0.06740165501499933,-0.00418802244135757,-0.062135305734341124
2022-03,Healthcare,0.104428092362053,0.104428092362053,0.00497883197032622,0.047677132251583904
2022-03,Industrials,0.08261244669478308,0.08261244669478308,-0.006053879510887838,-0.07328047713263207
2022-03,Non-Energy Materials,0.028424345565261078,0.028424345565261078,-0.0018578897188240618,-0.06536262073504653
2022-03,Technology,0.2262350101264908,0.2262350101264908,-0.0035857582615341417,-0.015849705399395522
2022-04,Business Services,0.017969574920105834,0.017969574920105834,-0.0034636320138836615,-0.19274980233440392
2022-04,Consumer Cyclicals,0.2925779413137391,0.2925779413137391,-0.043466276599962377,-0.14856306803168162
2022-04,Consumer Non-Cyclicals,0.0571687420877383,0.0571687420877383,-0.01233092971128273,-0.21569356366732967
2022-04,Consumer Services,0.12745813257989028,0.12745813257989028,-0.01561622929285671,-0.12252046202754867
2022-04,Finance,0.06401781238745953,0.06401781238745953,-0.005190400109486306,-0.08107743635587046
2022-04,Healthcare,0.08450014536261978,0.08450014536261978,-0.009586851939280699,-0.11345367393322404
2022-04,Industrials,0.07808166918663072,0.07808166918663072,-0.014673057865563091,-0.18791936722678873
2022-04,Non-Energy Materials,0.027968951747659957,0.027968951747659957,-0.0007535894149139763,-0.026943784726469983
2022-04,Technology,0.25025703041415653,0.25025703041415653,-0.026421565728974326,-0.10557771617943609
2022-05,Business Services,0.017366701291445668,0.017366701291445668,-0.0010479646743891066,-0.06034333502962382
2022-05,Consumer Cyclicals,0.2833628159267748,0.2833628159267748,-0.01591591795947688,-0.056167983464668114
2022-05,Consumer Non-Cyclicals,0.09942432050532313,0.09942432050532313,-0.012689880048872853,-0.12763356072615495
2022-05,Consumer Services,0.12749518352977313,0.12749518352977313,-0.004223422681510987,-0.03312613515729179
2022-05,Finance,0.04657050669792069,0.04657050669792069,-0.003964949055285562,-0.08513862820957006
2022-05,Healthcare,0.0849086851302511,0.0849086851302511,-0.010431478265484182,-0.12285525620237965
2022-05,Industrials,0.06873213173627832,0.06873213173627832,-0.0004986746566098987,-0.007255335226954518
2022-05,Non-Energy Materials,0.05767052866369729,0.05767052866369729,-0.00122462220361504,-0.021234801067220335
2022-05,Technology,0.2144691265185359,0.2144691265185359,-0.0002050649436146387,-0.0009561513442211721
2022-06,Business Services,0.0192871997897843,0.0192871997897843,-0.0013393944181359428,-0.06944473188095296
2022-06,Consumer Cyclicals,0.30006120729280916,0.30006120729280916,-0.08131154602787392,-0.27098319959943223
2022-06,Consumer Non-Cyclicals,0.10647922178700256,0.10647922178700256,-0.015209422962194546,-0.14283935125501726
2022-06,Consumer Services,0.12419492501832691,0.12419492501832691,-0.01995327043489532,-0.16066091615217692
2022-06,Finance,0.04316326466150843,0.04316326466150843,-0.0031990257042692812,-0.07411454461001571
2022-06,Healthcare,0.056549933423569426,0.056549933423569426,-0.006729023964578651,-0.1189926063073677
2022-06,Industrials,0.07760408508403616,0.07760408508403616,-0.007956968532778833,-0.1025328566680783
2022-06,Non-Energy Materials,0.05677219744968898,0.05677219744968898,-0.00925343832546107,-0.1629924283565276
2022-06,Technology,0.21588796549327421,0.21588796549327421,-0.031250678773730084,-0.14475414922886784
2022-07,Business Services,0.02251510955281632,0.02251510955281632,0.0006698368168038465,0.029750546637693772
2022-07,Consumer Cyclicals,0.2587214864677494,0.2587214864677494,0.028928187139959902,0.11181207844353472
2022-07,Consumer Non-Cyclicals,0.1166748186509606,0.1166748186509606,0.011758461344760818,0.10077976962567158
2022-07,Consumer Services,0.12662923523128475,0.12662923523128475,0.005629849735452027,0.04445932035496593
2022-07,Finance,0.04884751985032446,0.04884751985032446,0.004218348606519166,0.08635747770705182
2022-07,Healthcare,0.06123440490358378,0.06123440490358378,0.007547684073284109,0.12325887848780867
2022-07,Industrials,0.0860183898161028,0.0860183898161028,0.005892439567227506,0.0685020910043172
2022-07,Non-Energy Materials,0.05885228693121504,0.05885228693121504,0.003710003084888375,0.06303923395915823
2022-07,Technology,0.22050674859596292,0.22050674859596292,0.028951150619870872,0.1312937168781097
2022-08,Business Services,0.021567545382438644,0.021567545382438644,-0.0035995091184215606,-0.16689470473318016
2022-08,Consumer Cyclicals,0.27184900241223264,0.27184900241223264,-0.03562183412118272,-0.1310353681826857
2022-08,Consumer Non-Cyclicals,0.0949667606138007,0.0949667606138007,0.0018046735181363046,0.01900321235000667
2022-08,Consumer Services,0.1232699708930128,0.1232699708930128,-0.003812996239647605,-0.03093207706649774
2022-08,Finance,0.048733069953002944,0.048733069953002944,-0.005216963804841834,-0.10705181942924905
2022-08,Healthcare,0.05735274160909999,0.05735274160909999,-0.006010421220130186,-0.10479745259774173
2022-08,Industrials,0.08466159235963615,0.08466159235963615,-0.00285658794096649,-0.03374124985544705
2022-08,Non-Energy Materials,0.05809246469813166,0.05809246469813166,-0.0014774582107115672,-0.025432871860213643
2022-08,Technology,0.2395068520786444,0.2395068520786444,-0.03191228424870548,-0.13324163368080497
2022-09,Business Services,0.03282804834812792,0.03282804834812792,-0.0030001679223806694,-0.0913903833260243
2022-09,Consumer Cyclicals,0.2631462084322196,0.2631462084322196,-0.05181031387440841,-0.19688793611386407
2022-09,Consumer Non-Cyclicals,0.12732910705317377,0.12732910705317377,-0.013535772243679908,-0.10630540460813291
2022-09,Consumer Services,0.13330798517649764,0.13330798517649764,-0.014950502714067048,-0.11215009134128628
2022-09,Finance,0.041367369079495536,0.041367369079495536,-0.0005163478817858283,-0.012482009208600243
2022-09,Healthcare,0.05960468267789852,0.05960468267789852,-0.009616120997900417,-0.16133163647335522
2022-09,Industrials,0.09480272014247049,0.09480272014247049,0.013541387251141002,0.14283753916333697
2022-09,Non-Energy Materials,0.06531213329308964,0.06531213329308964,-0.00533213598463735,-0.08164081795811617
2022-09,Technology,0.18230174579702696,0.18230174579702696,-0.026413015172073864,-0.14488624371969464
2022-10,Business Services,0.04230003764801709,0.04230003764801709,0.0006331601255967351,0.014968311160035478
2022-10,Consumer Cyclicals,0.22888438518759519,0.22888438518759519,0.02183376623515886,0.09539211780333445
2022-10,Consumer Non-Cyclicals,0.13555355819910325,0.13555355819910325,0.007931811987765852,0.05851422930643752
2022-10,Consumer Services,0.12769180277615177,0.12769180277615177,0.029297067728454564,0.2294357749793333
2022-10,Energy,4.7277404863814276e-05,4.7277404863814276e-05,-1.4522058619803259e-06,-0.03071670000000004
2022-10,Finance,0.04709985549098496,0.04709985549098496,0.008489191489650601,0.18023816423970676
2022-10,Healthcare,0.07145248845440608,0.07145248845440608,0.006001493592065194,0.08399278628196069
2022-10,Industrials,0.06512326825061594,0.06512326825061594,0.007761739205546891,0.11918534517765822
2022-10,Non-Energy Materials,0.09334237095443179,0.09334237095443179,0.00971111602367751,0.10403759754954496
2022-10,Technology,0.1885049556338301,0.1885049556338301,0.005956257933047734,0.03159735463197973
2022-11,Business Services,0.03777066818623957,0.03777066818623957,-0.0011248855432588348,-0.029781986850543663
2022-11,Consumer Cyclicals,0.2136961160857892,0.2136961160857892,0.03662087826479077,0.17136894640653724
2022-11,Consumer Non-Cyclicals,0.12602016571780503,0.12602016571780503,0.013575681836841862,0.10772626555056015
2022-11,Consumer Services,0.13324974426345826,0.13324974426345826,0.023501504862644098,0.1763718571660256
2022-11,Energy,6.408396712519541e-05,6.408396712519541e-05,5.731452134189252e-05,0.894366
2022-11,Finance,0.04991323504169111,0.04991323504169111,0.0021962100751459854,0.04400055563041653
2022-11,Healthcare,0.06349249621120179,0.06349249621120179,0.003921858763989984,0.06176885455793535
2022-11,Industrials,0.06452854464192777,0.06452854464192777,0.0074602671156190434,0.11561189171422433
2022-11,Non-Energy Materials,0.09079585714716736,0.09079585714716736,0.002890964625968179,0.03184027021499814
2022-11,Technology,0.22046908873759474,0.22046908873759474,0.024413718835227638,0.11073533698089157
2022-12,Business Services,0.03246921231515163,0.03246921231515163,-0.0015242601038026812,-0.04694478230663425
2022-12,Consumer Cyclicals,0.22152454982520486,0.22152454982520486,-0.004692895460877717,-0.02118453898035532
2022-12,Consumer Non-Cyclicals,0.12190293080132547,0.12190293080132547,-0.001734076482672364,-0.014225059818278867
2022-12,Consumer Services,0.12206700746573759,0.12206700746573759,-0.000371632544512405,-0.003044496233896098
2022-12,Energy,0.0001068359840040741,0.0001068359840040741,9.33324498058791e-06,0.08736049999999995
2022-12,Finance,0.04688481972246013,0.04688481972246013,0.0002752365310774083,0.005870482870718099
2022-12,Healthcare,0.06092593671306044,0.06092593671306044,0.002791783068496755,0.04582257112672824
2022-12,Industrials,0.11986369446834984,0.11986369446834984,-0.0032312478484736304,-0.026957686085062608
2022-12,Non-Energy Materials,0.07708841314897169,0.07708841314897169,0.0016682062751702752,0.02164016882727243
2022-12,Technology,0.19716659955573435,0.19716659955573435,-0.017252137337689065,-0.08750030368511931
