Trade_Date,Clean_Name,Action,Qty,Price,Currency,Ticker
2018-04-02,Blackberry Ltd,1,300.0,10.7283,USD,BB
2018-04-02,Nokia Corp Spon A D R,1,400.0,5.37,USD,NOK
2018-04-03,Shopify Inc A,1,20.0,120.91,USD,SHOP
2018-04-03,Fanuc Corporation A D R,1,100.0,24.7,USD,FANUY
2018-04-03,Ferrari Nv,1,10.0,121.2,USD,RACE
2018-04-03,Ams Ag,1,20.0,97.78,CHF,AMS.SW
2018-04-03,Biocartis Nv,1,150.0,12.2641,EUR,BCART.BR
2018-04-03,Ucb Sa,1,20.0,65.7,EUR,UCB.BR
2018-04-04,Umicore,1,30.0,41.4,EUR,UMI.BR
2018-04-04,Schibsted Asa A-Shares,1,100.0,210.0,NOK,SCHA.OL
2018-04-04,Raysearch Laboratories Ab,1,100.0,120.526,SEK,RAY.ST
2018-04-04,Pandora A S Sponsored A D R,1,100.0,26.64,USD,PNDORA.CO
2018-04-04,Nintendo Co Ltd Unspons A D R,1,30.0,52.9,USD,NTDOY
2018-04-04,Asml Holding Nv Ny Reg Shs,1,60.0,193.72,USD,ASML
2018-04-04,Asml Holding Nv Ny Reg Shs,-1,40.0,193.43,USD,ASML
2018-04-05,Brunello Cucinelli Spa,1,100.0,26.7,EUR,BC.MI
2018-04-05,Keyence Corp,1,5.0,63045.045,JPY,6861.T
2018-04-05,Basware Oyj Npv,1,300.0,43.205,EUR,BAS1V.HE
2018-04-05,Norwegian Air Shut,1,100.0,171.6,NOK,NAS.OL
2018-04-05,Slm Solutions Group Ag,1,100.0,31.35,EUR,AM3D.DE
2018-04-05,Ovs Spa,1,300.0,4.954,EUR,OVS.MI
2018-04-05,Asos Plc,1,20.0,69.76,GBP,ASC.L
2018-04-05,Nordic Semiconductor Asa,1,400.0,46.1,NOK,NOD.OL
2018-04-05,Fagerhult Ab,1,200.0,100.6,SEK,FAG.ST
2018-04-05,Boozt Ab,1,300.0,72.5,SEK,BOOZT.ST
2018-04-05,Intrum Justitia Ab,1,100.0,228.9,SEK,INTRUM.ST
2018-04-05,G5 Entertainment Ab,1,50.0,327.0,SEK,G5EN.ST
2018-04-05,Materialise Nv A D R,1,150.0,11.76,USD,MTLS
2018-04-05,Gw Pharmaceuticals A D R,1,20.0,114.0908,USD,GWPH
2018-04-06,Sodastream International Ltd,1,200.0,94.5498,USD,SODA
2018-04-06,Groupe Fnac Sa,1,15.0,87.49998882,EUR,FNAC.PA
2018-04-06,Zalando SE,1,40.0,44.5089457,EUR,ZAL.DE
2018-04-06,Dustin Group Ab,1,150.0,72.17382975,SEK,DUST.ST
2018-04-06,Solaredge Technologies Inc,1,20.0,54.7,USD,SEDG
2018-04-09,Zalando SE,1,40.0,44.51,EUR,ZAL.DE
2018-04-09,B H P Billiton Limited A D R,1,40.0,43.65,USD,BHP
2018-04-10,Disco Corporation,1,10.0,22390.73424,JPY,6146.T
2018-04-10,Sodastream International Ltd,1,170.0,95.0,USD,SODA
2018-04-11,Sodastream International Ltd,-1,340.0,94.42,USD,SODA
2018-04-19,Shopify Inc A,1,20.0,126.85,USD,SHOP
2018-04-19,Nintendo Co Ltd Unspons A D R,1,30.0,51.18,USD,NTDOY
2018-04-19,Ferrari Nv,1,10.0,123.85,USD,RACE
2018-04-19,Cyberagent Inc Npv,1,40.0,5520.00000029,JPY,4751.T
2018-04-19,Disco Corporation,1,10.0,23210.0,JPY,6146.T
2018-04-19,Nokia Corp Spon A D R,1,400.0,5.8263,USD,NOK
2018-04-19,Asml Holding Nv Ny Reg Shs,1,10.0,199.04,USD,ASML
2018-04-19,Ucb Sa,1,20.0,66.98,EUR,UCB.BR
2018-04-19,Accesso Technology Group Plc,1,100.0,21.25,GBP,ACSO.L
2018-04-19,Umicore,1,30.0,43.0,EUR,UMI.BR
2018-04-19,Raysearch Laboratories Ab,1,100.0,126.9,SEK,RAY.ST
2018-04-19,Dustin Group Ab,1,150.0,77.0,SEK,DUST.ST
2018-04-19,Stroeer SE and Co Kgaa,1,20.0,60.6,EUR,SAX.DE
2018-04-19,Ocado Group Plc,1,300.0,5.336,GBP,OCDO.L
2018-04-20,Groupe Fnac Sa,1,15.0,93.85,EUR,FNAC.PA
2018-04-20,Ams Ag,1,20.0,96.98,CHF,AMS.SW
2018-04-20,Ovs Spa,1,300.0,3.5640156,EUR,OVS.MI
2018-04-20,Solaredge Technologies Inc,-1,20.0,55.1,USD,SEDG
2018-04-23,Elbit Systems Ltd,1,20.0,124.79,USD,ESLT
2018-04-24,Blackberry Ltd,1,200.0,10.54,USD,BB
2018-04-24,Askul Corp Npv,1,100.0,3430.0,JPY,2678.T
2018-04-24,Cyberagent Inc Npv,1,50.0,5420.0,JPY,4751.T
2018-04-25,Stroeer SE and Co Kgaa,1,20.0,59.8,EUR,SAX.DE
2018-04-25,Asos Plc,1,20.0,60.32,GBP,ASC.L
2018-04-25,B H P Billiton Limited A D R,1,40.0,46.9,USD,BHP
2018-04-26,Materialise Nv A D R,1,100.0,12.15,USD,MTLS
2018-04-26,Shopify Inc A,1,20.0,124.59,USD,SHOP
2018-04-26,Blackberry Ltd,1,200.0,10.495,USD,BB
2018-04-27,Biocartis Nv,1,150.0,0.83821181,EUR,BCART.BR
2018-04-27,Boozt Ab,1,300.0,80.038,SEK,BOOZT.ST
2018-04-27,Nordic Semiconductor Asa,1,300.0,49.5,NOK,NOD.OL
2018-04-27,Ocado Group Plc,1,300.0,0.83539823,EUR,OCDO.L
2018-04-30,Air France Klm,1,300.0,8.216,EUR,AF.PA
2018-05-03,B H P Billiton Limited A D R,1,80.0,46.95,USD,BHP
2018-05-03,Ferrari Nv,1,20.0,126.57,USD,RACE
2018-05-03,Gw Pharmaceuticals A D R,1,20.0,136.022,USD,GWPH
2018-05-03,Asml Holding Nv Ny Reg Shs,1,30.0,191.21,USD,ASML
2018-05-03,Sodastream International Ltd,1,30.0,86.62,USD,SODA
2018-05-03,Nintendo Co Ltd Unspons A D R,1,60.0,52.04,USD,NTDOY
2018-05-03,Shopify Inc A,1,60.0,126.95,USD,SHOP
2018-05-03,Fanuc Corporation A D R,1,100.0,21.41,USD,FANUY
2018-05-03,Elbit Systems Ltd,1,20.0,113.74,USD,ESLT
2018-05-03,Materialise Nv A D R,1,250.0,11.959,USD,MTLS
2018-05-03,Blackberry Ltd,1,700.0,10.7986,USD,BB
2018-05-03,Nokia Corp Spon A D R,1,800.0,5.815,USD,NOK
2018-05-03,Accesso Technology Group Plc,1,100.0,22.15,GBP,ACSO.L
2018-05-03,Ocado Group Plc,1,600.0,5.74,GBP,OCDO.L
2018-05-03,Asos Plc,1,40.0,60.6,GBP,ASC.L
2018-05-03,Entertainment One Ltd,1,2000.0,2.83,GBP,ETO.L
2018-05-03,Keyence Corp,1,5.0,68960.595,JPY,6861.T
2018-05-03,Pandora A S Sponsored A D R,1,100.0,27.59,USD,PNDORA.CO
2018-05-03,Nordic Semiconductor Asa,1,700.0,52.7,NOK,NOD.OL
2018-05-03,Zalando SE,1,80.0,43.07,EUR,ZAL.DE
2018-05-03,Schibsted Asa A-Shares,1,100.0,232.4,NOK,SCHA.OL
2018-05-03,Norwegian Air Shut,1,100.0,302.2,NOK,NAS.OL
2018-05-03,Stroeer SE and Co Kgaa,1,40.0,63.3,EUR,SAX.DE
2018-05-03,Slm Solutions Group Ag,1,100.0,31.6,EUR,AM3D.DE
2018-05-03,Ucb Sa,1,40.0,62.4,EUR,UCB.BR
2018-05-03,Umicore,1,60.0,47.0,EUR,UMI.BR
2018-05-03,Biocartis Nv,1,300.0,12.72,EUR,BCART.BR
2018-05-03,Groupe Fnac Sa,1,30.0,91.6,EUR,FNAC.PA
2018-05-03,Air France Klm,1,300.0,8.318,EUR,AF.PA
2018-05-03,Raysearch Laboratories Ab,1,200.0,134.6,SEK,RAY.ST
2018-05-03,Brunello Cucinelli Spa,1,100.0,27.8,EUR,BC.MI
2018-05-03,Intrum Justitia Ab,1,100.0,224.59999996,SEK,INTRUM.ST
2018-05-03,Ams Ag,1,40.0,88.26,CHF,AMS.SW
2018-05-03,G5 Entertainment Ab,1,50.0,374.2,SEK,G5EN.ST
2018-05-03,Dustin Group Ab,1,300.0,73.89994453,SEK,DUST.ST
2018-05-03,Boozt Ab,1,600.0,78.6,SEK,BOOZT.ST
2018-05-03,Fagerhult Ab,1,200.0,89.332,SEK,FAG.ST
2018-05-03,Ovs Spa,1,600.0,3.71,EUR,OVS.MI
2018-05-04,Alk Abello A S,1,60.0,830.0,DKK,ALK-B.CO
2018-05-07,Disco Corporation,1,20.0,20490.01035571,JPY,6146.T
2018-05-07,Askul Corp Npv,1,100.0,3485.0,JPY,2678.T
2018-05-07,Disco Corporation,1,20.0,20490.0,JPY,6146.T
2018-05-07,Askul Corp Npv,1,100.0,3490.0,JPY,2678.T
2018-05-07,Cyberagent Inc Npv,1,90.0,6020.0,JPY,4751.T
2018-05-07,Sodastream International Ltd,1,60.0,89.43,USD,SODA
2018-05-07,Schibsted Asa A-Shares,1,200.0,228.2,NOK,SCHA.OL
2018-05-07,Brunello Cucinelli Spa,1,200.0,28.55,EUR,BC.MI
2018-05-07,Cyberagent Inc Npv,1,90.0,6020.0,JPY,4751.T
2018-05-09,Stroeer SE and Co Kgaa,1,50.0,63.0,EUR,SAX.DE
2018-05-09,Fanuc Corporation A D R,1,200.0,21.42,USD,FANUY
2018-05-10,Hsbc Holdings Plc Spons A D R,1,150.0,49.84,USD,HSBC
2018-05-10,Stmicroelectronics N V,1,400.0,8.05214724,NOK,STM
2018-05-14,Elbit Systems Ltd,-1,40.0,113.97,USD,ESLT
2018-05-14,Baozun Inc Spon A D R,1,200.0,49.51,USD,BZUN
2018-05-15,Baozun Inc Spon A D R,1,100.0,44.89,USD,BZUN
2018-05-15,Jeol Ltd,1,1000.0,1025.00000021,JPY,6951.T
2018-05-16,Ferrari Nv,1,40.0,134.04,USD,RACE
2018-05-16,Nokia Corp Spon A D R,1,1000.0,6.26,USD,NOK
2018-05-16,Fanuc Corporation A D R,1,200.0,21.55,USD,FANUY
2018-05-16,Keyence Corp,1,10.0,68288.08,JPY,6861.T
2018-05-16,Nintendo Co Ltd Unspons A D R,1,100.0,52.26,USD,NTDOY
2018-05-16,Hsbc Holdings Plc Spons A D R,1,100.0,50.41,USD,HSBC
2018-05-16,Gw Pharmaceuticals A D R,1,40.0,151.38,USD,GWPH
2018-05-16,Asos Plc,1,70.0,62.84,GBP,ASC.L
2018-05-16,G5 Entertainment Ab,1,100.0,491.6,SEK,G5EN.ST
2018-05-16,Biocartis Nv,1,400.0,12.82,EUR,BCART.BR
2018-05-16,Ams Ag,1,70.0,90.96,CHF,AMS.SW
2018-05-16,Groupe Fnac Sa,1,50.0,92.45,EUR,FNAC.PA
2018-05-16,Air France Klm,1,600.0,7.108,EUR,AF.PA
2018-05-16,Dustin Group Ab,1,600.0,75.9,SEK,DUST.ST
2018-05-16,Fagerhult Ab,1,400.0,81.9,SEK,FAG.ST
2018-05-16,Ucb Sa,1,70.0,64.46,EUR,UCB.BR
2018-05-17,Materialise Nv A D R,1,500.0,12.61,USD,MTLS
2018-05-17,Intrum Justitia Ab,1,200.0,222.4,SEK,INTRUM.ST
2018-05-17,Hsbc Holdings Plc Spons A D R,1,150.0,49.605,USD,HSBC
2018-05-17,Umicore,1,120.0,48.6533,EUR,UMI.BR
2018-05-17,Raysearch Laboratories Ab,1,400.0,106.477,SEK,RAY.ST
2018-05-17,Amplifon Spa,1,500.0,16.138,EUR,AMP.MI
2018-05-18,Amplifon Spa,1,500.0,0.85066442,EUR,AMP.MI
2018-05-18,Advantest Corp Ord(Jp),1,400.0,8.6714153,SEK,6857.T
2018-05-22,Shopify Inc A,1,40.0,138.38,USD,SHOP
2018-05-24,Solaredge Technologies Inc,1,150.0,55.8083,USD,SEDG
2018-05-28,Zalando SE,1,150.0,45.03,EUR,ZAL.DE
2018-05-28,Aixtron SE,1,700.0,13.4916,EUR,AIXA.DE
2018-05-28,Air France Klm,1,800.0,7.29000734,EUR,AF.PA
2018-05-28,Jeol Ltd,1,1000.0,1185.0,JPY,6951.T
2018-05-28,Cyberagent Inc Npv,1,130.0,5970.0,JPY,4751.T
2018-05-28,Stroeer SE and Co Kgaa,1,100.0,58.45,EUR,SAX.DE
2018-05-28,Disco Corporation,1,50.0,20149.99999959,JPY,6146.T
2018-05-28,Askul Corp Npv,1,300.0,3215.0,JPY,2678.T
2018-05-28,Slm Solutions Group Ag,1,200.0,32.6,EUR,AM3D.DE
2018-05-28,Advantest Corp Ord(Jp),1,400.0,2632.0,JPY,6857.T
2018-05-28,Ucb Sa,1,100.0,66.36,EUR,UCB.BR
2018-05-28,Umicore,1,100.0,48.0908,EUR,UMI.BR
2018-05-28,Schibsted Asa A-Shares,1,300.0,231.0717,NOK,SCHA.OL
2018-05-28,Norwegian Air Shut,1,100.0,261.0,NOK,NAS.OL
2018-05-28,Nordic Semiconductor Asa,1,1100.0,54.7705,NOK,NOD.OL
2018-05-28,Alk Abello A S,1,50.0,1024.76,DKK,ALK-B.CO
2018-05-28,Dustin Group Ab,1,800.0,79.0765,SEK,DUST.ST
2018-05-28,Boozt Ab,1,800.0,74.7856,SEK,BOOZT.ST
2018-05-28,Fagerhult Ab,1,700.0,84.4451,SEK,FAG.ST
2018-05-28,Ovs Spa,1,1000.0,3.29999486,EUR,OVS.MI
2018-05-31,Blackberry Ltd,1,1000.0,0.8559098,EUR,BB
2018-05-31,Stmicroelectronics N V,1,300.0,23.7733,USD,STM
2018-05-31,Pandora A S Sponsored A D R,1,200.0,19.62,USD,PNDORA.CO
2018-05-31,Sodastream International Ltd,1,100.0,85.25,USD,SODA
2018-05-31,B H P Billiton Limited A D R,1,170.0,49.8138,USD,BHP
2018-05-31,Accesso Technology Group Plc,1,200.0,25.1,GBP,ACSO.L
2018-05-31,Asos Plc,1,100.0,66.14,GBP,ASC.L
2018-05-31,Entertainment One Ltd,1,2000.0,3.02,GBP,ETO.L
2018-05-31,Shopify Inc A,1,50.0,147.74,USD,SHOP
2018-06-05,Ferrari Nv,1,40.0,135.8475,USD,RACE
2018-06-05,Asml Holding Nv Ny Reg Shs,1,50.0,208.6544,USD,ASML
2018-06-05,Solaredge Technologies Inc,1,100.0,56.2465,USD,SEDG
2018-06-11,Keyence Corp,1,10.0,67472.035,JPY,6861.T
2018-06-11,Fanuc Corporation A D R,1,400.0,20.79,USD,FANUY
2018-06-11,Nintendo Co Ltd Unspons A D R,1,80.0,47.44,USD,NTDOY
2018-06-11,Fnac Darty Eur1,1,50.0,85.9,EUR,FNAC.PA
2018-06-11,Basware Oyj Npv,1,100.0,38.8,EUR,BAS1V.HE
2018-06-11,Gw Pharmaceuticals A D R,1,50.0,156.82,USD,GWPH
2018-06-12,Hsbc Holdings Plc Spons A D R,1,200.0,49.465,USD,HSBC
2018-06-12,Pandora A S Sponsored A D R,1,250.0,0.86306968,EUR,PNDORA.CO
2018-06-12,Aixtron SE,1,650.0,12.875,EUR,AIXA.DE
2018-06-12,Baozun Inc Spon A D R,1,150.0,65.3333,USD,BZUN
2018-06-12,Ovs Spa,1,1500.0,2.8121,EUR,OVS.MI
2018-06-12,Stroeer SE and Co Kgaa,1,160.0,55.75,EUR,SAX.DE
2018-06-12,Raysearch Laboratories Ab,1,800.0,113.8036,SEK,RAY.ST
2018-06-12,Intrum Justitia Ab,1,400.0,220.8,SEK,INTRUM.ST
2018-06-13,Norwegian Air Shut,1,160.0,238.9,NOK,NAS.OL
2018-06-19,Nintendo Co Ltd Unspons A D R,1,200.0,40.71,USD,NTDOY
2018-06-19,Thk Co Ltd,1,100.0,3289.99999955,JPY,6481.T
2018-06-20,Thk Co Ltd,1,200.0,3325.0,JPY,6481.T
2018-06-25,G5 Entertainment Ab,1,200.0,456.198,SEK,G5EN.ST
2018-06-25,Fagerhult Ab,1,1000.0,80.3406,SEK,FAG.ST
2018-06-25,Blackberry Ltd,1,600.0,10.0063,USD,BB
2018-06-25,Solaredge Technologies Inc,1,200.0,48.8375,USD,SEDG
2018-06-27,Ams Ag,1,150.0,80.12,CHF,AMS.SW
2018-06-27,Af Ab B Shs,1,660.0,202.0,SEK,AF-B.ST
2018-06-28,Ams Ag,1,100.0,73.92,CHF,AMS.SW
2018-06-28,Gw Pharmaceuticals A D R,1,70.0,0.86257928,EUR,GWPH
2018-06-29,Moncler Spa,1,250.0,38.65,EUR,MONC.MI
2018-07-02,Materialise Nv A D R,1,1088.0,12.7139,USD,MTLS
2018-07-02,Nintendo Co Ltd Unspons A D R,1,2000.0,40.3,USD,NTDOY
2018-07-02,Solaredge Technologies Inc,1,1800.0,50.3444,USD,SEDG
2018-07-02,Baozun Inc Spon A D R,1,1800.0,55.8838,USD,BZUN
2018-07-02,B H P Billiton Limited A D R,1,1320.0,48.5577,USD,BHP
2018-07-02,Hsbc Holdings Plc Spons A D R,1,2400.0,46.449,USD,HSBC
2018-07-02,Sodastream International Ltd,1,880.0,85.1041,USD,SODA
2018-07-02,Direxion Daily Gold Miners Bear Etf,1,8000.0,24.7274,USD,JDST
2018-07-02,Gw Pharmaceuticals A D R,1,800.0,140.2646,USD,GWPH
2018-07-02,Ferrari Nv,1,480.0,134.4974,USD,RACE
2018-07-02,Asml Holding Nv Ny Reg Shs,1,440.0,194.4914,USD,ASML
2018-07-02,Ev Tax Adv Global Div Opps Etf,1,3618.0,24.3348,USD,EYLD
2018-07-02,Ameriprise Finl Inc,1,4000.0,140.9079,USD,AMP
2018-07-02,Enerplus Corp,1,120.0,12.2517,USD,ERF
2018-07-02,Pandora A S Sponsored A D R,1,2600.0,17.25,USD,PNDORA.CO
2018-07-02,Brunswick Corp,1,1600.0,66.4709,USD,BC
2018-07-02,Shopify Inc A,1,840.0,148.3669,USD,SHOP
2018-07-02,Stmicroelectronics N V,1,2800.0,22.0441,USD,STM
2018-07-02,Ardmore Shipping Corp,1,1000.0,8.205,USD,ASC
2018-07-02,Nokia Corp Spon A D R,1,10400.0,5.6503,USD,NOK
2018-07-02,Blackberry Ltd,1,12000.0,9.8922,USD,BB
2018-07-02,Schwab US Small Cap Etf,1,2800.0,73.7009,USD,SCHA
2018-07-02,Keyence Corp,1,120.0,553.97,JPY,6861.T
2018-07-02,Fanuc Corporation A D R,1,4000.0,19.5,USD,FANUY
2018-07-03,Materialise Nv A D R,1,2912.0,12.7556,USD,MTLS
2018-07-03,Advantest Corp Ord(Jp),1,3200.0,2261.34707931,JPY,6857.T
2018-07-03,Thk Co Ltd,1,1200.0,3240.49703573,JPY,6481.T
2018-07-03,Jeol Ltd,1,8000.0,1148.05122066,JPY,6951.T
2018-07-03,Askul Corp Npv,1,2400.0,3511.78886086,JPY,2678.T
2018-07-03,Cyberagent Inc Npv,1,1600.0,6561.00702762,JPY,4751.T
2018-07-03,Direxion Daily Gold Miners Bear Etf,-1,8000.0,23.5986,USD,JDST
2018-07-03,Ameriprise Finl Inc,-1,4000.0,141.0039,USD,AMP
2018-07-03,Schwab US Small Cap Etf,-1,2800.0,74.2689,USD,SCHA
2018-07-03,Brunswick Corp,-1,1600.0,66.8438,USD,BC
2018-07-03,Ardmore Shipping Corp,-1,1000.0,8.3675,USD,ASC
2018-07-03,Enerplus Corp,-1,120.0,12.8,USD,ERF
2018-07-03,Disco Corporation,1,440.0,18696.50558667,JPY,6146.T
2018-07-03,Ev Tax Adv Global Div Opps Etf,-1,3618.0,24.3694,USD,EYLD
2018-07-03,Alk Abello A S,1,440.0,1067.88066585,DKK,ALK-B.CO
2018-07-03,Norwegian Air Shut,1,1840.0,245.41876113,NOK,NAS.OL
2018-07-03,Fagerhult Ab,1,10000.0,79.11901819,SEK,FAG.ST
2018-07-03,Af Ab B Shs,1,2640.0,203.67417889,SEK,AF-B.ST
2018-07-03,Boozt Ab,1,8000.0,72.33946333,SEK,BOOZT.ST
2018-07-03,Dustin Group Ab,1,8000.0,81.41813261,SEK,DUST.ST
2018-07-03,G5 Entertainment Ab,1,1600.0,452.71712064,SEK,G5EN.ST
2018-07-03,Intrum Justitia Ab,1,3200.0,206.17213884,SEK,INTRUM.ST
2018-07-03,Schibsted Asa A-Shares,1,2800.0,245.65654637,NOK,SCHA.OL
2018-07-03,Asos Plc,1,1000.0,63.10677801,GBP,ASC.L
2018-07-03,Entertainment One Ltd,1,16000.0,3.61397348,GBP,ETO.L
2018-07-03,Ocado Group Plc,1,4800.0,10.48937163,GBP,OCDO.L
2018-07-03,Accesso Technology Group Plc,1,1600.0,24.10588006,GBP,ACSO.L
2018-07-03,Air France Klm,1,8000.0,6.99108974,EUR,AF.PA
2018-07-03,Fnac Darty Eur1,1,640.0,81.11328593,EUR,FNAC.PA
2018-07-03,Raysearch Laboratories Ab,1,6400.0,103.83205063,SEK,RAY.ST
2018-07-03,Slm Solutions Group Ag,1,1600.0,32.2758809,EUR,AM3D.DE
2018-07-03,Stroeer SE and Co Kgaa,1,1560.0,51.8912463,EUR,SAX.DE
2018-07-03,Zalando SE,1,1240.0,49.34001283,EUR,ZAL.DE
2018-07-03,Amplifon Spa,1,4000.0,17.98530619,EUR,AMP.MI
2018-07-03,Brunello Cucinelli Spa,1,1600.0,38.1637313,EUR,BC.MI
2018-07-03,Moncler Spa,1,1000.0,39.52354836,EUR,MONC.MI
2018-07-03,Ovs Spa,1,14800.0,2.80218009,EUR,OVS.MI
2018-07-03,Ams Ag,1,1600.0,73.57560133,CHF,AMS.SW
2018-07-03,Basware Oyj Npv,1,1600.0,36.59634698,EUR,BAS1V.HE
2018-07-03,Biocartis Nv,1,4000.0,12.37200879,EUR,BCART.BR
2018-07-03,Ucb Sa,1,1000.0,67.4946363,EUR,UCB.BR
2018-07-03,Umicore,1,1360.0,49.82817034,EUR,UMI.BR
2018-07-03,Nordic Semiconductor Asa,1,10000.0,52.90197928,NOK,NOD.OL
2018-07-03,Aixtron SE,1,5400.0,11.00697224,EUR,AIXA.DE
2018-07-13,Interroll Holding Ag,1,40.0,1719.1,CHF,INRN.SW
2018-07-19,Line Corp A D R,1,1000.0,45.295,USD,LN
2018-07-19,Blackberry Ltd,1,5000.0,10.3591,USD,BB
2018-08-07,Rakuten Inc A D R,1,10000.0,7.454,USD,RKUNY
2018-08-07,Intrum Justitia Ab,-1,4000.0,234.1069,SEK,INTRUM.ST
2018-08-14,Line Corp A D R,1,500.0,42.08,USD,LN
2018-08-21,Biocartis Nv,1,2000.0,11.98,EUR,BCART.BR
2018-08-21,Basware Oyj Npv,1,1000.0,30.5649,EUR,BAS1V.HE
2018-08-21,Nokia Corp Spon A D R,1,10000.0,5.3289,USD,NOK
2018-08-23,Sodastream International Ltd,-1,1100.0,141.9871,USD,SODA
2018-08-24,Solaredge Technologies Inc,1,1000.0,47.6775,USD,SEDG
2018-08-30,Nokia Corp Spon A D R,1,7000.0,5.6208,USD,NOK
2018-08-31,Adyen Bv,1,100.0,603.6,EUR,ADYEN.AS
2018-09-12,Asml Holding Nv Ny Reg Shs,1,250.0,174.322,USD,ASML
2018-09-13,Adyen Bv,-1,140.0,656.60430303,EUR,ADYEN.AS
2018-09-13,Adyen Bv,1,180.0,644.83897615,EUR,ADYEN.AS
2018-09-21,Hsbc Holdings Plc Spons A D R,-1,1500.0,44.8333,USD,HSBC
2018-09-25,Aixtron SE,-1,6750.0,10.1002,EUR,AIXA.DE
2018-09-28,Capital Counties Properties Plc,1,23000.0,2.6614,GBP,CAPC.L
2018-09-28,First Derivatives Plc,1,1500.0,41.1531,GBP,FDP.L
2018-10-01,Hsbc Holdings Plc Spons A D R,-1,0.4389,,USD,HSBC
2018-10-01,Boozt Ab,1,5000.0,75.7299,SEK,BOOZT.ST
2018-10-01,Interroll Holding Ag,1,30.0,1945.6,CHF,INRN.SW
2018-10-04,First Derivatives Plc,1,500.0,37.8,GBP,FDP.L
2018-10-09,Ocado Group Plc,1,5000.0,7.76020015,GBP,OCDO.L
2018-10-11,Ferrari Nv,1,400.0,116.56,USD,RACE
2018-10-17,Basware Oyj Npv,1,1000.0,27.1,EUR,BAS1V.HE
2018-10-29,Ds Smith Plc,1,10000.0,3.80219949,GBP,SMDS.L
2018-10-31,Taiwan Semiconductor A D R,1,1500.0,38.637,USD,TSM
2018-11-01,Baozun Inc Spon A D R,1,750.0,42.0933,USD,BZUN
2018-11-06,G5 Entertainment Ab,-1,2000.0,216.4,SEK,G5EN.ST
2018-11-09,Dustin Group Ab,1,1428.0,63.0,SEK,DUST.ST
2018-12-07,Pandora A S Sponsored A D R,-1,3250.0,12.8855,USD,PNDORA.CO
2018-12-10,Air France Klm,-1,5000.0,9.1705,EUR,AF.PA
2018-12-10,Capital Counties Properties Plc,-1,23000.0,2.44919982,GBP,CAPC.L
2018-12-18,Zoo Digital Group,1,30000.0,1.21,GBP,ZOO.L
2018-12-21,Ams Ag,1,1000.0,23.11277222,CHF,AMS.SW
2018-12-21,Iqe Plc,1,50000.0,0.65695328,GBP,IQE.L
2018-12-27,Materialise Nv A D R,-1,3000.0,55.1,USD,MTLS
2019-01-09,Lvmh Moet Hennessy Vuitton SE,1,250.0,266.19850916,EUR,MC.PA
2019-01-17,Fnac Darty Eur1,-1,800.0,61.6999978,EUR,FNAC.PA
2019-01-17,Ds Smith Plc,1,5000.0,3.29400053,GBP,SMDS.L
2019-01-17,Orpea,1,500.0,87.49978321,EUR,ORP.PA
2019-02-14,Pva Tepla Ag,1,4000.0,11.25,EUR,TPE.DE
2019-02-21,Ferrari Nv,-1,400.0,125.8825,USD,RACE
2019-02-22,Basware Oyj Npv,-1,2000.0,37.7397,EUR,BAS1V.HE
2019-02-25,Fancl Corp,1,2000.0,2556.0,JPY,4921.T
2019-02-27,Line Corp A D R,1,1000.0,37.9905,USD,LN
2019-03-05,Monotaro Co Ltd First Section,1,2500.0,2653.0,JPY,3064.T
2019-03-06,Asml Holding Nv Ny Reg Shs,-1,200.0,181.9892,USD,ASML
2019-03-07,Comture Corp,1,1500.0,3400.0,JPY,3844.T
2019-03-07,Uuum Inc,1,1000.0,5530.0,JPY,3990.T
2019-03-07,Nidec Corp,1,400.0,13460.00000007,JPY,6594.T
2019-03-07,Stroeer SE and Co Kgaa,-1,950.0,51.8032,EUR,SAX.DE
2019-03-07,Ocado Group Plc,-1,5000.0,10.3626,GBP,OCDO.L
2019-03-13,Norwegian Air Shut,1,4600.0,33.0,NOK,NAS.OL
2019-03-13,Dustin Group Ab,-1,5428.0,111.55,JPY,DUST.ST
2019-03-20,Learning Technologies Group,1,50000.0,0.7582,GBP,LTG.L
2019-03-22,Blackberry Ltd,1,5000.0,9.0762,USD,BB
2019-03-28,Asml Holding Nv Ny Reg Shs,-1,10.0,183.46,USD,ASML
2019-03-28,Hsbc Holdings Plc Spons A D R,-1,1533.0,40.3667,USD,HSBC
2019-04-03,Ferrari Nv,-1,300.0,136.045,USD,RACE
2019-04-05,Air France Klm,-1,5000.0,10.7806,EUR,AF.PA
2019-04-05,Ferrari Nv,-1,300.0,137.0526,USD,RACE
2019-04-11,Capgemini,1,500.0,110.5372,EUR,CAP.PA
2019-04-11,Lasertec Corp,1,1000.0,5067.0,JPY,6920.T
2019-04-12,Af Poyry Ab Bta,1,1100.0,99.0,SEK,AF-B.ST
2019-04-25,Adevinta Asa A,1,3000.0,86.9792,NOK,ADE.OL
2019-04-25,Zoo Digital Group,1,30000.0,0.5075,GBP,ZOO.L
2019-04-25,Zoo Digital Group,1,30000.0,0.89543,EUR,ZOO.L
2019-04-26,Baozun Inc Spon A D R,1,1500.0,0.76811,GBP,BZUN
2019-04-26,Capgemini,1,500.0,109.0486,EUR,CAP.PA
2019-04-26,Moncler Spa,1,1000.0,36.293,EUR,MONC.MI
2019-04-29,Mediawan Sa,1,4500.0,12.1705,EUR,MDW.PA
2019-05-03,Basware Oyj Npv,1,2000.0,9.58235,SEK,BAS1V.HE
2019-05-09,Materialise Nv A D R,1,2000.0,8.762354,NOK,MTLS
2019-05-15,Ut Group Co Ltd,1,2000.0,2815.0,JPY,2146.T
2019-05-22,Fagerhult Ab,1,5000.0,44.0,SEK,FAG.ST
2019-05-22,Lvmh Moet Hennessy Vuitton SE,-1,250.0,335.9243,EUR,MC.PA
2019-05-24,Quantel,1,3000.0,16.9283,EUR,LBIRD.PA
2019-05-28,Shopify Inc A,-1,250.0,285.17,USD,SHOP
2019-05-30,Frontier Developments Plc,1,2471.0,108.49,JPY,FDEV.L
2019-05-31,Frontier Developments Plc,1,743.0,10.7214,GBP,FDEV.L
2019-06-04,Blackberry Ltd,1,5000.0,8.0251,USD,BB
2019-06-05,Frontier Developments Plc,1,1000.0,10.8683,GBP,FDEV.L
2019-06-05,Asos Plc,1,750.0,33.6957,GBP,ASC.L
2019-06-05,Iqe Plc,1,20000.0,0.7596,GBP,IQE.L
2019-06-05,Shopify Inc A,-1,200.0,0.882483,EUR,SHOP
2019-06-12,Lasertec Corp,1,1000.0,4010.0,JPY,6920.T
2019-06-12,Ut Group Co Ltd,1,1000.0,2449.1,JPY,2146.T
2019-06-12,Thk Co Ltd,1,1000.0,2427.0,JPY,6481.T
2019-06-12,Uuum Inc,1,1000.0,4150.0,JPY,3990.T
2019-06-13,Orpea,1,500.0,103.404,EUR,ORP.PA
2019-06-13,Ds Smith Plc,1,10000.0,108.8,JPY,SMDS.L
2019-06-24,Taiwan Semiconductor A D R,1,1500.0,39.9763,USD,TSM
2019-06-24,Stmicroelectronics N V,1,2000.0,17.0335,USD,STM
2019-06-24,Shopify Inc A,-1,300.0,107.86,JPY,SHOP
2019-06-25,Learning Technologies Group,1,50000.0,0.9258,GBP,LTG.L
2019-06-25,Learning Technologies Group,1,50000.0,0.9258,GBP,LTG.L
2019-06-25,Umicore,1,1300.0,26.7,EUR,UMI.BR
2019-06-25,Umicore,1,1300.0,26.7,EUR,UMI.BR
2019-06-25,Fancl Corp,1,1000.0,2863.0,JPY,4921.T
2019-06-25,Learning Technologies Group,1,50000.0,0.92580008,GBP,LTG.L
2019-06-25,Iqe Plc,1,30000.0,0.5501,GBP,IQE.L
2019-06-25,Monotaro Co Ltd First Section,1,2000.0,2599.0,JPY,3064.T
2019-06-25,Learning Technologies Group,1,50000.0,0.9258,GBP,LTG.L
2019-06-25,Iqe Plc,1,30000.0,0.5501,GBP,IQE.L
2019-06-25,Frontier Developments Plc,1,2000.0,10.6434,GBP,FDEV.L
2019-06-25,Dustin Group Ab,1,3000.0,86.8842,SEK,DUST.ST
2019-06-25,Umicore,1,1300.0,26.7,EUR,UMI.BR
2019-06-25,Ams Ag,1,1000.0,32.3077,CHF,AMS.SW
2019-06-25,Nordic Semiconductor Asa,1,6000.0,35.71879998,NOK,NOD.OL
2019-06-25,Frontier Developments Plc,1,2000.0,10.6434,GBP,FDEV.L
2019-06-28,Pva Tepla Ag,1,3000.0,13.4217,EUR,TPE.DE
2019-06-28,Asos Plc,1,2000.0,25.7326,GBP,ASC.L
2019-06-28,Slm Solutions Group Ag,1,2000.0,12.5741,EUR,AM3D.DE
2019-07-01,Aston Martin Lagonda Global,1,6000.0,10.34559894,GBP,AML.L
2019-07-01,Asos Plc,1,2000.0,25.74460277,GBP,ASC.L
2019-07-01,Entertainment One Ltd,1,10000.0,3.9962,GBP,ETO.L
2019-07-01,Biocartis Nv,1,3000.0,10.4434,EUR,BCART.BR
2019-07-01,Iqe Plc,1,50000.0,0.65800013,GBP,IQE.L
2019-07-01,Stroeer SE and Co Kgaa,1,500.0,65.2629,EUR,SAX.DE
2019-07-01,Boozt Ab,1,5000.0,51.0311,SEK,BOOZT.ST
2019-07-09,Raysearch Laboratories Ab,1,2000.0,130.4931,SEK,RAY.ST
2019-07-12,Baozun Inc Spon A D R,-1,4500.0,53.1098,USD,BZUN
2019-07-17,Comture Corp,1,1000.0,4073.5,JPY,3844.T
2019-07-17,Uuum Inc,1,2000.0,4820.0,JPY,3990.T
2019-07-22,Taiwan Semiconductor A D R,1,1000.0,44.45,USD,TSM
2019-07-23,Vitec Software Group Ab B Sh,1,5000.0,129.4736,SEK,VITB.ST
2019-07-23,Stmicroelectronics N V,1,4500.0,19.0022,USD,STM
2019-07-25,Aston Martin Lagonda Global,1,2000.0,6.5196,GBP,AML.L
2019-08-08,Tobii Ab,1,24000.0,42.4079,SEK,TOBII.ST
2019-08-12,Zalando SE,1,1000.0,42.15,EUR,ZAL.DE
2019-08-12,Ocado Group Plc,1,4000.0,11.9296,GBP,OCDO.L
2019-08-12,Ds Smith Plc,1,10000.0,3.2729,GBP,SMDS.L
2019-08-12,First Derivatives Plc,1,1000.0,26.4299,GBP,FDP.L
2019-08-12,Frontier Developments Plc,1,3000.0,9.1667,GBP,FDEV.L
2019-08-12,Zalando SE,1,1000.0,42.15,EUR,ZAL.DE
2019-08-12,Ocado Group Plc,1,4000.0,11.92960189,GBP,OCDO.L
2019-08-12,Quantel,1,3000.0,15.6572,EUR,LBIRD.PA
2019-08-12,Frontier Developments Plc,1,3000.0,9.1667,GBP,FDEV.L
2019-08-12,First Derivatives Plc,1,1000.0,26.4299,GBP,FDP.L
2019-08-12,Ds Smith Plc,1,10000.0,3.2729,GBP,SMDS.L
2019-08-12,Quantel,1,3000.0,15.6572,EUR,LBIRD.PA
2019-08-12,Dustin Group Ab,1,5000.0,80.66000002,SEK,DUST.ST
2019-08-13,Ut Group Co Ltd,-1,3000.0,1829.0,JPY,2146.T
2019-08-13,Nidec Corp,1,400.0,13625.0,JPY,6594.T
2019-08-13,Cyberagent Inc Npv,1,1000.0,4430.0,JPY,4751.T
2019-08-13,Comture Corp,1,1500.0,3985.0,JPY,3844.T
2019-08-13,Rakuten Inc,1,5000.0,1038.0,JPY,4755.T
2019-08-15,Orpea,1,500.0,106.65241028,EUR,ORP.PA
2019-08-15,Raysearch Laboratories Ab,1,5000.0,127.05,SEK,RAY.ST
2019-08-15,Line Corp A D R,1,1500.0,32.0417,USD,LN
2019-08-15,Materialise Nv A D R,1,2000.0,17.6994,USD,MTLS
2019-08-20,Disco Corporation,1,400.0,19260.0,JPY,6146.T
2019-08-20,Fancl Corp,1,2000.0,2480.0,JPY,4921.T
2019-08-20,Adevinta Asa B,1,4500.0,106.1987,NOK,ADE.OL
2019-08-20,Moncler Spa,1,1750.0,34.55,EUR,MONC.MI
2019-08-21,Zoo Digital Group,1,10000.0,0.75,GBP,ZOO.L
2019-08-21,Vitec Software Group Ab B Sh,1,5000.0,131.2004,SEK,VITB.ST
2019-08-21,Zalando SE,1,1500.0,42.1513,EUR,ZAL.DE
2019-08-22,Ion Beam Applications,1,6000.0,0.901072,EUR,IBAB.BR
2019-08-22,Zoo Digital Group,1,40000.0,0.75,GBP,ZOO.L
2019-08-23,Entertainment One Ltd,-1,20000.0,5.995,GBP,ETO.L
2019-08-27,Biocartis Nv,1,8000.0,106.66,JPY,BCART.BR
2019-08-30,Slm Solutions Group Ag,1,4000.0,13.3895,EUR,AM3D.DE
2019-09-03,Adyen Bv,1,120.0,650.0,EUR,ADYEN.AS
2019-09-04,Frontier Developments Plc,1,5000.0,106.9,JPY,FDEV.L
2019-09-05,Infineon Technologies A G,1,6000.0,107.25,JPY,IFX.DE
2019-09-13,Keyence Corp,1,100.0,67140.00000015,JPY,6861.T
2019-09-13,Lasertec Corp,1,1000.0,6500.0,JPY,6920.T
2019-09-18,Nordic Semiconductor Asa,1,18500.0,0.911326,EUR,NOD.OL
2019-09-23,Ovs Spa,-1,18500.0,1.6718,EUR,OVS.MI
2019-09-27,Basware Oyj Npv,1,3000.0,22.525,EUR,BAS1V.HE
2019-09-27,Quantel,1,5000.0,14.5351,EUR,LBIRD.PA
2019-10-04,Mediawan Sa,1,4500.0,10.091,EUR,MDW.PA
2019-10-04,Gw Pharmaceuticals A D R,1,500.0,116.924,USD,GWPH
2019-10-04,B H P Billiton Limited A D R,1,1000.0,47.8348,USD,BHP
2019-10-16,Mediawan Sa,1,2202.0,9.3137,EUR,MDW.PA
2019-10-17,Mediawan Sa,1,3991.0,9.3043,EUR,MDW.PA
2019-10-18,Mediawan Sa,1,1042.0,9.33909789,EUR,MDW.PA
2019-10-21,Mediawan Sa,1,3765.0,9.3362,EUR,MDW.PA
2019-10-28,Baozun Inc Spon A D R,1,4000.0,44.5892,USD,BZUN
2019-10-28,Learning Technologies Group,1,50000.0,1.0721,GBP,LTG.L
2019-10-28,Basware Oyj Npv,1,2000.0,21.0,EUR,BAS1V.HE
2019-10-28,Ion Beam Applications,1,4000.0,14.0353,EUR,IBAB.BR
2019-10-29,Nidec Corp,1,600.0,0.77375,GBP,6594.T
2019-11-01,Fevertree Drinks Plc,1,5000.0,108.75,JPY,FEVR.L
2019-11-06,Gw Pharmaceuticals A D R,1,500.0,111.802,USD,GWPH
2019-11-06,Accesso Technology Group Plc,-1,2000.0,5.55,GBP,ACSO.L
2019-11-06,Norwegian Air Shut,-1,6900.0,40.9672,NOK,NAS.OL
2019-11-06,Brunello Cucinelli Spa,-1,2000.0,28.8059,EUR,BC.MI
2019-11-11,Wirecard Ag,1,1000.0,116.95,EUR,WDI.DE
2019-11-13,Capital Counties Properties Plc,1,50000.0,2.51340012,GBP,CAPC.L
2019-11-15,Tobii Ab,1,21000.0,38.2618,SEK,TOBII.ST
2019-11-22,Adevinta Asa B,1,80.0,1.0,NOK,ADE.OL
2019-11-22,Nintendo Co Ltd Unspons A D R,-1,2500.0,47.6595,USD,NTDOY
2019-11-25,Dustin Group Ab,1,7000.0,77.7378,SEK,DUST.ST
2019-11-25,Ucb Sa,1,750.0,74.2204,EUR,UCB.BR
2019-11-25,Adevinta Asa B,1,5000.0,99.2527,NOK,ADE.OL
2019-11-25,Nokia Corp Spon A D R,-1,30000.0,3.4708,USD,NOK
2019-11-26,Yahoo Japan Corporation,1,60000.0,109.55,JPY,4689.T
2019-11-29,Pva Tepla Ag,1,7000.0,15.4479,EUR,TPE.DE
2019-12-04,Future Plc,1,8000.0,13.40150057,GBP,FUTR.L
2019-12-05,Stroeer SE and Co Kgaa,1,1000.0,9.402693,SEK,SAX.DE
2019-12-10,Future Plc,1,6000.0,13.7837,GBP,FUTR.L
2019-12-10,Learning Technologies Group,1,50000.0,1.1459,GBP,LTG.L
2019-12-10,Ocado Group Plc,1,5000.0,12.1023,GBP,OCDO.L
2019-12-16,Fagerhult Ab,-1,9380.0,60.6847,SEK,FAG.ST
2019-12-16,Baozun Inc Spon A D R,1,4000.0,34.1138,USD,BZUN
2019-12-17,Fagerhult Ab,-1,8120.0,60.4001,SEK,FAG.ST
2019-12-20,Blackberry Ltd,1,20000.0,6.171,USD,BB
2019-12-31,Entertainment One Ltd,-1,10000.0,5.6,GBP,ETO.L
2020-01-03,Zoo Digital Group,1,20000.0,0.65,GBP,ZOO.L
2020-01-06,Zoo Digital Group,1,80000.0,0.6706,GBP,ZOO.L
2020-01-06,Cyberagent Inc Npv,1,2000.0,3740.0,JPY,4751.T
2020-01-07,Tomtom,1,14000.0,9.7379,EUR,TOM2.AS
2020-01-09,Capgemini,1,1000.0,109.22739292,EUR,CAP.PA
2020-01-09,Fanuc Corporation A D R,1,5000.0,18.48,USD,FANUY
2020-01-20,Fevertree Drinks Plc,-1,5000.0,15.0737,GBP,FEVR.L
2020-01-23,Hugo Boss Ag,1,3000.0,44.9207,EUR,BOSS.DE
2020-01-23,Shopify Inc A,-1,300.0,468.8,USD,SHOP
2020-01-24,Materialise Nv A D R,1,3000.0,18.8698,USD,MTLS
2020-01-24,Iqe Plc,1,5000.0,0.5075,GBP,IQE.L
2020-01-24,Boozt Ab,1,20000.0,49.3122,SEK,BOOZT.ST
2020-01-24,Dustin Group Ab,1,10000.0,74.7595,SEK,DUST.ST
2020-01-27,Line Corp A D R,-1,4000.0,49.0402,USD,LN
2020-01-29,Thk Co Ltd,1,2500.0,2925.0,JPY,6481.T
2020-01-29,Comture Corp,1,4000.0,2498.15,JPY,3844.T
2020-01-29,Monotaro Co Ltd First Section,1,4000.0,2724.0,JPY,3064.T
2020-01-30,Moncler Spa,-1,4000.0,39.8146,EUR,MONC.MI
2020-01-31,B H P Billiton Limited A D R,-1,2650.0,51.5885,USD,BHP
2020-02-05,Ds Smith Plc,1,30000.0,3.7446,GBP,SMDS.L
2020-02-05,Biocartis Nv,1,12000.0,5.9952,EUR,BCART.BR
2020-02-05,Slm Solutions Group Ag,1,4669.0,10.83639966,EUR,AM3D.DE
2020-02-05,Asml Holding Nv Ny Reg Shs,1,310.0,303.6168,USD,ASML
2020-02-05,Materialise Nv A D R,1,5000.0,18.7531,USD,MTLS
2020-02-06,Nidec Corp,1,1200.0,14575.0,JPY,6594.T
2020-02-06,Tomtom,1,14000.0,10.192,EUR,TOM2.AS
2020-02-06,Slm Solutions Group Ag,1,2331.0,10.6914,EUR,AM3D.DE
2020-02-07,Raysearch Laboratories Ab,1,15000.0,97.0785,SEK,RAY.ST
2020-02-10,Wirecard Ag,1,1000.0,139.8005,EUR,WDI.DE
2020-02-12,Fancl Corp,-1,5000.0,0.76935,GBP,4921.T
2020-02-13,Tobii Ab,1,25000.0,44.6848,SEK,TOBII.ST
2020-02-13,Schibsted Asa A-Shares,-1,3500.0,279.7699,NOK,SCHA.OL
2020-02-14,Af Ab B Shs,1,5600.0,249.1899,SEK,AF-B.ST
2020-02-27,Ocado Group Plc,1,5000.0,10.7689,GBP,OCDO.L
2020-03-02,Taiwan Semiconductor A D R,1,2000.0,54.9945,USD,TSM
2020-03-02,Pva Tepla Ag,-1,12474.0,11.61989973,EUR,TPE.DE
2020-03-03,Frontier Developments Plc,1,5000.0,12.61185064,GBP,FDEV.L
2020-03-03,Frontier Developments Plc,1,5000.0,16.075062,GBP,FDEV.L
2020-03-03,Pva Tepla Ag,-1,1526.0,11.8971,EUR,TPE.DE
2020-03-03,Frontier Developments Plc,1,5000.0,106.6,JPY,FDEV.L
2020-03-03,Frontier Developments Plc,1,5000.0,12.61185064,GBP,FDEV.L
2020-03-04,Amplifon Spa,1,3000.0,24.4454,EUR,AMP.MI
2020-03-05,Japan Elevator Ser,1,7000.0,2336.68557143,JPY,6544.T
2020-03-10,Blackberry Ltd,1,20000.0,105.2,JPY,BB
2020-03-11,First Derivatives Plc,-1,3000.0,23.3838,GBP,FDP.L
2020-03-11,Aston Martin Lagonda Global,-1,8000.0,2.01320064,GBP,AML.L
2020-03-12,Iqe Plc,-1,155000.0,0.3056,GBP,IQE.L
2020-03-16,Dassault Systemes Sa,1,1000.0,107.1903944,EUR,DSY.PA
2020-03-16,Shopify Inc A,1,300.0,326.67,USD,SHOP
2020-03-17,Alk Abello A S,1,450.0,1286.75,DKK,ALK-B.CO
2020-03-17,Orpea,1,750.0,71.1342,EUR,ORP.PA
2020-03-17,Asos Plc,1,4000.0,12.08,GBP,ASC.L
2020-03-17,Shopify Inc A,1,150.0,314.945,USD,SHOP
2020-03-17,Asml Holding Nv Ny Reg Shs,1,300.0,229.71,USD,ASML
2020-03-17,Blackberry Ltd,1,30000.0,3.0686,USD,BB
2020-03-19,Future Plc,1,10000.0,5.5277,GBP,FUTR.L
2020-03-19,Taiwan Semiconductor A D R,1,2000.0,44.5929,USD,TSM
2020-03-20,Dustin Group Ab,1,15000.0,46.2063,SEK,DUST.ST
2020-03-26,Biocartis Nv,1,15000.0,3.75,EUR,BCART.BR
2020-04-02,Dassault Systemes Sa,1,1000.0,147.80043898,EUR,DSY.PA
2020-04-02,Dassault Systemes Sa,1,1000.0,125.1203,EUR,DSY.PA
2020-04-06,Infineon Technologies A G,1,5000.0,14.07076489,EUR,IFX.DE
2020-04-06,Asos Plc,1,10000.0,11.64006863,GBP,ASC.L
2020-04-06,Asos Plc,1,10000.0,11.60750071,GBP,ASC.L
2020-04-06,Infineon Technologies A G,1,5000.0,14.0678,EUR,IFX.DE
2020-04-06,Ams Ag,1,9000.0,9.2,CHF,AMS.SW
2020-04-08,Materialise Nv A D R,-1,7000.0,17.824,USD,MTLS
2020-04-14,Diasorin Spa,1,1000.0,143.98400688,EUR,DIA.MI
2020-04-14,Diasorin Spa,1,1000.0,144.78897388,EUR,DIA.MI
2020-04-15,Baozun Inc Spon A D R,-1,8000.0,29.7193,USD,BZUN
2020-04-16,Asos Plc,-1,5000.0,24.2013,GBP,ASC.L
2020-04-17,Ryanair Holdings Plc Sp A D R,1,2300.0,59.2076,USD,RYAAY
2020-04-22,Hugo Boss Ag,-1,3000.0,23.3049,EUR,BOSS.DE
2020-04-27,Taiwan Semiconductor A D R,-1,2000.0,53.3858,USD,TSM
2020-04-28,Solaredge Technologies Inc,-1,750.0,108.4805,USD,SEDG
2020-04-28,Orpea,-1,1250.0,98.093504,EUR,ORP.PA
2020-04-28,Ion Beam Applications,-1,1937.0,7.44130098,EUR,IBAB.BR
2020-04-28,Asml Holding Nv Ny Reg Shs,-1,300.0,291.6545,USD,ASML
2020-04-30,Wirecard Ag,-1,1000.0,90.7184,EUR,WDI.DE
2020-05-04,Wirecard Ag,-1,1000.0,0.926681,EUR,WDI.DE
2020-05-06,Raysearch Laboratories Ab,1,10000.0,80.0817,SEK,RAY.ST
2020-05-06,Shopify Inc A,-1,220.0,675.458,USD,SHOP
2020-05-14,Rakuten Inc,1,10000.0,1015.46,JPY,4755.T
2020-05-18,Grupo Aeroportuario Sure Spon A D R,1,2000.0,105.1562,USD,ASR
2020-05-18,Capital Counties Properties Plc,1,50000.0,1.4249,GBP,CAPC.L
2020-05-20,Ion Beam Applications,-1,3113.0,1.0,EUR,IBAB.BR
2020-05-21,Ion Beam Applications,-1,2614.0,7.3235,EUR,IBAB.BR
2020-05-22,Tobii Ab,1,30000.0,31.6252,SEK,TOBII.ST
2020-05-22,Ion Beam Applications,-1,2336.0,7.14009846,EUR,IBAB.BR
2020-05-22,Dassault Systemes Sa,-1,700.0,143.0073,EUR,DSY.PA
2020-05-22,Asos Plc,-1,5000.0,28.1306,GBP,ASC.L
2020-05-25,Askul Corp Npv,-1,3000.0,3305.0,JPY,2678.T
2020-05-27,Af Ab B Shs,-1,10000.0,198.6572,SEK,AF-B.ST
2020-05-28,Lasertec Corp,-1,2000.0,107.73,JPY,6920.T
2020-05-29,Capgemini,-1,2000.0,92.2559,EUR,CAP.PA
2020-06-02,Accesso Technology Group Plc,1,5000.0,109.11,JPY,ACSO.L
2020-06-03,Capital Counties Properties Plc,1,50000.0,1.7632,GBP,CAPC.L
2020-06-03,Slm Solutions Group Ag,1,10000.0,9.1695,EUR,AM3D.DE
2020-06-03,Ryanair Holdings Plc Sp A D R,1,2000.0,78.277,USD,RYAAY
2020-06-03,Thk Co Ltd,1,5000.0,3095.5,JPY,6481.T
2020-06-03,Accesso Technology Group Plc,1,25000.0,3.768,GBP,ACSO.L
2020-06-04,Interroll Holding Ag,1,80.0,2041.659375,CHF,INRN.SW
2020-06-05,Iqe Plc,1,299030.0,0.4541,GBP,IQE.L
2020-06-05,Autogrill S P A,1,30000.0,6.0641,EUR,AGL.MI
2020-06-11,Orpea,1,1000.0,100.5377,EUR,ORP.PA
2020-06-11,Accesso Technology Group Plc,1,10000.0,107.4,JPY,ACSO.L
2020-06-15,Umicore,1,2000.0,43.3505,EUR,UMI.BR
2020-06-17,Ds Smith Plc,1,20000.0,3.3452,GBP,SMDS.L
2020-06-18,Lumibird,1,2092.0,0.889878,EUR,LBIRD.PA
2020-06-19,Asml Holding Nv Ny Reg Shs,-1,400.0,106.67,JPY,ASML
2020-06-22,Accesso Technology Group Plc,1,10000.0,3.05,GBP,ACSO.L
2020-06-22,Stroeer SE and Co Kgaa,1,1000.0,62.9252,EUR,SAX.DE
2020-06-22,Mediawan Sa,-1,20000.0,106.96,JPY,MDW.PA
2020-06-24,Shopify Inc A,-1,130.0,107.26,JPY,SHOP
2020-06-29,Grupo Aeroportuario Sure Spon A D R,1,1000.0,112.1378,USD,ASR
2020-07-01,Shopify Inc A,-1,100.0,987.93,USD,SHOP
2020-07-02,Future Plc,1,6000.0,12.6526,GBP,FUTR.L
2020-07-06,Powercell Seden Ab,1,5000.0,362.184,SEK,PCELL.ST
2020-07-14,Learning Technologies Group,1,50000.0,1.0,EUR,LTG.L
2020-07-20,Accesso Technology Group Plc,1,25000.0,2.75,GBP,ACSO.L
2020-07-27,Aston Martin Lagonda Global,1,300000.0,0.4797,GBP,AML.L
2020-08-03,Diasorin Spa,-1,1000.0,168.8581,EUR,DIA.MI
2020-08-06,Fanuc Corporation A D R,-1,10000.0,17.268,USD,FANUY
2020-08-11,Adyen Bv,-1,100.0,107.06,JPY,ADYEN.AS
2020-08-11,Publicis Groupe,1,5000.0,30.8267,EUR,PUB.PA
2020-08-28,Fnac Darty Sa,1,4500.0,36.4595,EUR,FNAC.PA
2020-09-03,William Hill P L C,1,100000.0,1.8358,GBP,WMH.L
2020-09-03,Tobii Ab,-1,30000.0,1.0,EUR,TOBII.ST
2020-09-25,Powercell Seden Ab,-1,5000.0,216.778,SEK,PCELL.ST
2020-09-28,Af Ab B Shs,-1,133.0,9.02090292,SEK,AF-B.ST
2020-09-29,Publicis Groupe,1,235.0,24.46,EUR,PUB.PA
2020-09-30,Nintendo Ltd,-1,50.0,70.62,USD,NTDOY
2020-09-30,Cosmo Pharmaceuticals Nv,-1,10.0,88.1,EUR,COPN.SW
2020-09-30,Hugo Boss Ag,-1,30.0,21.45,EUR,BOSS.DE
2020-09-30,Mediawan Sa,-1,100.0,11.94,EUR,MDW.PA
2020-09-30,Intrum Ab Npv,-1,50.0,217.0,SEK,INTRUM.ST
2020-09-30,Ion Beam Applications,-1,70.0,11.0,EUR,IBAB.BR
2020-10-01,Diasorin Spa,-1,10.0,177.0,EUR,DIA.MI
2020-10-05,Slm Solutions Group Ag,1,1977.0,8.9177,EUR,AM3D.DE
2020-10-05,Solaredge Technologies Inc,-1,750.0,262.7027,USD,SEDG
2020-10-06,Slm Solutions Group Ag,1,8023.0,9.18139973,EUR,AM3D.DE
2020-10-09,Gvc Holdings Plc,1,15000.0,10.9032,GBP,GVC.L
2020-10-09,William Hill Ord,-1,100000.0,2.7784,GBP,WMH.L
2020-10-13,Autogrill S P A,-1,30000.0,3834.0,USD,AGL.MI
2020-10-14,Schwab US Small Cap Etf,-1,2050.0,73.719,USD,SCHA
2020-10-15,Schwab US Small Cap Etf,1,2050.0,73.4498,USD,SCHA
2020-10-15,Materialise Nv A D R,-1,240.0,49.9283,USD,MTLS
2020-10-20,Materialise Nv A D R,-1,2310.0,49.6922,USD,MTLS
2020-10-22,Capgemini,-1,10.0,105.7,EUR,CAP.PA
2020-10-22,Dassault Systemes Sa,-1,1300.0,153.0368,EUR,DSY.PA
2020-10-23,Askul Corp Npv,-1,50.0,4255.0,JPY,2678.T
2020-10-26,Ryanair Holdings Plc Sp A D R,-1,4300.0,86.7656,USD,RYAAY
2020-10-27,Zur Rose Group Ag,1,1000.0,0.77095,GBP,ROSE.SW
2020-10-30,Gvc Holdings Plc,1,5000.0,9.67960137,GBP,GVC.L
2020-11-02,Gvc Holdings Plc,1,10000.0,9.4027,GBP,GVC.L
2020-11-03,Gw Pharmaceuticals A D R,1,2000.0,99.4482,USD,GWPH
2020-11-09,Capital Counties Properties Plc,1,150000.0,1.2124,GBP,CAPC.L
2020-11-12,Grupo Aeroportuario Sure Spon A D R,-1,3000.0,150.1629,USD,ASR
2020-11-16,Fnac Darty Sa,1,4500.0,43.0228,EUR,FNAC.PA
2020-11-16,Aston Martin Lagonda Global,1,297000.0,0.6979,GBP,AML.L
2020-11-23,Zoo Digital Group,1,50000.0,0.63,GBP,ZOO.L
2020-11-24,Zoo Digital Group,1,39000.0,0.64,GBP,ZOO.L
2020-11-25,Zoo Digital Group,1,75000.0,104.13,JPY,ZOO.L
2020-11-26,Zoo Digital Group,1,25000.0,104.4,JPY,ZOO.L
2020-11-30,Frontier Developments Plc,-1,4414.0,24.70350023,GBP,FDEV.L
2020-11-30,Boozt Ab,-1,10200.0,160.5525,SEK,BOOZT.ST
2020-12-08,Orpea,-1,2015.0,8.19821971,SEK,ORP.PA
2020-12-11,Tomtom,-1,28200.0,7.5315,EUR,TOM2.AS
2020-12-14,Keyence Corp,-1,510.0,103.735,JPY,6861.T
2020-12-18,Asml Holding Nv Ny Reg Shs,-1,510.0,478.0004,USD,ASML
2020-12-22,Comture Corp,1,10000.0,8.2837729,SEK,3844.T
2021-01-08,Materialise Nv A D R,-1,4500.0,78.183,USD,MTLS
2021-01-11,Ams Ag,-1,13093.0,20.80500038,CHF,AMS.SW
2021-01-11,Ams Ag,-1,13093.0,20.80500038,CHF,AMS.SW
2021-01-15,Gvc Holdings Plc,1,10000.0,14.1546,GBP,GVC.L
2021-01-18,Uuum Inc,1,5000.0,1722.68,JPY,3990.T
2021-01-19,Slm Solutions Group Ag,-1,3098.0,19.46979987,EUR,AM3D.DE
2021-01-19,Capital Counties Properties Plc,-1,118839.0,1.36500004,GBP,CAPC.L
2021-01-20,Iqe Plc,1,200000.0,0.847,GBP,IQE.L
2021-01-20,Asm International N V,1,1500.0,222.2535,EUR,ASM.AS
2021-01-20,Capital Counties Properties Plc,-1,31161.0,1.37659978,GBP,CAPC.L
2021-01-20,Slm Solutions Group Ag,-1,11952.0,19.235,EUR,AM3D.DE
2021-01-26,Interroll Holding Ag,-1,50.0,2735.0,CHF,INRN.SW
2021-01-26,Blackberry Ltd,-1,31050.0,19.5001,USD,BB
2021-01-27,Blackberry Ltd,-1,25000.0,20.695,USD,BB
2021-01-27,Blackberry Ltd,-1,10000.0,22.0,USD,BB
2021-01-27,Blackberry Ltd,-1,10000.0,24.5942,USD,BB
2021-01-29,Iqe Plc,-1,251030.0,0.79450002,GBP,IQE.L
2021-02-01,Watches Of Switzerland Group,1,30000.0,6.423,GBP,WOSG.L
2021-02-01,Frontier Developments Plc,-1,5000.0,32.5405,GBP,FDEV.L
2021-02-02,Adevinta Asa B,1,15000.0,133.4958,NOK,ADE.OL
2021-02-02,Adevinta Asa B,1,15000.0,133.49579997,NOK,ADE.OL
2021-02-02,Dermapharm Hldg,1,4000.0,60.4811,EUR,DMP.DE
2021-02-03,Asm International N V,1,500.0,222.2576,EUR,ASM.AS
2021-02-03,Dermapharm Hldg,1,4000.0,60.9209,EUR,DMP.DE
2021-02-04,Watches Of Switzerland Group,1,30000.0,6.3613,GBP,WOSG.L
2021-02-09,Moonpig Group Plc Ord,1,55000.0,4.2081,GBP,MOON.L
2021-02-10,Gw Pharmaceuticals A D R,-1,4020.0,0.719937,GBP,GWPH
2021-02-12,Mercari Inc,1,6000.0,5640.0,JPY,4385.T
2021-02-12,Moonpig Group Plc Ord,1,50000.0,4.2518,GBP,MOON.L
2021-02-15,Disco Corporation,1,1000.0,35300.0,JPY,6146.T
2021-02-16,Advantest Corp Ord(Jp),1,3900.0,9347.17948718,JPY,6857.T
2021-02-19,Ucb Sa,1,1000.0,84.238,EUR,UCB.BR
2021-02-19,Basware Oyj Npv,1,2394.0,36.2602005,EUR,BAS1V.HE
2021-02-19,Publicis Groupe,1,5000.0,47.542498,EUR,PUB.PA
2021-02-19,Umicore,1,5000.0,47.7421,EUR,UMI.BR
2021-02-19,Biocartis Nv,1,7389.0,4.48,EUR,BCART.BR
2021-02-19,Lumibird,1,811.0,16.68,EUR,LBIRD.PA
2021-02-19,Ds Smith Plc,1,30000.0,3.8174,GBP,SMDS.L
2021-02-19,Blackberry Ltd,1,25000.0,10.9,USD,BB
2021-02-19,B H P Billiton Limited A D R,1,9000.0,76.39,USD,BHP
2021-02-19,Rio Tinto Plc A D R,1,8000.0,89.22,USD,RIO
2021-02-19,Capital Counties Properties Plc,1,100000.0,1.6729,GBP,CAPC.L
2021-02-22,Yahoo Japan Corporation,1,40000.0,642.8,JPY,4689.T
2021-02-22,Uuum Inc,1,10000.0,1849.84,JPY,3990.T
2021-02-22,Rakuten Inc,1,20000.0,1126.0,JPY,4755.T
2021-02-22,Japan Elevator Ser,1,7000.0,2308.81428571,JPY,6544.T
2021-02-22,Mercari Inc,1,6000.0,5480.0,JPY,4385.T
2021-02-22,Lumibird,1,991.0,16.54299697,EUR,LBIRD.PA
2021-02-22,Basware Oyj Npv,1,1215.0,36.27240329,EUR,BAS1V.HE
2021-02-22,Biocartis Nv,1,8308.0,4.48209976,EUR,BCART.BR
2021-02-22,Cyberagent Inc Npv,1,4000.0,7000.0,JPY,4751.T
2021-02-23,Biocartis Nv,1,24303.0,4.48149981,EUR,BCART.BR
2021-02-23,Zur Rose Group Ag,1,1000.0,423.919,CHF,ROSE.SW
2021-02-23,Basware Oyj Npv,1,391.0,35.73439898,EUR,BAS1V.HE
2021-02-23,Lumibird,1,8198.0,106.43,JPY,LBIRD.PA
2021-02-24,Jazz Pharmaceuticals Plc,1,3000.0,169.4514,USD,JAZZ
2021-02-24,Amplifon Spa,1,12000.0,33.422,EUR,AMP.MI
2021-02-24,Future Plc,1,10000.0,19.48,GBP,FUTR.L
2021-02-24,Ocado Group Plc,1,10000.0,23.23,GBP,OCDO.L
2021-02-25,Aston Martin Lagonda Gbl Hldgs Plc O,1,10000.0,21.505,GBP,AML.L
2021-02-25,Raysearch Laboratories Ab,1,4750.0,93.8815,SEK,RAY.ST
2021-02-25,Raysearch Laboratories Ab,1,4750.0,0.83249995,EUR,RAY.ST
2021-02-25,Raysearch Laboratories Ab,1,4750.0,93.88149998,SEK,RAY.ST
2021-02-26,Raysearch Laboratories Ab,1,17350.0,92.50630028,SEK,RAY.ST
2021-02-26,Raysearch Laboratories Ab,1,17350.0,92.50630029,SEK,RAY.ST
2021-03-01,Zalando SE,1,2000.0,85.33643567,EUR,ZAL.DE
2021-03-01,Raysearch Laboratories Ab,1,7900.0,94.3152,SEK,RAY.ST
2021-03-01,Raysearch Laboratories Ab,1,7900.0,94.31519999,SEK,RAY.ST
2021-03-03,Amplifon Spa,1,5000.0,31.3322,EUR,AMP.MI
2021-03-04,Frontier Developments Plc,1,5320.0,23.68340038,GBP,FDEV.L
2021-03-05,Frontier Developments Plc,1,4680.0,23.618,GBP,FDEV.L
2021-03-08,Blackberry Ltd,1,25000.0,9.5649,USD,BB
2021-03-10,Hugo Boss Ag,1,10000.0,109.19,JPY,BOSS.DE
2021-03-15,Alk Abello A S,1,990.0,2378.35659596,DKK,ALK-B.CO
2021-03-22,Learning Technologies Group,1,100000.0,1.6227,GBP,LTG.L
2021-03-22,Zur Rose Group Ag,1,500.0,332.5545,CHF,ROSE.SW
2021-03-24,Jeol Ltd,1,5000.0,109.81,JPY,6951.T
2021-03-25,Pva Tepla Ag,1,12000.0,24.4232,EUR,TPE.DE
2021-03-25,Ucb Sa,-1,3000.0,78.7875,EUR,UCB.BR
2021-04-01,Ucb Sa,-1,20.0,80.6,EUR,UCB.BR
2021-04-02,Raccoon Holdings I Npv,1,14000.0,2813.0,JPY,3031.T
2021-04-14,Adevinta Asa B,1,15000.0,145.9,NOK,ADE.OL
2021-04-20,Iqe Plc,-1,250000.0,0.56,GBP,IQE.L
2021-04-27,Publicis Groupe,-1,4235.0,53.65590083,EUR,PUB.PA
2021-04-28,Thk Co Ltd,-1,10050.0,3781.36819939,JPY,6481.T
2021-04-29,Pets At Home Group Plc,1,70000.0,4.3876,GBP,PETS.L
2021-04-30,Zur Rose Group Ag,1,500.0,305.25,CHF,ROSE.SW
2021-05-06,Pva Tepla Ag,1,10000.0,23.8055,EUR,TPE.DE
2021-05-07,Monotaro Co Ltd First Section,1,15000.0,2530.14666667,JPY,3064.T
2021-05-10,Amplifon Spa,-1,5000.0,35.2317,EUR,AMP.MI
2021-05-10,Stroeer SE and Co Kgaa,-1,3530.0,70.45,EUR,SAX.DE
2021-05-10,Nordic Semiconductor Asa,-1,10000.0,200.9567,NOK,NOD.OL
2021-05-11,Nordic Semiconductor Asa,-1,20000.0,193.281,NOK,NOD.OL
2021-05-11,Pva Tepla Ag,-1,22000.0,0.82453734,EUR,TPE.DE
2021-05-11,Tobii Ab,-1,30000.0,70.332,SEK,TOBII.ST
2021-05-11,Dustin Group Ab,-1,16200.0,100.9942,SEK,DUST.ST
2021-05-11,Boozt Ab,-1,10000.0,179.7248,SEK,BOOZT.ST
2021-05-11,Rakuten Group Inc A D R,-1,10000.0,11.7933,USD,RKUNY
2021-05-11,Zalando SE,-1,2090.0,82.43910048,EUR,ZAL.DE
2021-05-11,Watches Of Switzerland Group,-1,20000.0,6.7804,GBP,WOSG.L
2021-05-11,Publicis Groupe,-1,6000.0,54.9905,EUR,PUB.PA
2021-05-11,Basware Oyj Npv,-1,4100.0,36.8229,EUR,BAS1V.HE
2021-05-11,Slm Solutions Group Ag,-1,5000.0,16.8734,EUR,AM3D.DE
2021-05-11,Amplifon Spa,-1,10000.0,33.7827,EUR,AMP.MI
2021-05-12,Nippon Ceramic Npv,-1,2000.0,2742.4,JPY,6929.T
2021-05-12,Akiba Holding Co Ltd,-1,3000.0,0.84917756,EUR,6840.T
2021-05-13,Nippon Ceramic Npv,1,2000.0,2710.95,JPY,6929.T
2021-05-13,Akiba Holding Co Ltd,1,3000.0,6226.66666667,JPY,6840.T
2021-05-13,Advantest Corp Ord(Jp),-1,3000.0,9017.66666667,JPY,6857.T
2021-05-13,Lasertec Corp,-1,2000.0,16599.0,JPY,6920.T
2021-05-17,Adevinta Asa B,1,15000.0,133.49579997,NOK,ADE.OL
2021-05-18,Adyen Bv,1,136.0,1748.75441176,EUR,ADYEN.AS
2021-05-20,Nordic Semiconductor Asa,1,15000.0,0.81928438,EUR,NOD.OL
2021-05-24,Boozt Ab,1,10000.0,182.1054,SEK,BOOZT.ST
2021-05-24,Asos Plc,1,5000.0,0.820762,EUR,ASC.L
2021-05-26,Kahoot Asa,1,50000.0,66.4536,NOK,KAHOT.OL
2021-05-26,Blackberry Ltd,1,75000.0,9.4394,USD,BB
2021-06-08,Blackberry Ltd,-1,75000.0,16.7337,USD,BB
2021-06-09,Kahoot Asa,1,50000.0,65.9039,NOK,KAHOT.OL
2021-06-09,Ocado Group Plc,1,10000.0,19.1474,GBP,OCDO.L
2021-06-09,Zalando SE,1,2000.0,95.1324,EUR,ZAL.DE
2021-06-11,Boku Inc,1,325000.0,110.2,JPY,BOKU.L
2021-06-16,Pva Tepla Ag,1,15000.0,22.75,EUR,TPE.DE
2021-06-16,Musti Group Oy,1,2050.0,30.93653855,EUR,MUSTI.HE
2021-06-16,Musti Group Oy,1,10000.0,6.345939,EUR,MUSTI.HE
2021-06-17,Musti Group Oy,1,7950.0,30.46036701,EUR,MUSTI.HE
2021-06-17,Musti Group Oy,1,7950.0,29.95759073,EUR,MUSTI.HE
2021-06-22,Adevinta Asa B,-1,15000.0,166.8657,NOK,ADE.OL
2021-06-22,Dustin Group Ab,-1,30000.0,103.3305,SEK,DUST.ST
2021-06-23,Alk Abello A S,-1,600.0,110.93,JPY,ALK-B.CO
2021-06-23,Amplifon Spa,-1,5000.0,40.0684,EUR,AMP.MI
2021-06-25,Ds Smith Plc,-1,25000.0,4.22,GBP,SMDS.L
2021-06-25,Learning Technologies Group,-1,50000.0,1.8661,GBP,LTG.L
2021-06-25,Interroll Holding Ag,-1,100.0,3685.0,CHF,INRN.SW
2021-06-28,Raccoon Holdings I Npv,1,12000.0,8.51881,SEK,3031.T
2021-06-30,Adevinta Asa B,-1,11000.0,0.845655,EUR,ADE.OL
2021-07-20,Tobii Ab,1,20000.0,64.2112,SEK,TOBII.ST
2021-07-21,Kahoot Asa,1,100000.0,40.8819,NOK,KAHOT.OL
2021-07-23,Boozt Ab,1,10000.0,189.9403,SEK,BOOZT.ST
2021-07-29,Materialise Nv A D R,1,20000.0,22.687738,USD,MTLS
2021-08-03,Solaredge Technologies Inc,1,900.0,295.7118,USD,SEDG
2021-08-11,Hugo Boss Ag,-1,5000.0,51.739,EUR,BOSS.DE
2021-08-11,Infineon Technologies A G,-1,11060.0,35.2127,EUR,IFX.DE
2021-08-12,Alk Abello A S,-1,600.0,2953.5167,DKK,ALK-B.CO
2021-08-19,Asm International N V,-1,1000.0,0.852859,EUR,ASM.AS
2021-08-20,Hugo Boss Ag,-1,5000.0,47.6093,EUR,BOSS.DE
2021-08-20,Asm International N V,-1,1000.0,314.2004,EUR,ASM.AS
2021-08-24,Tobii Ab,1,30000.0,61.8324,SEK,TOBII.ST
2021-08-27,Materialise Nv A D R,1,10000.0,109.89,JPY,MTLS
2021-08-27,Jazz Pharmaceuticals Plc,1,1000.0,133.461,USD,JAZZ
2021-08-27,Solaredge Technologies Inc,1,900.0,292.548,USD,SEDG
2021-08-27,Blackberry Ltd,1,25000.0,11.3115,USD,BB
2021-08-27,Taiwan Semiconductor A D R,1,2000.0,118.5113,USD,TSM
2021-08-30,Adevinta Asa B,1,10000.0,184.2795,NOK,ADE.OL
2021-08-30,Fnac Darty,1,7000.0,57.4101,EUR,FNAC.PA
2021-08-30,Musti Group Oy,1,5000.0,33.7459,EUR,MUSTI.HE
2021-08-30,Amplifon Spa,1,5000.0,43.9623,EUR,AMP.MI
2021-08-30,Zalando SE,1,3000.0,95.5367,EUR,ZAL.DE
2021-08-30,Pva Tepla Ag,1,8997.0,34.01010003,EUR,TPE.DE
2021-08-30,Biocartis Nv,1,24144.0,4.14,EUR,BCART.BR
2021-08-30,Alk Abello A S,1,400.0,3069.64000002,DKK,ALK-B.CO
2021-08-31,Jeol Ltd,1,5000.0,7844.8,JPY,6951.T
2021-08-31,Yahoo Japan Corporation,1,50000.0,698.0,JPY,4689.T
2021-08-31,Uuum Inc,1,10000.0,1397.68,JPY,3990.T
2021-08-31,Rakuten Group Inc,1,30000.0,1120.00000034,JPY,4755.T
2021-08-31,Nidec Corp,1,2000.0,12565.0,JPY,6594.T
2021-08-31,Mercari Inc,1,5000.0,5310.0,JPY,4385.T
2021-08-31,Japan Elevator Ser,1,10000.0,2885.53,JPY,6544.T
2021-08-31,Pets At Home Group Plc,1,30000.0,5.07169987,GBP,PETS.L
2021-08-31,Frontier Developments Plc,1,10000.0,27.8827,GBP,FDEV.L
2021-08-31,Ds Smith Plc,1,30000.0,4.4446,GBP,SMDS.L
2021-08-31,Aston Martin Lagonda Gbl Hldgs Plc O,1,10000.0,19.6283,GBP,AML.L
2021-08-31,Asos Plc,1,4000.0,39.4189,GBP,ASC.L
2021-08-31,Pva Tepla Ag,1,1003.0,34.2615,EUR,TPE.DE
2021-08-31,Biocartis Nv,1,15856.0,4.2874,EUR,BCART.BR
2021-08-31,Disco Corporation,1,1000.0,31500.0,JPY,6146.T
2021-09-02,Musti Group Oy,1,10000.0,34.1691,EUR,MUSTI.HE
2021-09-02,Slm Solutions Group Ag,1,15000.0,23.1286,EUR,AM3D.DE
2021-09-03,Adevinta Asa B,1,10000.0,166.993,NOK,ADE.OL
2021-09-09,Blackberry Ltd,1,50000.0,10.917,USD,BB
2021-09-13,Biocartis Nv,-1,2669.0,3.9385,EUR,BCART.BR
2021-09-14,Biocartis Nv,-1,14933.0,3.8665,EUR,BCART.BR
2021-09-15,Biocartis Nv,-1,35703.0,3.7564,EUR,BCART.BR
2021-09-16,Biocartis Nv,-1,8374.0,3.7799,EUR,BCART.BR
2021-09-17,Biocartis Nv,-1,5771.0,3.8009,EUR,BCART.BR
2021-09-20,Ocado Group Plc,1,10000.0,16.5589,GBP,OCDO.L
2021-09-20,Biocartis Nv,-1,6644.0,3.7556,EUR,BCART.BR
2021-09-21,Biocartis Nv,-1,8821.0,3.7544,EUR,BCART.BR
2021-09-22,Biocartis Nv,-1,10553.0,3.7141,EUR,BCART.BR
2021-09-22,Orpea,1,4000.0,103.8331,EUR,ORP.PA
2021-09-22,Pets At Home Group Plc,1,50000.0,5.1321,GBP,PETS.L
2021-09-22,Basware Oyj Npv,1,752.0,33.0961,EUR,BAS1V.HE
2021-09-22,Watches Of Switzerland Group,1,20000.0,9.9895,GBP,WOSG.L
2021-09-22,Boozt Ab,1,20000.0,160.7228,SEK,BOOZT.ST
2021-09-23,Basware Oyj Npv,1,7248.0,34.7327,EUR,BAS1V.HE
2021-09-23,Biocartis Nv,-1,31632.0,3.84900006,EUR,BCART.BR
2021-09-28,Lumibird,1,8795.0,19.236,EUR,LBIRD.PA
2021-09-28,Adevinta Asa B,1,10000.0,8.779471,SEK,ADE.OL
2021-09-29,Lumibird,1,1205.0,19.22750207,EUR,LBIRD.PA
2021-09-30,Asos Plc,1,5000.0,30.5987,GBP,ASC.L
2021-10-05,Orpea,1,2000.0,99.3086,EUR,ORP.PA
2021-10-06,Advantest Corp Ord(Jp),1,5000.0,9397.4,JPY,6857.T
2021-10-07,Basware Oyj Npv,1,495.0,32.45339394,EUR,BAS1V.HE
2021-10-07,Ds Smith Plc,1,40000.0,3.8952,GBP,SMDS.L
2021-10-07,Asos Plc,1,8000.0,27.0761,GBP,ASC.L
2021-10-08,Accesso Technology Group Plc,1,25000.0,8.85,GBP,ACSO.L
2021-10-08,Ocado Group Plc,1,10000.0,16.0733,GBP,OCDO.L
2021-10-08,Basware Oyj Npv,1,2890.0,32.7564,EUR,BAS1V.HE
2021-10-11,Comture Corp,1,10000.0,2930.2,JPY,3844.T
2021-10-11,Cyberagent Inc Npv,1,10000.0,2098.0,JPY,4751.T
2021-10-11,Japan Elevator Ser,1,10000.0,2408.23,JPY,6544.T
2021-10-11,Raccoon Holdings I Npv,1,30000.0,1547.7733,JPY,3031.T
2021-10-11,Rakuten Group Inc,1,25000.0,1099.0,JPY,4755.T
2021-10-11,Orpea,1,3000.0,89.206,EUR,ORP.PA
2021-10-11,Basware Oyj Npv,1,1615.0,32.3253,EUR,BAS1V.HE
2021-10-11,Aston Martin Lagonda Gbl Hldgs Plc O,1,10000.0,17.5745,GBP,AML.L
2021-10-12,Amplifon Spa,1,5000.0,41.0033,EUR,AMP.MI
2021-10-12,Alk Abello A S,1,800.0,2752.5888,DKK,ALK-B.CO
2021-10-12,Alk Abello A S,1,800.0,2752.5888,DKK,ALK-B.CO
2021-10-13,Future Plc Shs,1,10000.0,48.74469334,USD,FUTR.L
2021-10-13,Blackberry Ltd,1,50000.0,9.6873,USD,BB
2021-10-13,Fnac Darty,1,4000.0,55.4188,EUR,FNAC.PA
2021-10-13,Dermapharm Hldg,1,5000.0,81.9208,EUR,DMP.DE
2021-10-13,Ocado Group Plc,1,20000.0,16.9361,GBP,OCDO.L
2021-10-13,Ds Smith Plc,1,40000.0,3.8472,GBP,SMDS.L
2021-10-13,Aston Martin Lagonda Gbl Hldgs Plc O,1,25000.0,17.7929,GBP,AML.L
2021-10-14,B H P Billiton Limited A D R,1,11000.0,56.9064,USD,BHP
2021-10-14,Stmicroelectronics N V,1,10000.0,42.02,USD,STM
2021-10-14,Rio Tinto Plc A D R,1,10000.0,70.5581,USD,RIO
2021-10-14,Raysearch Laboratories Ab,1,3056.0,58.03010144,SEK,RAY.ST
2021-10-14,Nordic Semiconductor Asa,1,10000.0,272.2336,NOK,NOD.OL
2021-10-14,Boku Inc,1,125000.0,1.85,GBP,BOKU.L
2021-10-14,Slm Solutions Group Ag,1,10000.0,17.8169,EUR,AM3D.DE
2021-10-15,Raysearch Laboratories Ab,1,4518.0,58.70339973,SEK,RAY.ST
2021-10-18,Raysearch Laboratories Ab,1,1191.0,58.37560034,SEK,RAY.ST
2021-10-19,Raysearch Laboratories Ab,1,3891.0,58.4136,SEK,RAY.ST
2021-10-20,Vitec Software Group Ab B Sh,1,10000.0,471.3555,SEK,VITB.ST
2021-10-20,Jazz Pharmaceuticals Plc,1,3000.0,145.0,USD,JAZZ
2021-10-20,Materialise Nv A D R,1,15000.0,23.24,USD,MTLS
2021-10-20,Raysearch Laboratories Ab,1,5475.0,58.71170046,SEK,RAY.ST
2021-10-20,Capital Counties Properties Plc,1,100000.0,1.579,GBP,CAPC.L
2021-10-20,Learning Technologies Group,1,100000.0,2.1162,GBP,LTG.L
2021-10-21,Disco Corporation,1,1000.0,30750.0,JPY,6146.T
2021-10-21,Raysearch Laboratories Ab,1,6428.0,59.6761,SEK,RAY.ST
2021-10-21,Lasertec Corp,1,1000.0,25800.0,JPY,6920.T
2021-10-22,Raysearch Laboratories Ab,1,5441.0,60.34600074,SEK,RAY.ST
2021-10-26,Yahoo Japan Corporation,1,50000.0,690.9,JPY,4689.T
2021-10-26,Nidec Corp,1,4000.0,12600.0,JPY,6594.T
2021-10-26,Gvc Holdings Plc,1,10000.0,0.726258,GBP,GVC.L
2021-10-27,Frontier Developments Plc,1,10000.0,0.732154,GBP,FDEV.L
2021-10-29,Pva Tepla Ag,1,10000.0,39.3211,EUR,TPE.DE
2021-11-04,Hugo Boss Ag,1,10000.0,54.9108,EUR,BOSS.DE
2021-11-04,Monotaro Co Ltd First Section,1,15000.0,2360.0,JPY,3064.T
2021-11-05,Kahoot Asa,1,50000.0,47.0291,NOK,KAHOT.OL
2021-11-05,Pva Tepla Ag,1,8000.0,39.5568,EUR,TPE.DE
2021-11-05,Grupo Aeroportuario Sure Spon A D R,1,3500.0,206.5943,USD,ASR
2021-11-15,Solaredge Technologies Inc,-1,1600.0,364.0345,USD,SEDG
2021-11-17,B H P Billiton Limited A D R,-1,20000.0,52.8025,USD,BHP
2021-11-17,Rio Tinto Plc A D R,-1,18000.0,60.7959,USD,RIO
2021-11-18,Mister Spex SE Npv,1,4500.0,13.9051,EUR,MRX.DE
2021-11-19,Cyberagent Inc Npv,1,20000.0,2217.0,JPY,4751.T
2021-11-22,Moonpig Group Plc Ord,-1,24362.0,3.36179993,GBP,MOON.L
2021-11-23,Moonpig Group Plc Ord,-1,33228.0,3.304,GBP,MOON.L
2021-11-23,Slm Solutions Group Ag,1,7803.0,16.3788,EUR,AM3D.DE
2021-11-24,Mister Spex SE Npv,1,40500.0,12.5593,EUR,MRX.DE
2021-11-24,Slm Solutions Group Ag,1,2197.0,16.1008,EUR,AM3D.DE
2021-11-24,Moonpig Group Plc Ord,-1,47410.0,3.3048,GBP,MOON.L
2021-12-02,Gvc Holdings Plc,1,15000.0,16.5152,GBP,GVC.L
2021-12-02,Zalando SE,1,3000.0,76.4599,EUR,ZAL.DE
2021-12-06,Raccoon Holdings I Npv,-1,56000.0,1082.7479,JPY,3031.T
2021-12-08,Mercadolibre Inc,1,500.0,1205.4019,USD,MELI
2021-12-08,Orpea,1,3000.0,83.2494,EUR,ORP.PA
2021-12-08,Hugo Boss Ag,1,5000.0,113.44,JPY,BOSS.DE
2021-12-10,Stmicroelectronics N V,-1,20100.0,48.1943,USD,STM
2021-12-17,Umicore,-1,10030.0,35.3,EUR,UMI.BR
2021-12-20,Mercadolibre Inc,1,250.0,1192.8262,USD,MELI
2021-12-22,Uuum Inc,-1,29030.0,733.57247675,JPY,3990.T
2021-12-27,Pva Tepla Ag,-1,10000.0,41.4439,EUR,TPE.DE
2021-12-27,Blackberry Ltd,-1,60000.0,9.362,USD,BB
2021-12-27,Jazz Pharmaceuticals Plc,-1,2000.0,128.0757,USD,JAZZ
2021-12-30,Nordic Semiconductor Asa,-1,10000.0,297.0175,NOK,NOD.OL
2021-12-30,Boku Inc,-1,45000.0,1.653,GBP,BOKU.L
2021-12-30,Materialise Nv A D R,-1,10000.0,24.6387,USD,MTLS
2021-12-30,Fnac Darty,-1,5000.0,56.5825,EUR,FNAC.PA
2021-12-31,Nidec Corp,-1,3000.0,13555.59933333,JPY,6594.T
2021-12-31,Boku Inc,-1,10000.0,1.641,GBP,BOKU.L
2022-01-04,Watches Of Switzerland Group,-1,10000.0,15.7909,GBP,WOSG.L
2022-01-04,Vitec Software Group Ab B Sh,-1,1977.0,534.5706,SEK,VITB.ST
2022-01-05,Vitec Software Group Ab B Sh,-1,3123.0,536.5046,SEK,VITB.ST
2022-01-12,Future Plc,-1,10000.0,35.0364,GBP,FUTR.L
2022-01-12,Raysearch Laboratories Ab,-1,6145.0,51.4954,SEK,RAY.ST
2022-01-12,Dermapharm Hldg,-1,6000.0,75.8457,EUR,DMP.DE
2022-01-12,Aston Martin Lagonda Gbl Hldgs Plc O,-1,25000.0,14.1082,GBP,AML.L
2022-01-13,Raysearch Laboratories Ab,-1,4574.0,50.5204,SEK,RAY.ST
2022-01-14,Raysearch Laboratories Ab,-1,12025.0,49.4626,SEK,RAY.ST
2022-01-17,Rakuten Group Inc,-1,30000.0,1092.0,JPY,4755.T
2022-01-17,Cyberagent Inc Npv,-1,30120.0,1807.45288845,JPY,4751.T
2022-01-17,Raysearch Laboratories Ab,-1,16845.0,47.8042,SEK,RAY.ST
2022-01-18,Raysearch Laboratories Ab,-1,10280.0,46.4667,SEK,RAY.ST
2022-01-19,Raysearch Laboratories Ab,-1,8260.0,46.68130024,SEK,RAY.ST
2022-01-20,Raysearch Laboratories Ab,-1,14447.0,47.8417,SEK,RAY.ST
2022-01-21,Raysearch Laboratories Ab,-1,11568.0,46.46149983,SEK,RAY.ST
2022-01-21,Dermapharm Hldg,-1,2879.0,71.43500174,EUR,DMP.DE
2022-01-24,Capital Counties Properties Plc,-1,100000.0,1.7187,GBP,CAPC.L
2022-01-24,Boku Inc,-1,105000.0,1.62,GBP,BOKU.L
2022-01-24,Boozt Ab,-1,10000.0,159.7017,SEK,BOOZT.ST
2022-01-24,Zalando SE,-1,3000.0,64.5606,EUR,ZAL.DE
2022-01-24,Raysearch Laboratories Ab,-1,16056.0,9.3341,SEK,RAY.ST
2022-01-25,Disco Corporation,-1,1000.0,32600.0,JPY,6146.T
2022-01-25,Mercari Inc,-1,5000.0,4795.0,JPY,4385.T
2022-01-25,Advantest Corp Ord(Jp),-1,2000.0,9810.0,JPY,6857.T
2022-01-28,Orpea,1,10000.0,8.4001,SEK,ORP.PA
2022-01-31,Mercadolibre Inc,1,100.0,1106.01,USD,MELI
2022-02-01,Mister Spex SE Npv,1,4657.0,10.57100064,EUR,MRX.DE
2022-02-01,Mister Spex SE Npv,1,6111.0,10.57099984,EUR,MRX.DE
2022-02-01,Mister Spex SE Npv,1,1454.0,10.571,EUR,MRX.DE
2022-02-02,Mercadolibre Inc,1,200.0,1167.485,USD,MELI
2022-02-02,Mister Spex SE Npv,1,18889.0,10.6087,EUR,MRX.DE
2022-02-08,Ocado Group Plc,-1,10100.0,12.8798,GBP,OCDO.L
2022-02-08,Learning Technologies Group,-1,100000.0,1.61,GBP,LTG.L
2022-02-08,Adyen Bv,1,100.0,1621.543,EUR,ADYEN.AS
2022-02-08,Tobii Ab,1,13809.0,35.09799986,SEK,TOBII.ST
2022-02-09,Tobii Ab,1,16191.0,35.24199988,SEK,TOBII.ST
2022-02-22,Solaredge Technologies Inc,-1,2000.0,250.62,USD,SEDG
2022-02-22,Entain Plc,-1,15000.0,16.4437,GBP,ENT.L
2022-02-22,Frontier Developments Plc,-1,10000.0,12.0,GBP,FDEV.L
2022-02-23,Ocado Group Plc,-1,10000.0,13.299,GBP,OCDO.L
2022-02-23,Ds Smith Plc,-1,50000.0,3.6342,GBP,SMDS.L
2022-02-24,Z Holdings Corp,-1,50000.0,545.5,JPY,4689.T
2022-02-25,Boku Inc,1,100000.0,1.37,GBP,BOKU.L
2022-02-25,Zalando SE,1,3000.0,55.2757,EUR,ZAL.DE
2022-03-01,Monotaro Co Ltd First Section,-1,15000.0,2180.0,JPY,3064.T
2022-03-01,Entain Plc,-1,20000.0,15.807,GBP,ENT.L
2022-03-03,Dermapharm Hldg,-1,4121.0,60.8075,EUR,DMP.DE
2022-03-04,Ebro Foods Sa,1,20000.0,17.0361,EUR,EBRO.MC
2022-03-08,Vitec Software Group Ab B Sh,-1,3000.0,383.0081,SEK,VITB.ST
2022-03-08,Asos Plc,-1,6415.0,17.02559938,GBP,ASC.L
2022-03-08,Zalando SE,-1,2400.0,44.745,EUR,ZAL.DE
2022-03-08,Aston Martin Lagonda Gbl Hldgs Plc O,-1,12000.0,7.7701,GBP,AML.L
2022-03-08,Tobii Ab,-1,24000.0,27.5196,SEK,TOBII.ST
2022-03-08,Boku Inc,-1,10000.0,1.18,GBP,BOKU.L
2022-03-08,Amplifon Spa,-1,3000.0,37.7588,EUR,AMP.MI
2022-03-08,Future Plc,-1,8030.0,22.87,GBP,FUTR.L
2022-03-08,Frontier Developments Plc,-1,6000.0,11.78,GBP,FDEV.L
2022-03-08,Boozt Ab,-1,10000.0,135.3168,SEK,BOOZT.ST
2022-03-08,Learning Technologies Group,-1,60000.0,1.4897,GBP,LTG.L
2022-03-08,Capital Counties Properties Plc,-1,50000.0,1.5173,GBP,CAPC.L
2022-03-08,Watches Of Switzerland Group,-1,10000.0,9.589,GBP,WOSG.L
2022-03-08,Zoo Digital Group,-1,5000.0,1.0,GBP,ZOO.L
2022-03-08,Ocado Group Plc,-1,12000.0,11.4166,GBP,OCDO.L
2022-03-08,Zur Rose Group Ag,-1,600.0,134.8187,CHF,ROSE.SW
2022-03-08,Mercadolibre Inc,-1,210.0,935.72,USD,MELI
2022-03-08,Grupo Aeroportuario Sure Spon A D R,-1,700.0,183.389,USD,ASR
2022-03-08,Jazz Pharmaceuticals Plc,-1,1000.0,155.2726,USD,JAZZ
2022-03-08,Taiwan Semiconductor A D R,-1,1600.0,99.5114,USD,TSM
2022-03-08,Materialise Nv A D R,-1,7000.0,19.0165,USD,MTLS
2022-03-08,Blackberry Ltd,-1,28000.0,6.3671,USD,BB
2022-03-08,Pets At Home Group Plc,-1,30000.0,3.53,GBP,PETS.L
2022-03-08,Tobii Dynavox Ab Npv,-1,18000.0,19.5828,SEK,TDVOX.ST
2022-03-08,Pva Tepla Ag,-1,6600.0,20.4399,EUR,TPE.DE
2022-03-08,Alk Abello A S,-1,400.0,2648.435,DKK,ALK-B.CO
2022-03-08,Comture Corp,-1,6000.0,2981.34166667,JPY,3844.T
2022-03-08,Disco Corporation,-1,600.0,28130.0,JPY,6146.T
2022-03-08,Monotaro Co Ltd First Section,-1,6000.0,2244.0,JPY,3064.T
2022-03-08,Z Holdings Corp,-1,20000.0,491.0,JPY,4689.T
2022-03-08,Nidec Corp,-1,2000.0,8998.0,JPY,6594.T
2022-03-08,Cyberagent Inc Npv,-1,5000.0,1333.0,JPY,4751.T
2022-03-08,Japan Elevator Ser,-1,10000.0,1455.27,JPY,6544.T
2022-03-08,Adevinta Asa B,-1,10000.0,89.6921,NOK,ADE.OL
2022-03-08,Kahoot Asa,-1,50000.0,23.3312,NOK,KAHOT.OL
2022-03-08,Nordic Semiconductor Asa,-1,4500.0,222.0389,NOK,NOD.OL
2022-03-08,Adyen Bv,-1,80.0,1495.91,EUR,ADYEN.AS
2022-03-08,Rakuten Group Inc,-1,1300.0,900.0,JPY,4755.T
2022-03-08,Entain Plc,-1,6000.0,14.48,GBP,ENT.L
2022-03-08,Orpea,-1,4400.0,34.9153,EUR,ORP.PA
2022-03-08,Lumibird,-1,6600.0,18.8536,EUR,LBIRD.PA
2022-03-08,Hugo Boss Ag,-1,3000.0,44.0863,EUR,BOSS.DE
2022-03-08,Fnac Darty,-1,3000.0,43.4244,EUR,FNAC.PA
2022-03-08,Mister Spex SE Npv,-1,14000.0,9.1008,EUR,MRX.DE
2022-03-08,Slm Solutions Group Ag,-1,10000.0,12.0424,EUR,AM3D.DE
2022-03-08,Ds Smith Plc,-1,30000.0,2.9826,GBP,SMDS.L
2022-03-08,Musti Group Oy,-1,5000.0,20.6014,EUR,MUSTI.HE
2022-03-08,Basware Oyj Npv,-1,4400.0,21.0056,EUR,BAS1V.HE
2022-03-08,Accesso Technology Group Plc,-1,20000.0,6.7127,GBP,ACSO.L
2022-03-09,Jazz Pharmaceuticals Plc,-1,4000.0,155.0252,USD,JAZZ
2022-03-09,Ebro Foods Sa,-1,20000.0,16.1195,EUR,EBRO.MC
2022-03-09,Boku Inc,-1,68000.0,1.1559,GBP,BOKU.L
2022-03-09,Zoo Digital Group,-1,10000.0,1.005,GBP,ZOO.L
2022-03-09,Pets At Home Group Plc,-1,20000.0,3.6958,GBP,PETS.L
2022-03-16,Asml Holding Nv Ny Reg Shs,1,700.0,622.9358,USD,ASML
2022-03-28,Zur Rose Group Ag,-1,2400.0,114.1271,CHF,ROSE.SW
2022-03-28,Alk Abello A S Ser B,-1,400.0,147.0013,DKK,ALK-B.CO
2022-03-29,Tobii Dynavox Ab Npv,-1,28192.0,21.9097,SEK,TDVOX.ST
2022-03-30,Tobii Dynavox Ab Npv,-1,43808.0,21.619,SEK,TDVOX.ST
2022-04-04,Nutrien Ltd,1,5000.0,104.91,USD,NTR
2022-04-04,Japan Elevator Ser,-1,31000.0,1615.81767742,JPY,6544.T
2022-04-04,Capital Counties Properties Plc,-1,200638.0,1.70200002,GBP,CAPC.L
2022-04-04,Uuum Inc,1,30000.0,1305.4457,JPY,3990.T
2022-04-05,Blackberry Ltd,-1,62000.0,7.01,USD,BB
2022-04-06,Nutrien Ltd,1,2000.0,102.4789,USD,NTR
2022-04-08,Ocado Group Plc,-1,8000.0,12.3425,GBP,OCDO.L
2022-04-08,Uuum Inc,1,15000.0,1266.638,JPY,3990.T
2022-04-08,Ebro Foods Sa,1,1327.0,16.3686737,EUR,EBRO.MC
2022-04-11,Ebro Foods Sa,1,7339.0,16.3924,EUR,EBRO.MC
2022-04-12,Ebro Foods Sa,1,11334.0,16.28679989,EUR,EBRO.MC
2022-04-14,Basware Oyj Npv,-1,17600.0,39.6,EUR,BAS1V.HE
2022-04-14,Cresud S A Spon A D R,1,30000.0,9.2143,USD,CRESY
2022-04-19,Cresud S A Spon A D R,1,30000.0,9.5882,USD,CRESY
2022-04-27,Cresud S A Spon A D R,1,20000.0,7.9868,USD,CRESY
2022-04-27,Ebro Foods Sa,1,5660.0,16.737,EUR,EBRO.MC
2022-04-28,Ebro Foods Sa,1,4340.0,17.05529954,EUR,EBRO.MC
2022-04-28,Nordic Semiconductor Asa,1,15000.0,0.800225,GBP,NOD.OL
2022-05-02,Advantest Corp Ord(Jp),-1,4000.0,8870.0,JPY,6857.T
2022-05-04,Materialise Nv A D R,1,5000.0,17.2672,USD,MTLS
2022-05-04,Watches Of Switzerland Group,1,10000.0,9.6225,GBP,WOSG.L
2022-05-05,Zalando SE,1,3400.0,33.8615,EUR,ZAL.DE
2022-05-06,Slm Solutions Group Ag,1,28.0,10.3887,EUR,AM3D.DE
2022-05-06,Slm Solutions Group Ag,1,6538.0,10.38869991,EUR,AM3D.DE
2022-05-06,Slm Solutions Group Ag,1,6510.0,10.38870046,EUR,AM3D.DE
2022-05-09,Slm Solutions Group Ag,1,2361.0,10.24779896,EUR,AM3D.DE
2022-05-09,Jeol Ltd,-1,5050.0,5905.44534653,JPY,6951.T
2022-05-09,Slm Solutions Group Ag,1,3462.0,10.24779896,EUR,AM3D.DE
2022-05-09,Slm Solutions Group Ag,1,1101.0,10.2478,EUR,AM3D.DE
2022-05-11,Mercadolibre Inc,1,140.0,716.18,USD,MELI
2022-05-11,Mister Spex SE Npv,1,14000.0,5.6005,EUR,MRX.DE
2022-05-12,Comture Corp,-1,6080.0,2725.10855263,JPY,3844.T
2022-05-12,Z Holdings Corp,-1,30500.0,430.1,JPY,4689.T
2022-05-12,Disco Corporation,-1,2360.0,31400.0,JPY,6146.T
2022-05-12,Nidec Corp,-1,3000.0,8116.0,JPY,6594.T
2022-05-13,Raysearch Laboratories Ab,1,4000.0,59.889,SEK,RAY.ST
2022-05-16,Advantest Corp Ord(Jp),-1,4000.0,8791.425,JPY,6857.T
2022-05-16,Subaru Corporation,1,30000.0,2160.2593,JPY,7270.T
2022-05-17,Raysearch Laboratories Ab,1,10747.0,68.84970038,SEK,RAY.ST
2022-05-18,Raysearch Laboratories Ab,1,13278.0,68.51209971,SEK,RAY.ST
2022-05-18,Orpea,-1,17600.0,24.8922,EUR,ORP.PA
2022-05-18,Raysearch Laboratories Ab,1,16058.0,68.51209989,SEK,RAY.ST
2022-05-18,Raysearch Laboratories Ab,1,2780.0,68.51209989,SEK,RAY.ST
2022-05-19,Raysearch Laboratories Ab,1,13195.0,0.940084,EUR,RAY.ST
2022-05-20,Watches Of Switzerland Group,1,10000.0,9.1016,GBP,WOSG.L
2022-05-23,Mercadolibre Inc,1,240.0,776.5534,USD,MELI
2022-05-24,Mercadolibre Inc,1,120.0,715.065,USD,MELI
2022-05-24,Watches Of Switzerland Group,1,10000.0,9.0961,GBP,WOSG.L
2022-05-26,Uuum Inc,1,5000.0,1256.46,JPY,3990.T
2022-05-27,Watches Of Switzerland Group,1,10000.0,9.49,GBP,WOSG.L
2022-05-27,Tobii Ab,1,24000.0,128.9,JPY,TOBII.ST
2022-06-13,Mercadolibre Inc,1,100.0,622.96,USD,MELI
2022-06-14,Cyberagent Inc Npv,-1,16000.0,1299.0,JPY,4751.T
2022-06-27,Fnac Darty,-1,3000.0,42.2103,EUR,FNAC.PA
2022-06-27,Taiwan Semiconductor A D R,-1,1450.0,87.0,USD,TSM
2022-06-28,Uuum Inc,-1,10000.0,1387.988,JPY,3990.T
2022-07-06,Raysearch Laboratories Ab,1,1026.0,60.87469786,SEK,RAY.ST
2022-07-06,Hugo Boss Ag Npv Regd,-1,2000.0,50.4789,EUR,BOSS.DE
2022-07-06,Ebro Foods Sa,-1,5000.0,15.9513,EUR,EBRO.MC
2022-07-06,Raysearch Laboratories Ab,1,1586.0,60.8747,SEK,RAY.ST
2022-07-06,Raysearch Laboratories Ab,1,560.0,60.8747,SEK,RAY.ST
2022-07-07,Taiwan Semiconductor A D R,1,2000.0,78.67,USD,TSM
2022-07-07,Raysearch Laboratories Ab,1,3922.0,62.86770015,SEK,RAY.ST
2022-07-07,Lumibird,-1,6000.0,19.15,EUR,LBIRD.PA
2022-07-08,Raysearch Laboratories Ab,1,4771.0,64.91719975,SEK,RAY.ST
2022-07-11,Watches Of Switzerland Group,1,20000.0,7.5714,GBP,WOSG.L
2022-07-11,Raysearch Laboratories Ab,1,5719.0,64.73649939,SEK,RAY.ST
2022-07-12,Raysearch Laboratories Ab,1,4002.0,63.8848001,SEK,RAY.ST
2022-07-13,Ebro Foods Sa,-1,12799.0,15.51969998,EUR,EBRO.MC
2022-07-14,Ebro Foods Sa,-1,12201.0,15.38870011,EUR,EBRO.MC
2022-07-14,Olympus Corp,1,11000.0,2650.0,JPY,7733.T
2022-08-02,Mercari Inc,-1,12000.0,2408.0,JPY,4385.T
2022-08-09,Suzuki Motor Corp Ord,1,7000.0,4702.0,JPY,7269.T
2022-08-11,Pva Tepla Ag,-1,12000.0,21.287,EUR,TPE.DE
2022-08-12,Stroeer SE and Co Kgaa,1,5000.0,46.0242,EUR,SAX.DE
2022-08-16,Hugo Boss Ag Npv Regd,-1,2000.0,57.7214,EUR,BOSS.DE
2022-08-16,Adyen Bv,-1,100.0,1860.412,EUR,ADYEN.AS
2022-08-16,Pva Tepla Ag,-1,14400.0,21.6088,EUR,TPE.DE
2022-08-16,Zoo Digital Group,-1,10000.0,1.4,GBP,ZOO.L
2022-08-22,Taiwan Semiconductor A D R,-1,7000.0,85.29,USD,TSM
2022-08-24,Cresud S A Spon A D R,1,14661.0,6.6308,USD,CRESY
2022-08-25,Cresud S A Spon A D R,1,25339.0,6.91070011,USD,CRESY
2022-09-02,Watches Of Switzerland Group,1,20000.0,1.0,GBP,WOSG.L
2022-09-02,Slm Solutions Group Ag,-1,50000.0,19.7,EUR,AM3D.DE
2022-09-02,Compagnie De Saint Gobain,1,5000.0,41.04,EUR,SGO.PA
2022-09-09,Farfetch Ltd Class A,1,25000.0,10.4976,USD,FTCH
2022-09-12,Compagnie De Saint Gobain,1,5000.0,42.61,EUR,SGO.PA
2022-09-13,Onward Medical Nv,1,20000.0,7.6426,EUR,ONWD.BR
2022-09-13,Onward Medical Nv,1,20000.0,7.6426,EUR,ONWD.BR
2022-09-15,Materialise Nv A D R,1,10000.0,11.8841,USD,MTLS
2022-09-20,Zoo Digital Group,-1,10000.0,1.41,GBP,ZOO.L
2022-09-20,Future Plc Ord,1,8000.0,13.84,GBP,FUTR.L
2022-09-21,Zoo Digital Group,-1,30000.0,1.41,GBP,ZOO.L
2022-09-22,Zoo Digital Group,-1,35000.0,1.41,GBP,ZOO.L
2022-09-28,Aston Martin Lagon Ord,1,192000.0,1.03,GBP,AML.L
2022-10-03,Nemetschek SE Npv,1,4000.0,48.7679,EUR,NEM.DE
2022-10-04,Farfetch Ltd Class A,1,15000.0,8.27,USD,FTCH
2022-10-13,Solaredge Technologies Inc,1,1000.0,195.1902,USD,SEDG
2022-10-19,Asos Plc,-1,25660.0,0.8648704,GBP,ASC.L
2022-10-26,Zoo Digital Group,-1,25000.0,1.525,GBP,ZOO.L
2022-10-27,Nemetschek SE Npv,1,1214.0,0.8674937,GBP,NEM.DE
2022-10-27,Nemetschek SE Npv,1,4000.0,49.464,EUR,NEM.DE
2022-10-27,Zoo Digital Group,-1,45000.0,1.53,GBP,ZOO.L
2022-10-27,Nemetschek SE Npv,1,2786.0,49.464,EUR,NEM.DE
2022-10-31,Alk Abello A S Ser B,-1,10000.0,126.6175,DKK,ALK-B.CO
2022-11-04,Nordic Semiconductor Asa,-1,3000.0,146.975,NOK,NOD.OL
2022-11-04,Accesso Technology Group Plc,-1,9147.0,6.2999,GBP,ACSO.L
2022-11-04,Zoo Digital Group,-1,15000.0,1.67,GBP,ZOO.L
2022-11-08,Ds Smith Plc,-1,30000.0,2.9947,GBP,SMDS.L
2022-11-08,Accesso Technology Group Plc,-1,853.0,6.45600234,GBP,ACSO.L
2022-11-09,Fnac Darty,-1,9000.0,32.2297,EUR,FNAC.PA
2022-11-09,Accesso Technology Group Plc,-1,20000.0,6.4515,GBP,ACSO.L
2022-11-11,Asml Holding Nv Ny Reg Shs,-1,700.0,560.78,USD,ASML
2022-11-16,Cyberagent Inc Npv,1,15000.0,1212.0,JPY,4751.T
2022-11-18,Ryanair Ltd,1,15000.0,12.837,EUR,RYAAY
2022-11-30,Moncler Spa,1,5000.0,48.82,EUR,MONC.MI
2022-12-01,Farfetch Ltd Class A,1,15000.0,6.285,USD,FTCH
2022-12-13,Future Plc Ord,1,10000.0,13.165,GBP,FUTR.L
2022-12-15,Accesso Technology Group Plc,-1,10000.0,7.9271,GBP,ACSO.L
2022-12-15,Grupo Aeroportuario Sure Spon A D R,-1,800.0,245.5006,USD,ASR
2022-12-15,Aston Martin Lagonda Gbl Hldgs Plc O,-1,100000.0,1.6485,GBP,AML.L
2022-12-23,Frontier Developments Plc,1,9191.0,9.42710042,GBP,FDEV.L
2022-12-28,Lumibird,-1,5000.0,16.0225,EUR,LBIRD.PA
2022-12-28,Aston Martin Lagonda Gbl Hldgs Plc O,-1,40000.0,1.5033,GBP,AML.L
2022-12-28,Frontier Developments Plc,1,809.0,9.55889988,GBP,FDEV.L
