Trade_Date,Clean_Name,Ticker,Action,Qty,Price,Currency,FX_Rate_to_USD,Price_USD,Transaction_Value_USD
2018-04-02,Blackberry Ltd,BB,1,300.0,10.7283,USD,1.0,10.7283,3218.49
2018-04-02,Nokia Corp Spon A D R,NOK,1,400.0,5.37,USD,1.0,5.37,2148.0
2018-04-03,Shopify Inc A,SHOP,1,20.0,120.91,USD,1.0,120.91,2418.2
2018-04-03,Fanuc Corporation A D R,FANUY,1,100.0,24.7,USD,1.0,24.7,2470.0
2018-04-03,Ferrari Nv,RACE,1,10.0,121.2,USD,1.0,121.2,1212.0
2018-04-03,Ams Ag,AMS.SW,1,20.0,97.78,CHF,1.04712,102.3874,2047.75
2018-04-03,Biocartis Nv,BCART.BR,1,150.0,12.2641,EUR,1.229271,15.0759,2261.39
2018-04-03,Ucb Sa,UCB.BR,1,20.0,65.7,EUR,1.229271,80.7631,1615.26
2018-04-04,Umicore,UMI.BR,1,30.0,41.4,EUR,1.227853,50.8331,1524.99
2018-04-04,Schibsted Asa A-Shares,SCHA.OL,1,100.0,210.0,NOK,0.127679,26.8127,2681.27
2018-04-04,Raysearch Laboratories Ab,RAY.ST,1,100.0,120.526,SEK,0.119211,14.368,1436.8
2018-04-04,Pandora A S Sponsored A D R,PNDORA.CO,1,100.0,26.64,USD,1.0,26.64,2664.0
2018-04-04,Nintendo Co Ltd Unspons A D R,NTDOY,1,30.0,52.9,USD,1.0,52.9,1587.0
2018-04-04,Asml Holding Nv Ny Reg Shs,ASML,1,60.0,193.72,USD,1.0,193.72,11623.2
2018-04-04,Asml Holding Nv Ny Reg Shs,ASML,-1 ,40.0,193.43,USD,1.0,193.43,7737.2
2018-04-05,Brunello Cucinelli Spa,BC.MI,1,100.0,26.7,EUR,1.228682,32.8058,3280.58
2018-04-05,Keyence Corp,6861.T,1,5.0,63045.045,JPY,0.009366,590.4531,2952.27
2018-04-05,Basware Oyj Npv,BAS1V.HE,1,300.0,43.205,EUR,1.228682,53.0852,15925.56
2018-04-05,Norwegian Air Shut,NAS.OL,1,100.0,171.6,NOK,0.127922,21.9513,2195.13
2018-04-05,Slm Solutions Group Ag,AM3D.DE,1,100.0,31.35,EUR,1.228682,38.5192,3851.92
2018-04-05,Ovs Spa,OVS.MI,1,300.0,4.954,EUR,1.228682,6.0869,1826.07
2018-04-05,Asos Plc,ASC.L,1,20.0,69.76,GBP,1.408808,98.2784,1965.57
2018-04-05,Nordic Semiconductor Asa,NOD.OL,1,400.0,46.1,NOK,0.127922,5.8972,2358.88
2018-04-05,Fagerhult Ab,FAG.ST,1,200.0,100.6,SEK,0.119188,11.9903,2398.06
2018-04-05,Boozt Ab,BOOZT.ST,1,300.0,72.5,SEK,0.119188,8.6411,2592.33
2018-04-05,Intrum Justitia Ab,INTRUM.ST,1,100.0,228.9,SEK,0.119188,27.2821,2728.21
2018-04-05,G5 Entertainment Ab,G5EN.ST,1,50.0,327.0,SEK,0.119188,38.9744,1948.72
2018-04-05,Materialise Nv A D R,MTLS,1,150.0,11.76,USD,1.0,11.76,1764.0
2018-04-05,Gw Pharmaceuticals A D R,GWPH,1,20.0,114.0908,USD,1.0,114.0908,2281.82
2018-04-06,Sodastream International Ltd,SODA,1,200.0,94.5498,USD,1.0,94.5498,18909.96
2018-04-06,Groupe Fnac Sa,FNAC.PA,1,15.0,87.49998882,EUR,1.22516,107.2015,1608.02
2018-04-06,Zalando SE,ZAL.DE,1,40.0,44.5089457,EUR,1.22516,54.5306,2181.22
2018-04-06,Dustin Group Ab,DUST.ST,1,150.0,72.17382975,SEK,0.118738,8.5698,1285.47
2018-04-06,Solaredge Technologies Inc,SEDG,1,20.0,54.7,USD,1.0,54.7,1094.0
2018-04-09,Zalando SE,ZAL.DE,1,40.0,44.51,EUR,1.227144,54.6202,2184.81
2018-04-09,B H P Billiton Limited A D R,BHP,1,40.0,43.65,USD,1.0,43.65,1746.0
2018-04-10,Disco Corporation,6146.T,1,10.0,22390.73424,JPY,0.009368,209.7512,2097.51
2018-04-10,Sodastream International Ltd,SODA,1,170.0,95.0,USD,1.0,95.0,16150.0
2018-04-11,Sodastream International Ltd,SODA,-1 ,340.0,94.42,USD,1.0,94.42,32102.8
2018-04-19,Shopify Inc A,SHOP,1,20.0,126.85,USD,1.0,126.85,2537.0
2018-04-19,Nintendo Co Ltd Unspons A D R,NTDOY,1,30.0,51.18,USD,1.0,51.18,1535.4
2018-04-19,Ferrari Nv,RACE,1,10.0,123.85,USD,1.0,123.85,1238.5
2018-04-19,Cyberagent Inc Npv,4751.T,1,40.0,5520.00000029,JPY,0.009316,51.4225,2056.9
2018-04-19,Disco Corporation,6146.T,1,10.0,23210.0,JPY,0.009316,216.2167,2162.17
2018-04-19,Nokia Corp Spon A D R,NOK,1,400.0,5.8263,USD,1.0,5.8263,2330.52
2018-04-19,Asml Holding Nv Ny Reg Shs,ASML,1,10.0,199.04,USD,1.0,199.04,1990.4
2018-04-19,Ucb Sa,UCB.BR,1,20.0,66.98,EUR,1.237915,82.9155,1658.31
2018-04-19,Accesso Technology Group Plc,ACSO.L,1,100.0,21.25,GBP,1.420434,30.1842,3018.42
2018-04-19,Umicore,UMI.BR,1,30.0,43.0,EUR,1.237915,53.2303,1596.91
2018-04-19,Raysearch Laboratories Ab,RAY.ST,1,100.0,126.9,SEK,0.119068,15.1097,1510.97
2018-04-19,Dustin Group Ab,DUST.ST,1,150.0,77.0,SEK,0.119068,9.1682,1375.23
2018-04-19,Stroeer SE and Co Kgaa,SAX.DE,1,20.0,60.6,EUR,1.237915,75.0176,1500.35
2018-04-19,Ocado Group Plc,OCDO.L,1,300.0,5.336,GBP,1.420434,7.5794,2273.82
2018-04-20,Groupe Fnac Sa,FNAC.PA,1,15.0,93.85,EUR,1.234553,115.8628,1737.94
2018-04-20,Ams Ag,AMS.SW,1,20.0,96.98,CHF,1.029325,99.824,1996.48
2018-04-20,Ovs Spa,OVS.MI,1,300.0,3.5640156,EUR,1.234553,4.4,1320.0
2018-04-20,Solaredge Technologies Inc,SEDG,-1 ,20.0,55.1,USD,1.0,55.1,1102.0
2018-04-23,Elbit Systems Ltd,ESLT,1,20.0,124.79,USD,1.0,124.79,2495.8
2018-04-24,Blackberry Ltd,BB,1,200.0,10.54,USD,1.0,10.54,2108.0
2018-04-24,Askul Corp Npv,2678.T,1,100.0,3430.0,JPY,0.009194,31.537,3153.7
2018-04-24,Cyberagent Inc Npv,4751.T,1,50.0,5420.0,JPY,0.009194,49.834,2491.7
2018-04-25,Stroeer SE and Co Kgaa,SAX.DE,1,20.0,59.8,EUR,1.22414,73.2036,1464.07
2018-04-25,Asos Plc,ASC.L,1,20.0,60.32,GBP,1.399384,84.4109,1688.22
2018-04-25,B H P Billiton Limited A D R,BHP,1,40.0,46.9,USD,1.0,46.9,1876.0
2018-04-26,Materialise Nv A D R,MTLS,1,100.0,12.15,USD,1.0,12.15,1215.0
2018-04-26,Shopify Inc A,SHOP,1,20.0,124.59,USD,1.0,124.59,2491.8
2018-04-26,Blackberry Ltd,BB,1,200.0,10.495,USD,1.0,10.495,2099.0
2018-04-27,Biocartis Nv,BCART.BR,1,150.0,0.83821181,EUR,1.210962,1.015,152.25
2018-04-27,Boozt Ab,BOOZT.ST,1,300.0,80.038,SEK,0.115549,9.2483,2774.49
2018-04-27,Nordic Semiconductor Asa,NOD.OL,1,300.0,49.5,NOK,0.125222,6.1985,1859.55
2018-04-27,Ocado Group Plc,OCDO.L,1,300.0,0.83539823,EUR,1.210962,1.0116,303.48
2018-04-30,Air France Klm,AF.PA,1,300.0,8.216,EUR,1.212283,9.9601,2988.03
2018-05-03,B H P Billiton Limited A D R,BHP,1,80.0,46.95,USD,1.0,46.95,3756.0
2018-05-03,Ferrari Nv,RACE,1,20.0,126.57,USD,1.0,126.57,2531.4
2018-05-03,Gw Pharmaceuticals A D R,GWPH,1,20.0,136.022,USD,1.0,136.022,2720.44
2018-05-03,Asml Holding Nv Ny Reg Shs,ASML,1,30.0,191.21,USD,1.0,191.21,5736.3
2018-05-03,Sodastream International Ltd,SODA,1,30.0,86.62,USD,1.0,86.62,2598.6
2018-05-03,Nintendo Co Ltd Unspons A D R,NTDOY,1,60.0,52.04,USD,1.0,52.04,3122.4
2018-05-03,Shopify Inc A,SHOP,1,60.0,126.95,USD,1.0,126.95,7617.0
2018-05-03,Fanuc Corporation A D R,FANUY,1,100.0,21.41,USD,1.0,21.41,2141.0
2018-05-03,Elbit Systems Ltd,ESLT,1,20.0,113.74,USD,1.0,113.74,2274.8
2018-05-03,Materialise Nv A D R,MTLS,1,250.0,11.959,USD,1.0,11.959,2989.75
2018-05-03,Blackberry Ltd,BB,1,700.0,10.7986,USD,1.0,10.7986,7559.02
2018-05-03,Nokia Corp Spon A D R,NOK,1,800.0,5.815,USD,1.0,5.815,4652.0
2018-05-03,Accesso Technology Group Plc,ACSO.L,1,100.0,22.15,GBP,1.357386,30.0661,3006.61
2018-05-03,Ocado Group Plc,OCDO.L,1,600.0,5.74,GBP,1.357386,7.7914,4674.84
2018-05-03,Asos Plc,ASC.L,1,40.0,60.6,GBP,1.357386,82.2576,3290.3
2018-05-03,Entertainment One Ltd,ETO.L,1,2000.0,2.83,GBP,1.357386,3.8414,7682.8
2018-05-03,Keyence Corp,6861.T,1,5.0,68960.595,JPY,0.009105,627.902,3139.51
2018-05-03,Pandora A S Sponsored A D R,PNDORA.CO,1,100.0,27.59,USD,1.0,27.59,2759.0
2018-05-03,Nordic Semiconductor Asa,NOD.OL,1,700.0,52.7,NOK,0.123145,6.4897,4542.79
2018-05-03,Zalando SE,ZAL.DE,1,80.0,43.07,EUR,1.1951,51.473,4117.84
2018-05-03,Schibsted Asa A-Shares,SCHA.OL,1,100.0,232.4,NOK,0.123145,28.6188,2861.88
2018-05-03,Norwegian Air Shut,NAS.OL,1,100.0,302.2,NOK,0.123145,37.2143,3721.43
2018-05-03,Stroeer SE and Co Kgaa,SAX.DE,1,40.0,63.3,EUR,1.1951,75.6498,3025.99
2018-05-03,Slm Solutions Group Ag,AM3D.DE,1,100.0,31.6,EUR,1.1951,37.7652,3776.52
2018-05-03,Ucb Sa,UCB.BR,1,40.0,62.4,EUR,1.1951,74.5743,2982.97
2018-05-03,Umicore,UMI.BR,1,60.0,47.0,EUR,1.1951,56.1697,3370.18
2018-05-03,Biocartis Nv,BCART.BR,1,300.0,12.72,EUR,1.1951,15.2017,4560.51
2018-05-03,Groupe Fnac Sa,FNAC.PA,1,30.0,91.6,EUR,1.1951,109.4712,3284.14
2018-05-03,Air France Klm,AF.PA,1,300.0,8.318,EUR,1.1951,9.9408,2982.24
2018-05-03,Raysearch Laboratories Ab,RAY.ST,1,200.0,134.6,SEK,0.112181,15.0995,3019.9
2018-05-03,Brunello Cucinelli Spa,BC.MI,1,100.0,27.8,EUR,1.1951,33.2238,3322.38
2018-05-03,Intrum Justitia Ab,INTRUM.ST,1,100.0,224.59999996,SEK,0.112181,25.1958,2519.58
2018-05-03,Ams Ag,AMS.SW,1,40.0,88.26,CHF,1.0007,88.3218,3532.87
2018-05-03,G5 Entertainment Ab,G5EN.ST,1,50.0,374.2,SEK,0.112181,41.978,2098.9
2018-05-03,Dustin Group Ab,DUST.ST,1,300.0,73.89994453,SEK,0.112181,8.2901,2487.03
2018-05-03,Boozt Ab,BOOZT.ST,1,600.0,78.6,SEK,0.112181,8.8174,5290.44
2018-05-03,Fagerhult Ab,FAG.ST,1,200.0,89.332,SEK,0.112181,10.0213,2004.26
2018-05-03,Ovs Spa,OVS.MI,1,600.0,3.71,EUR,1.1951,4.4338,2660.28
2018-05-04,Alk Abello A S,ALK-B.CO,1,60.0,830.0,DKK,0.160932,133.5734,8014.4
2018-05-07,Disco Corporation,6146.T,1,20.0,20490.01035571,JPY,0.009162,187.7303,3754.61
2018-05-07,Askul Corp Npv,2678.T,1,100.0,3485.0,JPY,0.009162,31.9297,3192.97
2018-05-07,Disco Corporation,6146.T,1,20.0,20490.0,JPY,0.009162,187.7302,3754.6
2018-05-07,Askul Corp Npv,2678.T,1,100.0,3490.0,JPY,0.009162,31.9755,3197.55
2018-05-07,Cyberagent Inc Npv,4751.T,1,90.0,6020.0,JPY,0.009162,55.1555,4964.0
2018-05-07,Sodastream International Ltd,SODA,1,60.0,89.43,USD,1.0,89.43,5365.8
2018-05-07,Schibsted Asa A-Shares,SCHA.OL,1,200.0,228.2,NOK,0.124148,28.3306,5666.12
2018-05-07,Brunello Cucinelli Spa,BC.MI,1,200.0,28.55,EUR,1.1955,34.1315,6826.3
2018-05-07,Cyberagent Inc Npv,4751.T,1,90.0,6020.0,JPY,0.009162,55.1555,4964.0
2018-05-09,Stroeer SE and Co Kgaa,SAX.DE,1,50.0,63.0,EUR,1.186789,74.7677,3738.38
2018-05-09,Fanuc Corporation A D R,FANUY,1,200.0,21.42,USD,1.0,21.42,4284.0
2018-05-10,Hsbc Holdings Plc Spons A D R,HSBC,1,150.0,49.84,USD,1.0,49.84,7476.0
2018-05-10,Stmicroelectronics N V,STM,1,400.0,8.05214724,NOK,0.123805,0.9969,398.76
2018-05-14,Elbit Systems Ltd,ESLT,-1 ,40.0,113.97,USD,1.0,113.97,4558.8
2018-05-14,Baozun Inc Spon A D R,BZUN,1,200.0,49.51,USD,1.0,49.51,9902.0
2018-05-15,Baozun Inc Spon A D R,BZUN,1,100.0,44.89,USD,1.0,44.89,4489.0
2018-05-15,Jeol Ltd,6951.T,1,1000.0,1025.00000021,JPY,0.009113,9.341,9341.0
2018-05-16,Ferrari Nv,RACE,1,40.0,134.04,USD,1.0,134.04,5361.6
2018-05-16,Nokia Corp Spon A D R,NOK,1,1000.0,6.26,USD,1.0,6.26,6260.0
2018-05-16,Fanuc Corporation A D R,FANUY,1,200.0,21.55,USD,1.0,21.55,4310.0
2018-05-16,Keyence Corp,6861.T,1,10.0,68288.08,JPY,0.009066,619.1291,6191.29
2018-05-16,Nintendo Co Ltd Unspons A D R,NTDOY,1,100.0,52.26,USD,1.0,52.26,5226.0
2018-05-16,Hsbc Holdings Plc Spons A D R,HSBC,1,100.0,50.41,USD,1.0,50.41,5041.0
2018-05-16,Gw Pharmaceuticals A D R,GWPH,1,40.0,151.38,USD,1.0,151.38,6055.2
2018-05-16,Asos Plc,ASC.L,1,70.0,62.84,GBP,1.35002,84.8352,5938.46
2018-05-16,G5 Entertainment Ab,G5EN.ST,1,100.0,491.6,SEK,0.115019,56.5435,5654.35
2018-05-16,Biocartis Nv,BCART.BR,1,400.0,12.82,EUR,1.182089,15.1544,6061.76
2018-05-16,Ams Ag,AMS.SW,1,70.0,90.96,CHF,0.998682,90.8401,6358.81
2018-05-16,Groupe Fnac Sa,FNAC.PA,1,50.0,92.45,EUR,1.182089,109.2841,5464.2
2018-05-16,Air France Klm,AF.PA,1,600.0,7.108,EUR,1.182089,8.4023,5041.38
2018-05-16,Dustin Group Ab,DUST.ST,1,600.0,75.9,SEK,0.115019,8.73,5238.0
2018-05-16,Fagerhult Ab,FAG.ST,1,400.0,81.9,SEK,0.115019,9.4201,3768.04
2018-05-16,Ucb Sa,UCB.BR,1,70.0,64.46,EUR,1.182089,76.1975,5333.83
2018-05-17,Materialise Nv A D R,MTLS,1,500.0,12.61,USD,1.0,12.61,6305.0
2018-05-17,Intrum Justitia Ab,INTRUM.ST,1,200.0,222.4,SEK,0.115007,25.5776,5115.52
2018-05-17,Hsbc Holdings Plc Spons A D R,HSBC,1,150.0,49.605,USD,1.0,49.605,7440.75
2018-05-17,Umicore,UMI.BR,1,120.0,48.6533,EUR,1.181698,57.4935,6899.22
2018-05-17,Raysearch Laboratories Ab,RAY.ST,1,400.0,106.477,SEK,0.115007,12.2456,4898.24
2018-05-17,Amplifon Spa,AMP.MI,1,500.0,16.138,EUR,1.181698,19.0702,9535.1
2018-05-18,Amplifon Spa,AMP.MI,1,500.0,0.85066442,EUR,1.179523,1.0034,501.7
2018-05-18,Advantest Corp Ord(Jp),6857.T,1,400.0,8.6714153,SEK,0.114457,0.9925,397.0
2018-05-22,Shopify Inc A,SHOP,1,40.0,138.38,USD,1.0,138.38,5535.2
2018-05-24,Solaredge Technologies Inc,SEDG,1,150.0,55.8083,USD,1.0,55.8083,8371.25
2018-05-28,Zalando SE,ZAL.DE,1,150.0,45.03,EUR,1.168893,52.6353,7895.3
2018-05-28,Aixtron SE,AIXA.DE,1,700.0,13.4916,EUR,1.168893,15.7702,11039.14
2018-05-28,Air France Klm,AF.PA,1,800.0,7.29000734,EUR,1.168893,8.5212,6816.96
2018-05-28,Jeol Ltd,6951.T,1,1000.0,1185.0,JPY,0.009122,10.8098,10809.8
2018-05-28,Cyberagent Inc Npv,4751.T,1,130.0,5970.0,JPY,0.009122,54.4594,7079.72
2018-05-28,Stroeer SE and Co Kgaa,SAX.DE,1,100.0,58.45,EUR,1.168893,68.3218,6832.18
2018-05-28,Disco Corporation,6146.T,1,50.0,20149.99999959,JPY,0.009122,183.8118,9190.59
2018-05-28,Askul Corp Npv,2678.T,1,300.0,3215.0,JPY,0.009122,29.3278,8798.34
2018-05-28,Slm Solutions Group Ag,AM3D.DE,1,200.0,32.6,EUR,1.168893,38.1059,7621.18
2018-05-28,Advantest Corp Ord(Jp),6857.T,1,400.0,2632.0,JPY,0.009122,24.0096,9603.84
2018-05-28,Ucb Sa,UCB.BR,1,100.0,66.36,EUR,1.168893,77.5678,7756.78
2018-05-28,Umicore,UMI.BR,1,100.0,48.0908,EUR,1.168893,56.213,5621.3
2018-05-28,Schibsted Asa A-Shares,SCHA.OL,1,300.0,231.0717,NOK,0.12265,28.3409,8502.27
2018-05-28,Norwegian Air Shut,NAS.OL,1,100.0,261.0,NOK,0.12265,32.0116,3201.16
2018-05-28,Nordic Semiconductor Asa,NOD.OL,1,1100.0,54.7705,NOK,0.12265,6.7176,7389.36
2018-05-28,Alk Abello A S,ALK-B.CO,1,50.0,1024.76,DKK,0.156927,160.8123,8040.62
2018-05-28,Dustin Group Ab,DUST.ST,1,800.0,79.0765,SEK,0.114485,9.053,7242.4
2018-05-28,Boozt Ab,BOOZT.ST,1,800.0,74.7856,SEK,0.114485,8.5618,6849.44
2018-05-28,Fagerhult Ab,FAG.ST,1,700.0,84.4451,SEK,0.114485,9.6677,6767.39
2018-05-28,Ovs Spa,OVS.MI,1,1000.0,3.29999486,EUR,1.168893,3.8573,3857.3
2018-05-31,Blackberry Ltd,BB,1,1000.0,0.8559098,EUR,1.166725,0.9986,998.6
2018-05-31,Stmicroelectronics N V,STM,1,300.0,23.7733,USD,1.0,23.7733,7131.99
2018-05-31,Pandora A S Sponsored A D R,PNDORA.CO,1,200.0,19.62,USD,1.0,19.62,3924.0
2018-05-31,Sodastream International Ltd,SODA,1,100.0,85.25,USD,1.0,85.25,8525.0
2018-05-31,B H P Billiton Limited A D R,BHP,1,170.0,49.8138,USD,1.0,49.8138,8468.35
2018-05-31,Accesso Technology Group Plc,ACSO.L,1,200.0,25.1,GBP,1.328356,33.3417,6668.34
2018-05-31,Asos Plc,ASC.L,1,100.0,66.14,GBP,1.328356,87.8575,8785.75
2018-05-31,Entertainment One Ltd,ETO.L,1,2000.0,3.02,GBP,1.328356,4.0116,8023.2
2018-05-31,Shopify Inc A,SHOP,1,50.0,147.74,USD,1.0,147.74,7387.0
2018-06-05,Ferrari Nv,RACE,1,40.0,135.8475,USD,1.0,135.8475,5433.9
2018-06-05,Asml Holding Nv Ny Reg Shs,ASML,1,50.0,208.6544,USD,1.0,208.6544,10432.72
2018-06-05,Solaredge Technologies Inc,SEDG,1,100.0,56.2465,USD,1.0,56.2465,5624.65
2018-06-11,Keyence Corp,6861.T,1,10.0,67472.035,JPY,0.009137,616.5039,6165.04
2018-06-11,Fanuc Corporation A D R,FANUY,1,400.0,20.79,USD,1.0,20.79,8316.0
2018-06-11,Nintendo Co Ltd Unspons A D R,NTDOY,1,80.0,47.44,USD,1.0,47.44,3795.2
2018-06-11,Fnac Darty Eur1,FNAC.PA,1,50.0,85.9,EUR,1.178398,101.2244,5061.22
2018-06-11,Basware Oyj Npv,BAS1V.HE,1,100.0,38.8,EUR,1.178398,45.7218,4572.18
2018-06-11,Gw Pharmaceuticals A D R,GWPH,1,50.0,156.82,USD,1.0,156.82,7841.0
2018-06-12,Hsbc Holdings Plc Spons A D R,HSBC,1,200.0,49.465,USD,1.0,49.465,9893.0
2018-06-12,Pandora A S Sponsored A D R,PNDORA.CO,1,250.0,0.86306968,EUR,1.177413,1.0162,254.05
2018-06-12,Aixtron SE,AIXA.DE,1,650.0,12.875,EUR,1.177413,15.1592,9853.48
2018-06-12,Baozun Inc Spon A D R,BZUN,1,150.0,65.3333,USD,1.0,65.3333,9799.99
2018-06-12,Ovs Spa,OVS.MI,1,1500.0,2.8121,EUR,1.177413,3.311,4966.5
2018-06-12,Stroeer SE and Co Kgaa,SAX.DE,1,160.0,55.75,EUR,1.177413,65.6407,10502.51
2018-06-12,Raysearch Laboratories Ab,RAY.ST,1,800.0,113.8036,SEK,0.115433,13.1367,10509.36
2018-06-12,Intrum Justitia Ab,INTRUM.ST,1,400.0,220.8,SEK,0.115433,25.4877,10195.08
2018-06-13,Norwegian Air Shut,NAS.OL,1,160.0,238.9,NOK,0.124246,29.6823,4749.17
2018-06-19,Nintendo Co Ltd Unspons A D R,NTDOY,1,200.0,40.71,USD,1.0,40.71,8142.0
2018-06-19,Thk Co Ltd,6481.T,1,100.0,3289.99999955,JPY,0.00908,29.8716,2987.16
2018-06-20,Thk Co Ltd,6481.T,1,200.0,3325.0,JPY,0.009085,30.2078,6041.56
2018-06-25,G5 Entertainment Ab,G5EN.ST,1,200.0,456.198,SEK,0.112878,51.4946,10298.92
2018-06-25,Fagerhult Ab,FAG.ST,1,1000.0,80.3406,SEK,0.112878,9.0687,9068.7
2018-06-25,Blackberry Ltd,BB,1,600.0,10.0063,USD,1.0,10.0063,6003.78
2018-06-25,Solaredge Technologies Inc,SEDG,1,200.0,48.8375,USD,1.0,48.8375,9767.5
2018-06-27,Ams Ag,AMS.SW,1,150.0,80.12,CHF,1.009387,80.8721,12130.82
2018-06-27,Af Ab B Shs,AF-B.ST,1,660.0,202.0,SEK,0.112647,22.7548,15018.17
2018-06-28,Ams Ag,AMS.SW,1,100.0,73.92,CHF,1.00324,74.1595,7415.95
2018-06-28,Gw Pharmaceuticals A D R,GWPH,1,70.0,0.86257928,EUR,1.156363,0.9975,69.82
2018-06-29,Moncler Spa,MONC.MI,1,250.0,38.65,EUR,1.156297,44.6909,11172.72
2018-07-02,Materialise Nv A D R,MTLS,1,1088.0,12.7139,USD,1.0,12.7139,13832.72
2018-07-02,Nintendo Co Ltd Unspons A D R,NTDOY,1,2000.0,40.3,USD,1.0,40.3,80600.0
2018-07-02,Solaredge Technologies Inc,SEDG,1,1800.0,50.3444,USD,1.0,50.3444,90619.92
2018-07-02,Baozun Inc Spon A D R,BZUN,1,1800.0,55.8838,USD,1.0,55.8838,100590.84
2018-07-02,B H P Billiton Limited A D R,BHP,1,1320.0,48.5577,USD,1.0,48.5577,64096.16
2018-07-02,Hsbc Holdings Plc Spons A D R,HSBC,1,2400.0,46.449,USD,1.0,46.449,111477.6
2018-07-02,Sodastream International Ltd,SODA,1,880.0,85.1041,USD,1.0,85.1041,74891.61
2018-07-02,Direxion Daily Gold Miners Bear Etf,JDST,1,8000.0,24.7274,USD,1.0,24.7274,197819.2
2018-07-02,Gw Pharmaceuticals A D R,GWPH,1,800.0,140.2646,USD,1.0,140.2646,112211.68
2018-07-02,Ferrari Nv,RACE,1,480.0,134.4974,USD,1.0,134.4974,64558.75
2018-07-02,Asml Holding Nv Ny Reg Shs,ASML,1,440.0,194.4914,USD,1.0,194.4914,85576.22
2018-07-02,Ev Tax Adv Global Div Opps Etf,EYLD,1,3618.0,24.3348,USD,1.0,24.3348,88043.31
2018-07-02,Ameriprise Finl Inc,AMP,1,4000.0,140.9079,USD,1.0,140.9079,563631.6
2018-07-02,Enerplus Corp,ERF,1,120.0,12.2517,USD,1.0,12.2517,1470.2
2018-07-02,Pandora A S Sponsored A D R,PNDORA.CO,1,2600.0,17.25,USD,1.0,17.25,44850.0
2018-07-02,Brunswick Corp,BC,1,1600.0,66.4709,USD,1.0,66.4709,106353.44
2018-07-02,Shopify Inc A,SHOP,1,840.0,148.3669,USD,1.0,148.3669,124628.2
2018-07-02,Stmicroelectronics N V,STM,1,2800.0,22.0441,USD,1.0,22.0441,61723.48
2018-07-02,Ardmore Shipping Corp,ASC,1,1000.0,8.205,USD,1.0,8.205,8205.0
2018-07-02,Nokia Corp Spon A D R,NOK,1,10400.0,5.6503,USD,1.0,5.6503,58763.12
2018-07-02,Blackberry Ltd,BB,1,12000.0,9.8922,USD,1.0,9.8922,118706.4
2018-07-02,Schwab US Small Cap Etf,SCHA,1,2800.0,73.7009,USD,1.0,73.7009,206362.52
2018-07-02,Keyence Corp,6861.T,1,120.0,553.97,JPY,0.009033,5.0038,600.46
2018-07-02,Fanuc Corporation A D R,FANUY,1,4000.0,19.5,USD,1.0,19.5,78000.0
2018-07-03,Materialise Nv A D R,MTLS,1,2912.0,12.7556,USD,1.0,12.7556,37144.31
2018-07-03,Advantest Corp Ord(Jp),6857.T,1,3200.0,2261.34707931,JPY,0.009019,20.3962,65267.84
2018-07-03,Thk Co Ltd,6481.T,1,1200.0,3240.49703573,JPY,0.009019,29.2276,35073.12
2018-07-03,Jeol Ltd,6951.T,1,8000.0,1148.05122066,JPY,0.009019,10.3548,82838.4
2018-07-03,Askul Corp Npv,2678.T,1,2400.0,3511.78886086,JPY,0.009019,31.6745,76018.8
2018-07-03,Cyberagent Inc Npv,4751.T,1,1600.0,6561.00702762,JPY,0.009019,59.1769,94683.04
2018-07-03,Direxion Daily Gold Miners Bear Etf,JDST,-1 ,8000.0,23.5986,USD,1.0,23.5986,188788.8
2018-07-03,Ameriprise Finl Inc,AMP,-1 ,4000.0,141.0039,USD,1.0,141.0039,564015.6
2018-07-03,Schwab US Small Cap Etf,SCHA,-1 ,2800.0,74.2689,USD,1.0,74.2689,207952.92
2018-07-03,Brunswick Corp,BC,-1 ,1600.0,66.8438,USD,1.0,66.8438,106950.08
2018-07-03,Ardmore Shipping Corp,ASC,-1 ,1000.0,8.3675,USD,1.0,8.3675,8367.5
2018-07-03,Enerplus Corp,ERF,-1 ,120.0,12.8,USD,1.0,12.8,1536.0
2018-07-03,Disco Corporation,6146.T,1,440.0,18696.50558667,JPY,0.009019,168.633,74198.52
2018-07-03,Ev Tax Adv Global Div Opps Etf,EYLD,-1 ,3618.0,24.3694,USD,1.0,24.3694,88168.49
2018-07-03,Alk Abello A S,ALK-B.CO,1,440.0,1067.88066585,DKK,0.15626,166.8668,73421.39
2018-07-03,Norwegian Air Shut,NAS.OL,1,1840.0,245.41876113,NOK,0.122447,30.0507,55293.29
2018-07-03,Fagerhult Ab,FAG.ST,1,10000.0,79.11901819,SEK,0.111592,8.8291,88291.0
2018-07-03,Af Ab B Shs,AF-B.ST,1,2640.0,203.67417889,SEK,0.111592,22.7285,60003.24
2018-07-03,Boozt Ab,BOOZT.ST,1,8000.0,72.33946333,SEK,0.111592,8.0725,64580.0
2018-07-03,Dustin Group Ab,DUST.ST,1,8000.0,81.41813261,SEK,0.111592,9.0856,72684.8
2018-07-03,G5 Entertainment Ab,G5EN.ST,1,1600.0,452.71712064,SEK,0.111592,50.5198,80831.68
2018-07-03,Intrum Justitia Ab,INTRUM.ST,1,3200.0,206.17213884,SEK,0.111592,23.0072,73623.04
2018-07-03,Schibsted Asa A-Shares,SCHA.OL,1,2800.0,245.65654637,NOK,0.122447,30.0799,84223.72
2018-07-03,Asos Plc,ASC.L,1,1000.0,63.10677801,GBP,1.314406,82.9479,82947.9
2018-07-03,Entertainment One Ltd,ETO.L,1,16000.0,3.61397348,GBP,1.314406,4.7502,76003.2
2018-07-03,Ocado Group Plc,OCDO.L,1,4800.0,10.48937163,GBP,1.314406,13.7873,66179.04
2018-07-03,Accesso Technology Group Plc,ACSO.L,1,1600.0,24.10588006,GBP,1.314406,31.6849,50695.84
2018-07-03,Air France Klm,AF.PA,1,8000.0,6.99108974,EUR,1.164212,8.1391,65112.8
2018-07-03,Fnac Darty Eur1,FNAC.PA,1,640.0,81.11328593,EUR,1.164212,94.4331,60437.18
2018-07-03,Raysearch Laboratories Ab,RAY.ST,1,6400.0,103.83205063,SEK,0.111592,11.5869,74156.16
2018-07-03,Slm Solutions Group Ag,AM3D.DE,1,1600.0,32.2758809,EUR,1.164212,37.576,60121.6
2018-07-03,Stroeer SE and Co Kgaa,SAX.DE,1,1560.0,51.8912463,EUR,1.164212,60.4124,94243.34
2018-07-03,Zalando SE,ZAL.DE,1,1240.0,49.34001283,EUR,1.164212,57.4422,71228.33
2018-07-03,Amplifon Spa,AMP.MI,1,4000.0,17.98530619,EUR,1.164212,20.9387,83754.8
2018-07-03,Brunello Cucinelli Spa,BC.MI,1,1600.0,38.1637313,EUR,1.164212,44.4307,71089.12
2018-07-03,Moncler Spa,MONC.MI,1,1000.0,39.52354836,EUR,1.164212,46.0138,46013.8
2018-07-03,Ovs Spa,OVS.MI,1,14800.0,2.80218009,EUR,1.164212,3.2623,48282.04
2018-07-03,Ams Ag,AMS.SW,1,1600.0,73.57560133,CHF,1.006745,74.0719,118515.04
2018-07-03,Basware Oyj Npv,BAS1V.HE,1,1600.0,36.59634698,EUR,1.164212,42.6059,68169.44
2018-07-03,Biocartis Nv,BCART.BR,1,4000.0,12.37200879,EUR,1.164212,14.4036,57614.4
2018-07-03,Ucb Sa,UCB.BR,1,1000.0,67.4946363,EUR,1.164212,78.5781,78578.1
2018-07-03,Umicore,UMI.BR,1,1360.0,49.82817034,EUR,1.164212,58.0106,78894.42
2018-07-03,Nordic Semiconductor Asa,NOD.OL,1,10000.0,52.90197928,NOK,0.122447,6.4777,64777.0
2018-07-03,Aixtron SE,AIXA.DE,1,5400.0,11.00697224,EUR,1.164212,12.8145,69198.3
2018-07-13,Interroll Holding Ag,INRN.SW,1,40.0,1719.1,CHF,0.997307,1714.471,68578.84
2018-07-19,Line Corp A D R,LN,1,1000.0,45.295,USD,1.0,45.295,45295.0
2018-07-19,Blackberry Ltd,BB,1,5000.0,10.3591,USD,1.0,10.3591,51795.5
2018-08-07,Rakuten Inc A D R,RKUNY,1,10000.0,7.454,USD,1.0,7.454,74540.0
2018-08-07,Intrum Justitia Ab,INTRUM.ST,-1 ,4000.0,234.1069,SEK,0.111912,26.1993,104797.2
2018-08-14,Line Corp A D R,LN,1,500.0,42.08,USD,1.0,42.08,21040.0
2018-08-21,Biocartis Nv,BCART.BR,1,2000.0,11.98,EUR,1.149135,13.7666,27533.2
2018-08-21,Basware Oyj Npv,BAS1V.HE,1,1000.0,30.5649,EUR,1.149135,35.1232,35123.2
2018-08-21,Nokia Corp Spon A D R,NOK,1,10000.0,5.3289,USD,1.0,5.3289,53289.0
2018-08-23,Sodastream International Ltd,SODA,-1 ,1100.0,141.9871,USD,1.0,141.9871,156185.81
2018-08-24,Solaredge Technologies Inc,SEDG,1,1000.0,47.6775,USD,1.0,47.6775,47677.5
2018-08-30,Nokia Corp Spon A D R,NOK,1,7000.0,5.6208,USD,1.0,5.6208,39345.6
2018-08-31,Adyen Bv,ADYEN.AS,1,100.0,603.6,EUR,1.166466,704.0791,70407.91
2018-09-12,Asml Holding Nv Ny Reg Shs,ASML,1,250.0,174.322,USD,1.0,174.322,43580.5
2018-09-13,Adyen Bv,ADYEN.AS,-1 ,140.0,656.60430303,EUR,1.162926,763.5822,106901.51
2018-09-13,Adyen Bv,ADYEN.AS,1,180.0,644.83897615,EUR,1.162926,749.9,134982.0
2018-09-21,Hsbc Holdings Plc Spons A D R,HSBC,-1 ,1500.0,44.8333,USD,1.0,44.8333,67249.95
2018-09-25,Aixtron SE,AIXA.DE,-1 ,6750.0,10.1002,EUR,1.175295,11.8707,80127.22
2018-09-28,Capital Counties Properties Plc,CAPC.L,1,23000.0,2.6614,GBP,1.307873,3.4808,80058.4
2018-09-28,First Derivatives Plc,FDP.L,1,1500.0,41.1531,GBP,1.307873,53.823,80734.5
2018-10-01,Hsbc Holdings Plc Spons A D R,HSBC,-1 ,0.4389,,USD,1.0,,
2018-10-01,Boozt Ab,BOOZT.ST,1,5000.0,75.7299,SEK,0.112501,8.5197,42598.5
2018-10-01,Interroll Holding Ag,INRN.SW,1,30.0,1945.6,CHF,1.01916,1982.8782,59486.35
2018-10-04,First Derivatives Plc,FDP.L,1,500.0,37.8,GBP,1.294063,48.9156,24457.8
2018-10-09,Ocado Group Plc,OCDO.L,1,5000.0,7.76020015,GBP,1.309312,10.1605,50802.5
2018-10-11,Ferrari Nv,RACE,1,400.0,116.56,USD,1.0,116.56,46624.0
2018-10-17,Basware Oyj Npv,BAS1V.HE,1,1000.0,27.1,EUR,1.157528,31.369,31369.0
2018-10-29,Ds Smith Plc,SMDS.L,1,10000.0,3.80219949,GBP,1.283104,4.8786,48786.0
2018-10-31,Taiwan Semiconductor A D R,TSM,1,1500.0,38.637,USD,1.0,38.637,57955.5
2018-11-01,Baozun Inc Spon A D R,BZUN,1,750.0,42.0933,USD,1.0,42.0933,31569.98
2018-11-06,G5 Entertainment Ab,G5EN.ST,-1 ,2000.0,216.4,SEK,0.110456,23.9026,47805.2
2018-11-09,Dustin Group Ab,DUST.ST,1,1428.0,63.0,SEK,0.11089,6.986,9976.01
2018-12-07,Pandora A S Sponsored A D R,PNDORA.CO,-1 ,3250.0,12.8855,USD,1.0,12.8855,41877.88
2018-12-10,Air France Klm,AF.PA,-1 ,5000.0,9.1705,EUR,1.140095,10.4552,52276.0
2018-12-10,Capital Counties Properties Plc,CAPC.L,-1 ,23000.0,2.44919982,GBP,1.272103,3.1156,71658.8
2018-12-18,Zoo Digital Group,ZOO.L,1,30000.0,1.21,GBP,1.261575,1.5265,45795.0
2018-12-21,Ams Ag,AMS.SW,1,1000.0,23.11277222,CHF,1.013171,23.4172,23417.2
2018-12-21,Iqe Plc,IQE.L,1,50000.0,0.65695328,GBP,1.266978,0.8323,41615.0
2018-12-27,Materialise Nv A D R,MTLS,-1 ,3000.0,55.1,USD,1.0,55.1,165300.0
2019-01-09,Lvmh Moet Hennessy Vuitton SE,MC.PA,1,250.0,266.19850916,EUR,1.145607,304.9588,76239.7
2019-01-17,Fnac Darty Eur1,FNAC.PA,-1 ,800.0,61.6999978,EUR,1.139809,70.3262,56260.96
2019-01-17,Ds Smith Plc,SMDS.L,1,5000.0,3.29400053,GBP,1.288577,4.2446,21223.0
2019-01-17,Orpea,ORP.PA,1,500.0,87.49978321,EUR,1.139809,99.733,49866.5
2019-02-14,Pva Tepla Ag,TPE.DE,1,4000.0,11.25,EUR,1.126494,12.6731,50692.4
2019-02-21,Ferrari Nv,RACE,-1 ,400.0,125.8825,USD,1.0,125.8825,50353.0
2019-02-22,Basware Oyj Npv,BAS1V.HE,-1 ,2000.0,37.7397,EUR,1.134301,42.8082,85616.4
2019-02-25,Fancl Corp,4921.T,1,2000.0,2556.0,JPY,0.009028,23.0744,46148.8
2019-02-27,Line Corp A D R,LN,1,1000.0,37.9905,USD,1.0,37.9905,37990.5
2019-03-05,Monotaro Co Ltd First Section,3064.T,1,2500.0,2653.0,JPY,0.008946,23.7348,59337.0
2019-03-06,Asml Holding Nv Ny Reg Shs,ASML,-1 ,200.0,181.9892,USD,1.0,181.9892,36397.84
2019-03-07,Comture Corp,3844.T,1,1500.0,3400.0,JPY,0.008959,30.4597,45689.55
2019-03-07,Uuum Inc,3990.T,1,1000.0,5530.0,JPY,0.008959,49.5418,49541.8
2019-03-07,Nidec Corp,6594.T,1,400.0,13460.00000007,JPY,0.008959,120.5845,48233.8
2019-03-07,Stroeer SE and Co Kgaa,SAX.DE,-1 ,950.0,51.8032,EUR,1.131401,58.6102,55679.69
2019-03-07,Ocado Group Plc,OCDO.L,-1 ,5000.0,10.3626,GBP,1.318218,13.6602,68301.0
2019-03-13,Norwegian Air Shut,NAS.OL,1,4600.0,33.0,NOK,0.115803,3.8215,17578.9
2019-03-13,Dustin Group Ab,DUST.ST,-1 ,5428.0,111.55,JPY,0.008984,1.0022,5439.94
2019-03-20,Learning Technologies Group,LTG.L,1,50000.0,0.7582,GBP,1.32714,1.0062,50310.0
2019-03-22,Blackberry Ltd,BB,1,5000.0,9.0762,USD,1.0,9.0762,45381.0
2019-03-28,Asml Holding Nv Ny Reg Shs,ASML,-1 ,10.0,183.46,USD,1.0,183.46,1834.6
2019-03-28,Hsbc Holdings Plc Spons A D R,HSBC,-1 ,1533.0,40.3667,USD,1.0,40.3667,61882.15
2019-04-03,Ferrari Nv,RACE,-1 ,300.0,136.045,USD,1.0,136.045,40813.5
2019-04-05,Air France Klm,AF.PA,-1 ,5000.0,10.7806,EUR,1.122586,12.1022,60511.0
2019-04-05,Ferrari Nv,RACE,-1 ,300.0,137.0526,USD,1.0,137.0526,41115.78
2019-04-11,Capgemini,CAP.PA,1,500.0,110.5372,EUR,1.12765,124.6473,62323.65
2019-04-11,Lasertec Corp,6920.T,1,1000.0,5067.0,JPY,0.00901,45.6548,45654.8
2019-04-12,Af Poyry Ab Bta,AF-B.ST,1,1100.0,99.0,SEK,0.107732,10.6655,11732.05
2019-04-25,Adevinta Asa A,ADE.OL,1,3000.0,86.9792,NOK,0.115741,10.067,30201.0
2019-04-25,Zoo Digital Group,ZOO.L,1,30000.0,0.5075,GBP,1.290489,0.6549,19647.0
2019-04-25,Zoo Digital Group,ZOO.L,1,30000.0,0.89543,EUR,1.115349,0.9987,29961.0
2019-04-26,Baozun Inc Spon A D R,BZUN,1,1500.0,0.76811,GBP,1.289607,0.9906,1485.9
2019-04-26,Capgemini,CAP.PA,1,500.0,109.0486,EUR,1.113685,121.4458,60722.9
2019-04-26,Moncler Spa,MONC.MI,1,1000.0,36.293,EUR,1.113685,40.419,40419.0
2019-04-29,Mediawan Sa,MDW.PA,1,4500.0,12.1705,EUR,1.115026,13.5704,61066.8
2019-05-03,Basware Oyj Npv,BAS1V.HE,1,2000.0,9.58235,SEK,0.104418,1.0006,2001.2
2019-05-09,Materialise Nv A D R,MTLS,1,2000.0,8.762354,NOK,0.11414,1.0001,2000.2
2019-05-15,Ut Group Co Ltd,2146.T,1,2000.0,2815.0,JPY,0.009118,25.6677,51335.4
2019-05-22,Fagerhult Ab,FAG.ST,1,5000.0,44.0,SEK,0.103519,4.5548,22774.0
2019-05-22,Lvmh Moet Hennessy Vuitton SE,MC.PA,-1 ,250.0,335.9243,EUR,1.116857,375.1793,93794.82
2019-05-24,Quantel,LBIRD.PA,1,3000.0,16.9283,EUR,1.118456,18.9336,56800.8
2019-05-28,Shopify Inc A,SHOP,-1 ,250.0,285.17,USD,1.0,285.17,71292.5
2019-05-30,Frontier Developments Plc,FDEV.L,1,2471.0,108.49,JPY,0.009129,0.9904,2447.28
2019-05-31,Frontier Developments Plc,FDEV.L,1,743.0,10.7214,GBP,1.26097,13.5194,10044.91
2019-06-04,Blackberry Ltd,BB,1,5000.0,8.0251,USD,1.0,8.0251,40125.5
2019-06-05,Frontier Developments Plc,FDEV.L,1,1000.0,10.8683,GBP,1.270277,13.8057,13805.7
2019-06-05,Asos Plc,ASC.L,1,750.0,33.6957,GBP,1.270277,42.8029,32102.18
2019-06-05,Iqe Plc,IQE.L,1,20000.0,0.7596,GBP,1.270277,0.9649,19298.0
2019-06-05,Shopify Inc A,SHOP,-1 ,200.0,0.882483,EUR,1.125404,0.9931,198.62
2019-06-12,Lasertec Corp,6920.T,1,1000.0,4010.0,JPY,0.009219,36.9674,36967.4
2019-06-12,Ut Group Co Ltd,2146.T,1,1000.0,2449.1,JPY,0.009219,22.5778,22577.8
2019-06-12,Thk Co Ltd,6481.T,1,1000.0,2427.0,JPY,0.009219,22.374,22374.0
2019-06-12,Uuum Inc,3990.T,1,1000.0,4150.0,JPY,0.009219,38.258,38258.0
2019-06-13,Orpea,ORP.PA,1,500.0,103.404,EUR,1.129561,116.8011,58400.55
2019-06-13,Ds Smith Plc,SMDS.L,1,10000.0,108.8,JPY,0.009218,1.0029,10029.0
2019-06-24,Taiwan Semiconductor A D R,TSM,1,1500.0,39.9763,USD,1.0,39.9763,59964.45
2019-06-24,Stmicroelectronics N V,STM,1,2000.0,17.0335,USD,1.0,17.0335,34067.0
2019-06-24,Shopify Inc A,SHOP,-1 ,300.0,107.86,JPY,0.009319,1.0051,301.53
2019-06-25,Learning Technologies Group,LTG.L,1,50000.0,0.9258,GBP,1.273966,1.1794,58970.0
2019-06-25,Learning Technologies Group,LTG.L,1,50000.0,0.9258,GBP,1.273966,1.1794,58970.0
2019-06-25,Umicore,UMI.BR,1,1300.0,26.7,EUR,1.14003,30.4388,39570.44
2019-06-25,Umicore,UMI.BR,1,1300.0,26.7,EUR,1.14003,30.4388,39570.44
2019-06-25,Fancl Corp,4921.T,1,1000.0,2863.0,JPY,0.009317,26.6755,26675.5
2019-06-25,Learning Technologies Group,LTG.L,1,50000.0,0.92580008,GBP,1.273966,1.1794,58970.0
2019-06-25,Iqe Plc,IQE.L,1,30000.0,0.5501,GBP,1.273966,0.7008,21024.0
2019-06-25,Monotaro Co Ltd First Section,3064.T,1,2000.0,2599.0,JPY,0.009317,24.2157,48431.4
2019-06-25,Learning Technologies Group,LTG.L,1,50000.0,0.9258,GBP,1.273966,1.1794,58970.0
2019-06-25,Iqe Plc,IQE.L,1,30000.0,0.5501,GBP,1.273966,0.7008,21024.0
2019-06-25,Frontier Developments Plc,FDEV.L,1,2000.0,10.6434,GBP,1.273966,13.5593,27118.6
2019-06-25,Dustin Group Ab,DUST.ST,1,3000.0,86.8842,SEK,0.107798,9.366,28098.0
2019-06-25,Umicore,UMI.BR,1,1300.0,26.7,EUR,1.14003,30.4388,39570.44
2019-06-25,Ams Ag,AMS.SW,1,1000.0,32.3077,CHF,1.029018,33.2452,33245.2
2019-06-25,Nordic Semiconductor Asa,NOD.OL,1,6000.0,35.71879998,NOK,0.117928,4.2122,25273.2
2019-06-25,Frontier Developments Plc,FDEV.L,1,2000.0,10.6434,GBP,1.273966,13.5593,27118.6
2019-06-28,Pva Tepla Ag,TPE.DE,1,3000.0,13.4217,EUR,1.137294,15.2644,45793.2
2019-06-28,Asos Plc,ASC.L,1,2000.0,25.7326,GBP,1.267748,32.6225,65245.0
2019-06-28,Slm Solutions Group Ag,AM3D.DE,1,2000.0,12.5741,EUR,1.137294,14.3005,28601.0
2019-07-01,Aston Martin Lagonda Global,AML.L,1,6000.0,10.34559894,GBP,1.269454,13.1333,78799.8
2019-07-01,Asos Plc,ASC.L,1,2000.0,25.74460277,GBP,1.269454,32.6816,65363.2
2019-07-01,Entertainment One Ltd,ETO.L,1,10000.0,3.9962,GBP,1.269454,5.073,50730.0
2019-07-01,Biocartis Nv,BCART.BR,1,3000.0,10.4434,EUR,1.136493,11.8688,35606.4
2019-07-01,Iqe Plc,IQE.L,1,50000.0,0.65800013,GBP,1.269454,0.8353,41765.0
2019-07-01,Stroeer SE and Co Kgaa,SAX.DE,1,500.0,65.2629,EUR,1.136493,74.1708,37085.4
2019-07-01,Boozt Ab,BOOZT.ST,1,5000.0,51.0311,SEK,0.107638,5.4929,27464.5
2019-07-09,Raysearch Laboratories Ab,RAY.ST,1,2000.0,130.4931,SEK,0.105726,13.7965,27593.0
2019-07-12,Baozun Inc Spon A D R,BZUN,-1 ,4500.0,53.1098,USD,1.0,53.1098,238994.1
2019-07-17,Comture Corp,3844.T,1,1000.0,4073.5,JPY,0.009242,37.6475,37647.5
2019-07-17,Uuum Inc,3990.T,1,2000.0,4820.0,JPY,0.009242,44.5467,89093.4
2019-07-22,Taiwan Semiconductor A D R,TSM,1,1000.0,44.45,USD,1.0,44.45,44450.0
2019-07-23,Vitec Software Group Ab B Sh,VITB.ST,1,5000.0,129.4736,SEK,0.106229,13.7539,68769.5
2019-07-23,Stmicroelectronics N V,STM,1,4500.0,19.0022,USD,1.0,19.0022,85509.9
2019-07-25,Aston Martin Lagonda Global,AML.L,1,2000.0,6.5196,GBP,1.248595,8.1403,16280.6
2019-08-08,Tobii Ab,TOBII.ST,1,24000.0,42.4079,SEK,0.103882,4.4054,105729.6
2019-08-12,Zalando SE,ZAL.DE,1,1000.0,42.15,EUR,1.12085,47.2438,47243.8
2019-08-12,Ocado Group Plc,OCDO.L,1,4000.0,11.9296,GBP,1.202198,14.3417,57366.8
2019-08-12,Ds Smith Plc,SMDS.L,1,10000.0,3.2729,GBP,1.202198,3.9347,39347.0
2019-08-12,First Derivatives Plc,FDP.L,1,1000.0,26.4299,GBP,1.202198,31.774,31774.0
2019-08-12,Frontier Developments Plc,FDEV.L,1,3000.0,9.1667,GBP,1.202198,11.0202,33060.6
2019-08-12,Zalando SE,ZAL.DE,1,1000.0,42.15,EUR,1.12085,47.2438,47243.8
2019-08-12,Ocado Group Plc,OCDO.L,1,4000.0,11.92960189,GBP,1.202198,14.3417,57366.8
2019-08-12,Quantel,LBIRD.PA,1,3000.0,15.6572,EUR,1.12085,17.5494,52648.2
2019-08-12,Frontier Developments Plc,FDEV.L,1,3000.0,9.1667,GBP,1.202198,11.0202,33060.6
2019-08-12,First Derivatives Plc,FDP.L,1,1000.0,26.4299,GBP,1.202198,31.774,31774.0
2019-08-12,Ds Smith Plc,SMDS.L,1,10000.0,3.2729,GBP,1.202198,3.9347,39347.0
2019-08-12,Quantel,LBIRD.PA,1,3000.0,15.6572,EUR,1.12085,17.5494,52648.2
2019-08-12,Dustin Group Ab,DUST.ST,1,5000.0,80.66000002,SEK,0.104827,8.4554,42277.0
2019-08-13,Ut Group Co Ltd,2146.T,-1 ,3000.0,1829.0,JPY,0.009491,17.3599,52079.7
2019-08-13,Nidec Corp,6594.T,1,400.0,13625.0,JPY,0.009491,129.321,51728.4
2019-08-13,Cyberagent Inc Npv,4751.T,1,1000.0,4430.0,JPY,0.009491,42.0471,42047.1
2019-08-13,Comture Corp,3844.T,1,1500.0,3985.0,JPY,0.009491,37.8234,56735.1
2019-08-13,Rakuten Inc,4755.T,1,5000.0,1038.0,JPY,0.009491,9.8521,49260.5
2019-08-15,Orpea,ORP.PA,1,500.0,106.65241028,EUR,1.11433,118.846,59423.0
2019-08-15,Raysearch Laboratories Ab,RAY.ST,1,5000.0,127.05,SEK,0.103913,13.2021,66010.5
2019-08-15,Line Corp A D R,LN,1,1500.0,32.0417,USD,1.0,32.0417,48062.55
2019-08-15,Materialise Nv A D R,MTLS,1,2000.0,17.6994,USD,1.0,17.6994,35398.8
2019-08-20,Disco Corporation,6146.T,1,400.0,19260.0,JPY,0.009383,180.7195,72287.8
2019-08-20,Fancl Corp,4921.T,1,2000.0,2480.0,JPY,0.009383,23.2702,46540.4
2019-08-20,Adevinta Asa B,ADE.OL,1,4500.0,106.1987,NOK,0.111356,11.8259,53216.55
2019-08-20,Moncler Spa,MONC.MI,1,1750.0,34.55,EUR,1.108316,38.2923,67011.52
2019-08-21,Zoo Digital Group,ZOO.L,1,10000.0,0.75,GBP,1.216234,0.9122,9122.0
2019-08-21,Vitec Software Group Ab B Sh,VITB.ST,1,5000.0,131.2004,SEK,0.103256,13.5472,67736.0
2019-08-21,Zalando SE,ZAL.DE,1,1500.0,42.1513,EUR,1.109779,46.7786,70167.9
2019-08-22,Ion Beam Applications,IBAB.BR,1,6000.0,0.901072,EUR,1.109078,0.9994,5996.4
2019-08-22,Zoo Digital Group,ZOO.L,1,40000.0,0.75,GBP,1.213224,0.9099,36396.0
2019-08-23,Entertainment One Ltd,ETO.L,-1 ,20000.0,5.995,GBP,1.22519,7.345,146900.0
2019-08-27,Biocartis Nv,BCART.BR,1,8000.0,106.66,JPY,0.009436,1.0064,8051.2
2019-08-30,Slm Solutions Group Ag,AM3D.DE,1,4000.0,13.3895,EUR,1.106195,14.8114,59245.6
2019-09-03,Adyen Bv,ADYEN.AS,1,120.0,650.0,EUR,1.096852,712.9538,85554.46
2019-09-04,Frontier Developments Plc,FDEV.L,1,5000.0,106.9,JPY,0.009446,1.0098,5049.0
2019-09-05,Infineon Technologies A G,IFX.DE,1,6000.0,107.25,JPY,0.009405,1.0087,6052.2
2019-09-13,Keyence Corp,6861.T,1,100.0,67140.00000015,JPY,0.009244,620.6552,62065.52
2019-09-13,Lasertec Corp,6920.T,1,1000.0,6500.0,JPY,0.009244,60.0873,60087.3
2019-09-18,Nordic Semiconductor Asa,NOD.OL,1,18500.0,0.911326,EUR,1.107469,1.0093,18672.05
2019-09-23,Ovs Spa,OVS.MI,-1 ,18500.0,1.6718,EUR,1.101904,1.8422,34080.7
2019-09-27,Basware Oyj Npv,BAS1V.HE,1,3000.0,22.525,EUR,1.092275,24.6035,73810.5
2019-09-27,Quantel,LBIRD.PA,1,5000.0,14.5351,EUR,1.092275,15.8763,79381.5
2019-10-04,Mediawan Sa,MDW.PA,1,4500.0,10.091,EUR,1.097538,11.0753,49838.85
2019-10-04,Gw Pharmaceuticals A D R,GWPH,1,500.0,116.924,USD,1.0,116.924,58462.0
2019-10-04,B H P Billiton Limited A D R,BHP,1,1000.0,47.8348,USD,1.0,47.8348,47834.8
2019-10-16,Mediawan Sa,MDW.PA,1,2202.0,9.3137,EUR,1.103473,10.2774,22630.83
2019-10-17,Mediawan Sa,MDW.PA,1,3991.0,9.3043,EUR,1.107493,10.3044,41124.86
2019-10-18,Mediawan Sa,MDW.PA,1,1042.0,9.33909789,EUR,1.112718,10.3918,10828.26
2019-10-21,Mediawan Sa,MDW.PA,1,3765.0,9.3362,EUR,1.115573,10.4152,39213.23
2019-10-28,Baozun Inc Spon A D R,BZUN,1,4000.0,44.5892,USD,1.0,44.5892,178356.8
2019-10-28,Learning Technologies Group,LTG.L,1,50000.0,1.0721,GBP,1.283203,1.3757,68785.0
2019-10-28,Basware Oyj Npv,BAS1V.HE,1,2000.0,21.0,EUR,1.108426,23.277,46554.0
2019-10-28,Ion Beam Applications,IBAB.BR,1,4000.0,14.0353,EUR,1.108426,15.5571,62228.4
2019-10-29,Nidec Corp,6594.T,1,600.0,0.77375,GBP,1.285744,0.9948,596.88
2019-11-01,Fevertree Drinks Plc,FEVR.L,1,5000.0,108.75,JPY,0.00926,1.007,5035.0
2019-11-06,Gw Pharmaceuticals A D R,GWPH,1,500.0,111.802,USD,1.0,111.802,55901.0
2019-11-06,Accesso Technology Group Plc,ACSO.L,-1 ,2000.0,5.55,GBP,1.288062,7.1487,14297.4
2019-11-06,Norwegian Air Shut,NAS.OL,-1 ,6900.0,40.9672,NOK,0.109023,4.4664,30818.16
2019-11-06,Brunello Cucinelli Spa,BC.MI,-1 ,2000.0,28.8059,EUR,1.10742,31.9002,63800.4
2019-11-11,Wirecard Ag,WDI.DE,1,1000.0,116.95,EUR,1.102244,128.9075,128907.5
2019-11-13,Capital Counties Properties Plc,CAPC.L,1,50000.0,2.51340012,GBP,1.285215,3.2303,161515.0
2019-11-15,Tobii Ab,TOBII.ST,1,21000.0,38.2618,SEK,0.10333,3.9536,83025.6
2019-11-22,Adevinta Asa B,ADE.OL,1,80.0,1.0,NOK,0.109403,0.1094,8.75
2019-11-22,Nintendo Co Ltd Unspons A D R,NTDOY,-1 ,2500.0,47.6595,USD,1.0,47.6595,119148.75
2019-11-25,Dustin Group Ab,DUST.ST,1,7000.0,77.7378,SEK,0.103894,8.0765,56535.5
2019-11-25,Ucb Sa,UCB.BR,1,750.0,74.2204,EUR,1.102256,81.8099,61357.42
2019-11-25,Adevinta Asa B,ADE.OL,1,5000.0,99.2527,NOK,0.10921,10.8394,54197.0
2019-11-25,Nokia Corp Spon A D R,NOK,-1 ,30000.0,3.4708,USD,1.0,3.4708,104124.0
2019-11-26,Yahoo Japan Corporation,4689.T,1,60000.0,109.55,JPY,0.009175,1.0051,60306.0
2019-11-29,Pva Tepla Ag,TPE.DE,1,7000.0,15.4479,EUR,1.101176,17.0109,119076.3
2019-12-04,Future Plc,FUTR.L,1,8000.0,13.40150057,GBP,1.299782,17.419,139352.0
2019-12-05,Stroeer SE and Co Kgaa,SAX.DE,1,1000.0,9.402693,SEK,0.105266,0.9898,989.8
2019-12-10,Future Plc,FUTR.L,1,6000.0,13.7837,GBP,1.314579,18.1198,108718.8
2019-12-10,Learning Technologies Group,LTG.L,1,50000.0,1.1459,GBP,1.314579,1.5064,75320.0
2019-12-10,Ocado Group Plc,OCDO.L,1,5000.0,12.1023,GBP,1.314579,15.9094,79547.0
2019-12-16,Fagerhult Ab,FAG.ST,-1 ,9380.0,60.6847,SEK,0.106608,6.4695,60683.91
2019-12-16,Baozun Inc Spon A D R,BZUN,1,4000.0,34.1138,USD,1.0,34.1138,136455.2
2019-12-17,Fagerhult Ab,FAG.ST,-1 ,8120.0,60.4001,SEK,0.10677,6.4489,52365.07
2019-12-20,Blackberry Ltd,BB,1,20000.0,6.171,USD,1.0,6.171,123420.0
2019-12-31,Entertainment One Ltd,ETO.L,-1 ,10000.0,5.6,GBP,1.311303,7.3433,73433.0
2020-01-03,Zoo Digital Group,ZOO.L,1,20000.0,0.65,GBP,1.31527,0.8549,17098.0
2020-01-06,Zoo Digital Group,ZOO.L,1,80000.0,0.6706,GBP,1.30801,0.8772,70176.0
2020-01-06,Cyberagent Inc Npv,4751.T,1,2000.0,3740.0,JPY,0.009262,34.6412,69282.4
2020-01-07,Tomtom,TOM2.AS,1,14000.0,9.7379,EUR,1.119799,10.9045,152663.0
2020-01-09,Capgemini,CAP.PA,1,1000.0,109.22739292,EUR,1.111321,121.3867,121386.7
2020-01-09,Fanuc Corporation A D R,FANUY,1,5000.0,18.48,USD,1.0,18.48,92400.0
2020-01-20,Fevertree Drinks Plc,FEVR.L,-1 ,5000.0,15.0737,GBP,1.300728,19.6068,98034.0
2020-01-23,Hugo Boss Ag,BOSS.DE,1,3000.0,44.9207,EUR,1.109644,49.846,149538.0
2020-01-23,Shopify Inc A,SHOP,-1 ,300.0,468.8,USD,1.0,468.8,140640.0
2020-01-24,Materialise Nv A D R,MTLS,1,3000.0,18.8698,USD,1.0,18.8698,56609.4
2020-01-24,Iqe Plc,IQE.L,1,5000.0,0.5075,GBP,1.311992,0.6658,3329.0
2020-01-24,Boozt Ab,BOOZT.ST,1,20000.0,49.3122,SEK,0.104959,5.1758,103516.0
2020-01-24,Dustin Group Ab,DUST.ST,1,10000.0,74.7595,SEK,0.104959,7.8467,78467.0
2020-01-27,Line Corp A D R,LN,-1 ,4000.0,49.0402,USD,1.0,49.0402,196160.8
2020-01-29,Thk Co Ltd,6481.T,1,2500.0,2925.0,JPY,0.009163,26.8024,67006.0
2020-01-29,Comture Corp,3844.T,1,4000.0,2498.15,JPY,0.009163,22.8911,91564.4
2020-01-29,Monotaro Co Ltd First Section,3064.T,1,4000.0,2724.0,JPY,0.009163,24.9606,99842.4
2020-01-30,Moncler Spa,MONC.MI,-1 ,4000.0,39.8146,EUR,1.101686,43.8632,175452.8
2020-01-31,B H P Billiton Limited A D R,BHP,-1 ,2650.0,51.5885,USD,1.0,51.5885,136709.53
2020-02-05,Ds Smith Plc,SMDS.L,1,30000.0,3.7446,GBP,1.303271,4.8802,146406.0
2020-02-05,Biocartis Nv,BCART.BR,1,12000.0,5.9952,EUR,1.104728,6.6231,79477.2
2020-02-05,Slm Solutions Group Ag,AM3D.DE,1,4669.0,10.83639966,EUR,1.104728,11.9713,55894.0
2020-02-05,Asml Holding Nv Ny Reg Shs,ASML,1,310.0,303.6168,USD,1.0,303.6168,94121.21
2020-02-05,Materialise Nv A D R,MTLS,1,5000.0,18.7531,USD,1.0,18.7531,93765.5
2020-02-06,Nidec Corp,6594.T,1,1200.0,14575.0,JPY,0.009106,132.7244,159269.28
2020-02-06,Tomtom,TOM2.AS,1,14000.0,10.192,EUR,1.100231,11.2136,156990.4
2020-02-06,Slm Solutions Group Ag,AM3D.DE,1,2331.0,10.6914,EUR,1.100231,11.763,27419.55
2020-02-07,Raysearch Laboratories Ab,RAY.ST,1,15000.0,97.0785,SEK,0.10396,10.0923,151384.5
2020-02-10,Wirecard Ag,WDI.DE,1,1000.0,139.8005,EUR,1.094931,153.0718,153071.8
2020-02-12,Fancl Corp,4921.T,-1 ,5000.0,0.76935,GBP,1.295656,0.9968,4984.0
2020-02-13,Tobii Ab,TOBII.ST,1,25000.0,44.6848,SEK,0.103767,4.6368,115920.0
2020-02-13,Schibsted Asa A-Shares,SCHA.OL,-1 ,3500.0,279.7699,NOK,0.108235,30.2809,105983.15
2020-02-14,Af Ab B Shs,AF-B.ST,1,5600.0,249.1899,SEK,0.103424,25.7722,144324.32
2020-02-27,Ocado Group Plc,OCDO.L,1,5000.0,10.7689,GBP,1.290689,13.8993,69496.5
2020-03-02,Taiwan Semiconductor A D R,TSM,1,2000.0,54.9945,USD,1.0,54.9945,109989.0
2020-03-02,Pva Tepla Ag,TPE.DE,-1 ,12474.0,11.61989973,EUR,1.105131,12.8415,160184.87
2020-03-03,Frontier Developments Plc,FDEV.L,1,5000.0,12.61185064,GBP,1.276715,16.1017,80508.5
2020-03-03,Frontier Developments Plc,FDEV.L,1,5000.0,16.075062,GBP,1.276715,20.5233,102616.5
2020-03-03,Pva Tepla Ag,TPE.DE,-1 ,1526.0,11.8971,EUR,1.114405,13.2582,20232.01
2020-03-03,Frontier Developments Plc,FDEV.L,1,5000.0,106.6,JPY,0.009218,0.9826,4913.0
2020-03-03,Frontier Developments Plc,FDEV.L,1,5000.0,12.61185064,GBP,1.276715,16.1017,80508.5
2020-03-04,Amplifon Spa,AMP.MI,1,3000.0,24.4454,EUR,1.118068,27.3316,81994.8
2020-03-05,Japan Elevator Ser,6544.T,1,7000.0,2336.68557143,JPY,0.009287,21.7009,151906.3
2020-03-10,Blackberry Ltd,BB,1,20000.0,105.2,JPY,0.009698,1.0202,20404.0
2020-03-11,First Derivatives Plc,FDP.L,-1 ,3000.0,23.3838,GBP,1.290972,30.1878,90563.4
2020-03-11,Aston Martin Lagonda Global,AML.L,-1 ,8000.0,2.01320064,GBP,1.290972,2.599,20792.0
2020-03-12,Iqe Plc,IQE.L,-1 ,155000.0,0.3056,GBP,1.281821,0.3917,60713.5
2020-03-16,Dassault Systemes Sa,DSY.PA,1,1000.0,107.1903944,EUR,1.115536,119.5748,119574.8
2020-03-16,Shopify Inc A,SHOP,1,300.0,326.67,USD,1.0,326.67,98001.0
2020-03-17,Alk Abello A S,ALK-B.CO,1,450.0,1286.75,DKK,0.149363,192.1928,86486.76
2020-03-17,Orpea,ORP.PA,1,750.0,71.1342,EUR,1.116321,79.4086,59556.45
2020-03-17,Asos Plc,ASC.L,1,4000.0,12.08,GBP,1.226663,14.8181,59272.4
2020-03-17,Shopify Inc A,SHOP,1,150.0,314.945,USD,1.0,314.945,47241.75
2020-03-17,Asml Holding Nv Ny Reg Shs,ASML,1,300.0,229.71,USD,1.0,229.71,68913.0
2020-03-17,Blackberry Ltd,BB,1,30000.0,3.0686,USD,1.0,3.0686,92058.0
2020-03-19,Future Plc,FUTR.L,1,10000.0,5.5277,GBP,1.162534,6.4261,64261.0
2020-03-19,Taiwan Semiconductor A D R,TSM,1,2000.0,44.5929,USD,1.0,44.5929,89185.8
2020-03-20,Dustin Group Ab,DUST.ST,1,15000.0,46.2063,SEK,0.09981,4.6118,69177.0
2020-03-26,Biocartis Nv,BCART.BR,1,15000.0,3.75,EUR,1.088957,4.0836,61254.0
2020-04-02,Dassault Systemes Sa,DSY.PA,1,1000.0,147.80043898,EUR,1.095362,161.895,161895.0
2020-04-02,Dassault Systemes Sa,DSY.PA,1,1000.0,125.1203,EUR,1.095362,137.052,137052.0
2020-04-06,Infineon Technologies A G,IFX.DE,1,5000.0,14.07076489,EUR,1.080696,15.2062,76031.0
2020-04-06,Asos Plc,ASC.L,1,10000.0,11.64006863,GBP,1.222016,14.2243,142243.0
2020-04-06,Asos Plc,ASC.L,1,10000.0,11.60750071,GBP,1.222016,14.1845,141845.0
2020-04-06,Infineon Technologies A G,IFX.DE,1,5000.0,14.0678,EUR,1.080696,15.203,76015.0
2020-04-06,Ams Ag,AMS.SW,1,9000.0,9.2,CHF,1.023332,9.4147,84732.3
2020-04-08,Materialise Nv A D R,MTLS,-1 ,7000.0,17.824,USD,1.0,17.824,124768.0
2020-04-14,Diasorin Spa,DIA.MI,1,1000.0,143.98400688,EUR,1.092299,157.2736,157273.6
2020-04-14,Diasorin Spa,DIA.MI,1,1000.0,144.78897388,EUR,1.092299,158.1529,158152.9
2020-04-15,Baozun Inc Spon A D R,BZUN,-1 ,8000.0,29.7193,USD,1.0,29.7193,237754.4
2020-04-16,Asos Plc,ASC.L,-1 ,5000.0,24.2013,GBP,1.252097,30.3024,151512.0
2020-04-17,Ryanair Holdings Plc Sp A D R,RYAAY,1,2300.0,59.2076,USD,1.0,59.2076,136177.48
2020-04-22,Hugo Boss Ag,BOSS.DE,-1 ,3000.0,23.3049,EUR,1.085647,25.3009,75902.7
2020-04-27,Taiwan Semiconductor A D R,TSM,-1 ,2000.0,53.3858,USD,1.0,53.3858,106771.6
2020-04-28,Solaredge Technologies Inc,SEDG,-1 ,750.0,108.4805,USD,1.0,108.4805,81360.38
2020-04-28,Orpea,ORP.PA,-1 ,1250.0,98.093504,EUR,1.082485,106.1848,132731.0
2020-04-28,Ion Beam Applications,IBAB.BR,-1 ,1937.0,7.44130098,EUR,1.082485,8.0551,15602.73
2020-04-28,Asml Holding Nv Ny Reg Shs,ASML,-1 ,300.0,291.6545,USD,1.0,291.6545,87496.35
2020-04-30,Wirecard Ag,WDI.DE,-1 ,1000.0,90.7184,EUR,1.087725,98.6767,98676.7
2020-05-04,Wirecard Ag,WDI.DE,-1 ,1000.0,0.926681,EUR,1.095963,1.0156,1015.6
2020-05-06,Raysearch Laboratories Ab,RAY.ST,1,10000.0,80.0817,SEK,0.101847,8.156,81560.0
2020-05-06,Shopify Inc A,SHOP,-1 ,220.0,675.458,USD,1.0,675.458,148600.76
2020-05-14,Rakuten Inc,4755.T,1,10000.0,1015.46,JPY,0.009352,9.4962,94962.0
2020-05-18,Grupo Aeroportuario Sure Spon A D R,ASR,1,2000.0,105.1562,USD,1.0,105.1562,210312.4
2020-05-18,Capital Counties Properties Plc,CAPC.L,1,50000.0,1.4249,GBP,1.208576,1.7221,86105.0
2020-05-20,Ion Beam Applications,IBAB.BR,-1 ,3113.0,1.0,EUR,1.092777,1.0928,3401.89
2020-05-21,Ion Beam Applications,IBAB.BR,-1 ,2614.0,7.3235,EUR,1.098298,8.0434,21025.45
2020-05-22,Tobii Ab,TOBII.ST,1,30000.0,31.6252,SEK,0.10396,3.2878,98634.0
2020-05-22,Ion Beam Applications,IBAB.BR,-1 ,2336.0,7.14009846,EUR,1.09529,7.8205,18268.69
2020-05-22,Dassault Systemes Sa,DSY.PA,-1 ,700.0,143.0073,EUR,1.09529,156.6345,109644.15
2020-05-22,Asos Plc,ASC.L,-1 ,5000.0,28.1306,GBP,1.222345,34.3853,171926.5
2020-05-25,Askul Corp Npv,2678.T,-1 ,3000.0,3305.0,JPY,0.009282,30.6771,92031.3
2020-05-27,Af Ab B Shs,AF-B.ST,-1 ,10000.0,198.6572,SEK,0.10401,20.6624,206624.0
2020-05-28,Lasertec Corp,6920.T,-1 ,2000.0,107.73,JPY,0.009277,0.9994,1998.8
2020-05-29,Capgemini,CAP.PA,-1 ,2000.0,92.2559,EUR,1.107911,102.2113,204422.6
2020-06-02,Accesso Technology Group Plc,ACSO.L,1,5000.0,109.11,JPY,0.009298,1.0145,5072.5
2020-06-03,Capital Counties Properties Plc,CAPC.L,1,50000.0,1.7632,GBP,1.258147,2.2184,110920.0
2020-06-03,Slm Solutions Group Ag,AM3D.DE,1,10000.0,9.1695,EUR,1.118944,10.2602,102602.0
2020-06-03,Ryanair Holdings Plc Sp A D R,RYAAY,1,2000.0,78.277,USD,1.0,78.277,156554.0
2020-06-03,Thk Co Ltd,6481.T,1,5000.0,3095.5,JPY,0.00919,28.4489,142244.5
2020-06-03,Accesso Technology Group Plc,ACSO.L,1,25000.0,3.768,GBP,1.258147,4.7407,118517.5
2020-06-04,Interroll Holding Ag,INRN.SW,1,80.0,2041.659375,CHF,1.040193,2123.72,169897.6
2020-06-05,Iqe Plc,IQE.L,1,299030.0,0.4541,GBP,1.260907,0.5726,171224.58
2020-06-05,Autogrill S P A,AGL.MI,1,30000.0,6.0641,EUR,1.133787,6.8754,206262.0
2020-06-11,Orpea,ORP.PA,1,1000.0,100.5377,EUR,1.136544,114.2656,114265.6
2020-06-11,Accesso Technology Group Plc,ACSO.L,1,10000.0,107.4,JPY,0.009347,1.0039,10039.0
2020-06-15,Umicore,UMI.BR,1,2000.0,43.3505,EUR,1.125201,48.778,97556.0
2020-06-17,Ds Smith Plc,SMDS.L,1,20000.0,3.3452,GBP,1.258511,4.21,84200.0
2020-06-18,Lumibird,LBIRD.PA,1,2092.0,0.889878,EUR,1.12429,1.0005,2093.05
2020-06-19,Asml Holding Nv Ny Reg Shs,ASML,-1 ,400.0,106.67,JPY,0.009345,0.9969,398.76
2020-06-22,Accesso Technology Group Plc,ACSO.L,1,10000.0,3.05,GBP,1.234812,3.7662,37662.0
2020-06-22,Stroeer SE and Co Kgaa,SAX.DE,1,1000.0,62.9252,EUR,1.117756,70.335,70335.0
2020-06-22,Mediawan Sa,MDW.PA,-1 ,20000.0,106.96,JPY,0.009361,1.0012,20024.0
2020-06-24,Shopify Inc A,SHOP,-1 ,130.0,107.26,JPY,0.009396,1.0078,131.01
2020-06-29,Grupo Aeroportuario Sure Spon A D R,ASR,1,1000.0,112.1378,USD,1.0,112.1378,112137.8
2020-07-01,Shopify Inc A,SHOP,-1 ,100.0,987.93,USD,1.0,987.93,98793.0
2020-07-02,Future Plc,FUTR.L,1,6000.0,12.6526,GBP,1.246479,15.7712,94627.2
2020-07-06,Powercell Seden Ab,PCELL.ST,1,5000.0,362.184,SEK,0.107297,38.8614,194307.0
2020-07-14,Learning Technologies Group,LTG.L,1,50000.0,1.0,EUR,1.13455,1.1345,56725.0
2020-07-20,Accesso Technology Group Plc,ACSO.L,1,25000.0,2.75,GBP,1.257118,3.4571,86427.5
2020-07-27,Aston Martin Lagonda Global,AML.L,1,300000.0,0.4797,GBP,1.279591,0.6138,184140.0
2020-08-03,Diasorin Spa,DIA.MI,-1 ,1000.0,168.8581,EUR,1.178231,198.9538,198953.8
2020-08-06,Fanuc Corporation A D R,FANUY,-1 ,10000.0,17.268,USD,1.0,17.268,172680.0
2020-08-11,Adyen Bv,ADYEN.AS,-1 ,100.0,107.06,JPY,0.009435,1.0101,101.01
2020-08-11,Publicis Groupe,PUB.PA,1,5000.0,30.8267,EUR,1.173778,36.1837,180918.5
2020-08-28,Fnac Darty Sa,FNAC.PA,1,4500.0,36.4595,EUR,1.181963,43.0938,193922.1
2020-09-03,William Hill P L C,WMH.L,1,100000.0,1.8358,GBP,1.335131,2.451,245100.0
2020-09-03,Tobii Ab,TOBII.ST,-1 ,30000.0,1.0,EUR,1.184736,1.1847,35541.0
2020-09-25,Powercell Seden Ab,PCELL.ST,-1 ,5000.0,216.778,SEK,0.109945,23.8336,119168.0
2020-09-28,Af Ab B Shs,AF-B.ST,-1 ,133.0,9.02090292,SEK,0.10959,0.9886,131.48
2020-09-29,Publicis Groupe,PUB.PA,1,235.0,24.46,EUR,1.167883,28.5664,6713.1
2020-09-30,Nintendo Ltd,NTDOY,-1 ,50.0,70.62,USD,1.0,70.62,3531.0
2020-09-30,Cosmo Pharmaceuticals Nv,COPN.SW,-1 ,10.0,88.1,EUR,1.174205,103.4475,1034.48
2020-09-30,Hugo Boss Ag,BOSS.DE,-1 ,30.0,21.45,EUR,1.174205,25.1867,755.6
2020-09-30,Mediawan Sa,MDW.PA,-1 ,100.0,11.94,EUR,1.174205,14.02,1402.0
2020-09-30,Intrum Ab Npv,INTRUM.ST,-1 ,50.0,217.0,SEK,0.111537,24.2035,1210.18
2020-09-30,Ion Beam Applications,IBAB.BR,-1 ,70.0,11.0,EUR,1.174205,12.9163,904.14
2020-10-01,Diasorin Spa,DIA.MI,-1 ,10.0,177.0,EUR,1.172608,207.5516,2075.52
2020-10-05,Slm Solutions Group Ag,AM3D.DE,1,1977.0,8.9177,EUR,1.172044,10.4519,20663.41
2020-10-05,Solaredge Technologies Inc,SEDG,-1 ,750.0,262.7027,USD,1.0,262.7027,197027.02
2020-10-06,Slm Solutions Group Ag,AM3D.DE,1,8023.0,9.18139973,EUR,1.179245,10.8271,86865.82
2020-10-09,Gvc Holdings Plc,GVC.L,1,15000.0,10.9032,GBP,1.294046,14.1092,211638.0
2020-10-09,William Hill Ord,WMH.L,-1 ,100000.0,2.7784,GBP,1.294046,3.5954,359540.0
2020-10-13,Autogrill S P A,AGL.MI,-1 ,30000.0,3834.0,USD,1.0,3834.0,115020000.0
2020-10-14,Schwab US Small Cap Etf,SCHA,-1 ,2050.0,73.719,USD,1.0,73.719,151123.95
2020-10-15,Schwab US Small Cap Etf,SCHA,1,2050.0,73.4498,USD,1.0,73.4498,150572.09
2020-10-15,Materialise Nv A D R,MTLS,-1 ,240.0,49.9283,USD,1.0,49.9283,11982.79
2020-10-20,Materialise Nv A D R,MTLS,-1 ,2310.0,49.6922,USD,1.0,49.6922,114788.98
2020-10-22,Capgemini,CAP.PA,-1 ,10.0,105.7,EUR,1.185396,125.2964,1252.96
2020-10-22,Dassault Systemes Sa,DSY.PA,-1 ,1300.0,153.0368,EUR,1.185396,181.4092,235831.96
2020-10-23,Askul Corp Npv,2678.T,-1 ,50.0,4255.0,JPY,0.009531,40.5543,2027.72
2020-10-26,Ryanair Holdings Plc Sp A D R,RYAAY,-1 ,4300.0,86.7656,USD,1.0,86.7656,373092.08
2020-10-27,Zur Rose Group Ag,ROSE.SW,1,1000.0,0.77095,GBP,1.301575,1.0034,1003.4
2020-10-30,Gvc Holdings Plc,GVC.L,1,5000.0,9.67960137,GBP,1.293193,12.5176,62588.0
2020-11-02,Gvc Holdings Plc,GVC.L,1,10000.0,9.4027,GBP,1.292674,12.1546,121546.0
2020-11-03,Gw Pharmaceuticals A D R,GWPH,1,2000.0,99.4482,USD,1.0,99.4482,198896.4
2020-11-09,Capital Counties Properties Plc,CAPC.L,1,150000.0,1.2124,GBP,1.318061,1.598,239700.0
2020-11-12,Grupo Aeroportuario Sure Spon A D R,ASR,-1 ,3000.0,150.1629,USD,1.0,150.1629,450488.7
2020-11-16,Fnac Darty Sa,FNAC.PA,1,4500.0,43.0228,EUR,1.184525,50.9616,229327.2
2020-11-16,Aston Martin Lagonda Global,AML.L,1,297000.0,0.6979,GBP,1.322052,0.9227,274041.9
2020-11-23,Zoo Digital Group,ZOO.L,1,50000.0,0.63,GBP,1.330513,0.8382,41910.0
2020-11-24,Zoo Digital Group,ZOO.L,1,39000.0,0.64,GBP,1.332907,0.8531,33270.9
2020-11-25,Zoo Digital Group,ZOO.L,1,75000.0,104.13,JPY,0.009568,0.9963,74722.5
2020-11-26,Zoo Digital Group,ZOO.L,1,25000.0,104.4,JPY,0.009579,1.0,25000.0
2020-11-30,Frontier Developments Plc,FDEV.L,-1 ,4414.0,24.70350023,GBP,1.333191,32.9345,145372.88
2020-11-30,Boozt Ab,BOOZT.ST,-1 ,10200.0,160.5525,SEK,0.117692,18.8957,192736.14
2020-12-08,Orpea,ORP.PA,-1 ,2015.0,8.19821971,SEK,0.119082,0.9763,1967.24
2020-12-11,Tomtom,TOM2.AS,-1 ,28200.0,7.5315,EUR,1.214429,9.1465,257931.3
2020-12-14,Keyence Corp,6861.T,-1 ,510.0,103.735,JPY,0.009621,0.998,508.98
2020-12-18,Asml Holding Nv Ny Reg Shs,ASML,-1 ,510.0,478.0004,USD,1.0,478.0004,243780.2
2020-12-22,Comture Corp,3844.T,1,10000.0,8.2837729,SEK,0.121196,1.004,10040.0
2021-01-08,Materialise Nv A D R,MTLS,-1 ,4500.0,78.183,USD,1.0,78.183,351823.5
2021-01-11,Ams Ag,AMS.SW,-1 ,13093.0,20.80500038,CHF,1.126583,23.4386,306881.59
2021-01-11,Ams Ag,AMS.SW,-1 ,13093.0,20.80500038,CHF,1.126583,23.4386,306881.59
2021-01-15,Gvc Holdings Plc,GVC.L,1,10000.0,14.1546,GBP,1.368363,19.3686,193686.0
2021-01-18,Uuum Inc,3990.T,1,5000.0,1722.68,JPY,0.009624,16.5789,82894.5
2021-01-19,Slm Solutions Group Ag,AM3D.DE,-1 ,3098.0,19.46979987,EUR,1.207729,23.5143,72847.3
2021-01-19,Capital Counties Properties Plc,CAPC.L,-1 ,118839.0,1.36500004,GBP,1.358124,1.8538,220303.74
2021-01-20,Iqe Plc,IQE.L,1,200000.0,0.847,GBP,1.364424,1.1557,231140.0
2021-01-20,Asm International N V,ASM.AS,1,1500.0,222.2535,EUR,1.213887,269.7906,404685.9
2021-01-20,Capital Counties Properties Plc,CAPC.L,-1 ,31161.0,1.37659978,GBP,1.364424,1.8783,58529.71
2021-01-20,Slm Solutions Group Ag,AM3D.DE,-1 ,11952.0,19.235,EUR,1.213887,23.3491,279068.44
2021-01-26,Interroll Holding Ag,INRN.SW,-1 ,50.0,2735.0,CHF,1.126101,3079.8856,153994.28
2021-01-26,Blackberry Ltd,BB,-1 ,31050.0,19.5001,USD,1.0,19.5001,605478.1
2021-01-27,Blackberry Ltd,BB,-1 ,25000.0,20.695,USD,1.0,20.695,517375.0
2021-01-27,Blackberry Ltd,BB,-1 ,10000.0,22.0,USD,1.0,22.0,220000.0
2021-01-27,Blackberry Ltd,BB,-1 ,10000.0,24.5942,USD,1.0,24.5942,245942.0
2021-01-29,Iqe Plc,IQE.L,-1 ,251030.0,0.79450002,GBP,1.372501,1.0905,273748.22
2021-02-01,Watches Of Switzerland Group,WOSG.L,1,30000.0,6.423,GBP,1.369769,8.798,263940.0
2021-02-01,Frontier Developments Plc,FDEV.L,-1 ,5000.0,32.5405,GBP,1.369769,44.573,222865.0
2021-02-02,Adevinta Asa B,ADE.OL,1,15000.0,133.4958,NOK,0.116479,15.5494,233241.0
2021-02-02,Adevinta Asa B,ADE.OL,1,15000.0,133.49579997,NOK,0.116479,15.5494,233241.0
2021-02-02,Dermapharm Hldg,DMP.DE,1,4000.0,60.4811,EUR,1.206869,72.9928,291971.2
2021-02-03,Asm International N V,ASM.AS,1,500.0,222.2576,EUR,1.203905,267.5771,133788.55
2021-02-03,Dermapharm Hldg,DMP.DE,1,4000.0,60.9209,EUR,1.203905,73.343,293372.0
2021-02-04,Watches Of Switzerland Group,WOSG.L,1,30000.0,6.3613,GBP,1.364908,8.6826,260478.0
2021-02-09,Moonpig Group Plc Ord,MOON.L,1,55000.0,4.2081,GBP,1.37457,5.7843,318136.5
2021-02-10,Gw Pharmaceuticals A D R,GWPH,-1 ,4020.0,0.719937,GBP,1.381799,0.9948,3999.1
2021-02-12,Mercari Inc,4385.T,1,6000.0,5640.0,JPY,0.009547,53.8471,323082.6
2021-02-12,Moonpig Group Plc Ord,MOON.L,1,50000.0,4.2518,GBP,1.381025,5.8718,293590.0
2021-02-15,Disco Corporation,6146.T,1,1000.0,35300.0,JPY,0.009518,336.0017,336001.7
2021-02-16,Advantest Corp Ord(Jp),6857.T,1,3900.0,9347.17948718,JPY,0.009489,88.6939,345906.21
2021-02-19,Ucb Sa,UCB.BR,1,1000.0,84.238,EUR,1.20919,101.8597,101859.7
2021-02-19,Basware Oyj Npv,BAS1V.HE,1,2394.0,36.2602005,EUR,1.20919,43.8455,104966.13
2021-02-19,Publicis Groupe,PUB.PA,1,5000.0,47.542498,EUR,1.20919,57.4879,287439.5
2021-02-19,Umicore,UMI.BR,1,5000.0,47.7421,EUR,1.20919,57.7293,288646.5
2021-02-19,Biocartis Nv,BCART.BR,1,7389.0,4.48,EUR,1.20919,5.4172,40027.69
2021-02-19,Lumibird,LBIRD.PA,1,811.0,16.68,EUR,1.20919,20.1693,16357.3
2021-02-19,Ds Smith Plc,SMDS.L,1,30000.0,3.8174,GBP,1.396746,5.3319,159957.0
2021-02-19,Blackberry Ltd,BB,1,25000.0,10.9,USD,1.0,10.9,272500.0
2021-02-19,B H P Billiton Limited A D R,BHP,1,9000.0,76.39,USD,1.0,76.39,687510.0
2021-02-19,Rio Tinto Plc A D R,RIO,1,8000.0,89.22,USD,1.0,89.22,713760.0
2021-02-19,Capital Counties Properties Plc,CAPC.L,1,100000.0,1.6729,GBP,1.396746,2.3366,233660.0
2021-02-22,Yahoo Japan Corporation,4689.T,1,40000.0,642.8,JPY,0.009477,6.0921,243684.0
2021-02-22,Uuum Inc,3990.T,1,10000.0,1849.84,JPY,0.009477,17.5317,175317.0
2021-02-22,Rakuten Inc,4755.T,1,20000.0,1126.0,JPY,0.009477,10.6716,213432.0
2021-02-22,Japan Elevator Ser,6544.T,1,7000.0,2308.81428571,JPY,0.009477,21.8816,153171.2
2021-02-22,Mercari Inc,4385.T,1,6000.0,5480.0,JPY,0.009477,51.9362,311617.2
2021-02-22,Lumibird,LBIRD.PA,1,991.0,16.54299697,EUR,1.212636,20.0606,19880.05
2021-02-22,Basware Oyj Npv,BAS1V.HE,1,1215.0,36.27240329,EUR,1.212636,43.9852,53442.02
2021-02-22,Biocartis Nv,BCART.BR,1,8308.0,4.48209976,EUR,1.212636,5.4352,45155.64
2021-02-22,Cyberagent Inc Npv,4751.T,1,4000.0,7000.0,JPY,0.009477,66.3419,265367.6
2021-02-23,Biocartis Nv,BCART.BR,1,24303.0,4.48149981,EUR,1.21668,5.4525,132512.11
2021-02-23,Zur Rose Group Ag,ROSE.SW,1,1000.0,423.919,CHF,1.116458,473.2876,473287.6
2021-02-23,Basware Oyj Npv,BAS1V.HE,1,391.0,35.73439898,EUR,1.21668,43.4773,16999.62
2021-02-23,Lumibird,LBIRD.PA,1,8198.0,106.43,JPY,0.009525,1.0138,8311.13
2021-02-24,Jazz Pharmaceuticals Plc,JAZZ,1,3000.0,169.4514,USD,1.0,169.4514,508354.2
2021-02-24,Amplifon Spa,AMP.MI,1,12000.0,33.422,EUR,1.215214,40.6149,487378.8
2021-02-24,Future Plc,FUTR.L,1,10000.0,19.48,GBP,1.412031,27.5064,275064.0
2021-02-24,Ocado Group Plc,OCDO.L,1,10000.0,23.23,GBP,1.412031,32.8015,328015.0
2021-02-25,Aston Martin Lagonda Gbl Hldgs Plc O,AML.L,1,10000.0,21.505,GBP,1.414827,30.4259,304259.0
2021-02-25,Raysearch Laboratories Ab,RAY.ST,1,4750.0,93.8815,SEK,0.120974,11.3572,53946.7
2021-02-25,Raysearch Laboratories Ab,RAY.ST,1,4750.0,0.83249995,EUR,1.217137,1.0133,4813.18
2021-02-25,Raysearch Laboratories Ab,RAY.ST,1,4750.0,93.88149998,SEK,0.120974,11.3572,53946.7
2021-02-26,Raysearch Laboratories Ab,RAY.ST,1,17350.0,92.50630028,SEK,0.120417,11.1393,193266.86
2021-02-26,Raysearch Laboratories Ab,RAY.ST,1,17350.0,92.50630029,SEK,0.120417,11.1393,193266.86
2021-03-01,Zalando SE,ZAL.DE,1,2000.0,85.33643567,EUR,1.208956,103.168,206336.0
2021-03-01,Raysearch Laboratories Ab,RAY.ST,1,7900.0,94.3152,SEK,0.118799,11.2045,88515.55
2021-03-01,Raysearch Laboratories Ab,RAY.ST,1,7900.0,94.31519999,SEK,0.118799,11.2045,88515.55
2021-03-03,Amplifon Spa,AMP.MI,1,5000.0,31.3322,EUR,1.208547,37.8664,189332.0
2021-03-04,Frontier Developments Plc,FDEV.L,1,5320.0,23.68340038,GBP,1.392699,32.9839,175474.35
2021-03-05,Frontier Developments Plc,FDEV.L,1,4680.0,23.618,GBP,1.38941,32.8151,153574.67
2021-03-08,Blackberry Ltd,BB,1,25000.0,9.5649,USD,1.0,9.5649,239122.5
2021-03-10,Hugo Boss Ag,BOSS.DE,1,10000.0,109.19,JPY,0.00921,1.0056,10056.0
2021-03-15,Alk Abello A S,ALK-B.CO,1,990.0,2378.35659596,DKK,0.160719,382.2471,378424.63
2021-03-22,Learning Technologies Group,LTG.L,1,100000.0,1.6227,GBP,1.38326,2.2446,224460.0
2021-03-22,Zur Rose Group Ag,ROSE.SW,1,500.0,332.5545,CHF,1.075223,357.5701,178785.05
2021-03-24,Jeol Ltd,6951.T,1,5000.0,109.81,JPY,0.009215,1.0119,5059.5
2021-03-25,Pva Tepla Ag,TPE.DE,1,12000.0,24.4232,EUR,1.181307,28.8513,346215.6
2021-03-25,Ucb Sa,UCB.BR,-1 ,3000.0,78.7875,EUR,1.181307,93.0722,279216.6
2021-04-01,Ucb Sa,UCB.BR,-1 ,20.0,80.6,EUR,1.172883,94.5344,1890.69
2021-04-02,Raccoon Holdings I Npv,3031.T,1,14000.0,2813.0,JPY,0.009041,25.431,356034.0
2021-04-14,Adevinta Asa B,ADE.OL,1,15000.0,145.9,NOK,0.118142,17.2369,258553.5
2021-04-20,Iqe Plc,IQE.L,-1 ,250000.0,0.56,GBP,1.399384,0.7837,195925.0
2021-04-27,Publicis Groupe,PUB.PA,-1 ,4235.0,53.65590083,EUR,1.208167,64.8253,274535.15
2021-04-28,Thk Co Ltd,6481.T,-1 ,10050.0,3781.36819939,JPY,0.009195,34.7712,349450.56
2021-04-29,Pets At Home Group Plc,PETS.L,1,70000.0,4.3876,GBP,1.395673,6.1237,428659.0
2021-04-30,Zur Rose Group Ag,ROSE.SW,1,500.0,305.25,CHF,1.10011,335.8086,167904.3
2021-05-06,Pva Tepla Ag,TPE.DE,1,10000.0,23.8055,EUR,1.200797,28.5856,285856.0
2021-05-07,Monotaro Co Ltd First Section,3064.T,1,15000.0,2530.14666667,JPY,0.00917,23.2017,348025.5
2021-05-10,Amplifon Spa,AMP.MI,-1 ,5000.0,35.2317,EUR,1.217108,42.8808,214404.0
2021-05-10,Stroeer SE and Co Kgaa,SAX.DE,-1 ,3530.0,70.45,EUR,1.217108,85.7452,302680.56
2021-05-10,Nordic Semiconductor Asa,NOD.OL,-1 ,10000.0,200.9567,NOK,0.121878,24.4922,244922.0
2021-05-11,Nordic Semiconductor Asa,NOD.OL,-1 ,20000.0,193.281,NOK,0.121193,23.4243,468486.0
2021-05-11,Pva Tepla Ag,TPE.DE,-1 ,22000.0,0.82453734,EUR,1.214093,1.0011,22024.2
2021-05-11,Tobii Ab,TOBII.ST,-1 ,30000.0,70.332,SEK,0.120226,8.4558,253674.0
2021-05-11,Dustin Group Ab,DUST.ST,-1 ,16200.0,100.9942,SEK,0.120226,12.1422,196703.64
2021-05-11,Boozt Ab,BOOZT.ST,-1 ,10000.0,179.7248,SEK,0.120226,21.6077,216077.0
2021-05-11,Rakuten Group Inc A D R,RKUNY,-1 ,10000.0,11.7933,USD,1.0,11.7933,117933.0
2021-05-11,Zalando SE,ZAL.DE,-1 ,2090.0,82.43910048,EUR,1.214093,100.0888,209185.59
2021-05-11,Watches Of Switzerland Group,WOSG.L,-1 ,20000.0,6.7804,GBP,1.413128,9.5816,191632.0
2021-05-11,Publicis Groupe,PUB.PA,-1 ,6000.0,54.9905,EUR,1.214093,66.7636,400581.6
2021-05-11,Basware Oyj Npv,BAS1V.HE,-1 ,4100.0,36.8229,EUR,1.214093,44.7064,183296.24
2021-05-11,Slm Solutions Group Ag,AM3D.DE,-1 ,5000.0,16.8734,EUR,1.214093,20.4859,102429.5
2021-05-11,Amplifon Spa,AMP.MI,-1 ,10000.0,33.7827,EUR,1.214093,41.0153,410153.0
2021-05-12,Nippon Ceramic Npv,6929.T,-1 ,2000.0,2742.4,JPY,0.009198,25.2256,50451.2
2021-05-12,Akiba Holding Co Ltd,6840.T,-1 ,3000.0,0.84917756,EUR,1.21445,1.0313,3093.9
2021-05-13,Nippon Ceramic Npv,6929.T,1,2000.0,2710.95,JPY,0.009119,24.7205,49441.0
2021-05-13,Akiba Holding Co Ltd,6840.T,1,3000.0,6226.66666667,JPY,0.009119,56.7795,170338.5
2021-05-13,Advantest Corp Ord(Jp),6857.T,-1 ,3000.0,9017.66666667,JPY,0.009119,82.23,246690.0
2021-05-13,Lasertec Corp,6920.T,-1 ,2000.0,16599.0,JPY,0.009119,151.3623,302724.6
2021-05-17,Adevinta Asa B,ADE.OL,1,15000.0,133.49579997,NOK,0.12168,16.2437,243655.5
2021-05-18,Adyen Bv,ADYEN.AS,1,136.0,1748.75441176,EUR,1.215687,2125.9385,289127.64
2021-05-20,Nordic Semiconductor Asa,NOD.OL,1,15000.0,0.81928438,EUR,1.217285,0.9973,14959.5
2021-05-24,Boozt Ab,BOOZT.ST,1,10000.0,182.1054,SEK,0.120213,21.8915,218915.0
2021-05-24,Asos Plc,ASC.L,1,5000.0,0.820762,EUR,1.218324,1.0,5000.0
2021-05-26,Kahoot Asa,KAHOT.OL,1,50000.0,66.4536,NOK,0.120402,8.0012,400060.0
2021-05-26,Blackberry Ltd,BB,1,75000.0,9.4394,USD,1.0,9.4394,707955.0
2021-06-08,Blackberry Ltd,BB,-1 ,75000.0,16.7337,USD,1.0,16.7337,1255027.5
2021-06-09,Kahoot Asa,KAHOT.OL,1,50000.0,65.9039,NOK,0.120984,7.9733,398665.0
2021-06-09,Ocado Group Plc,OCDO.L,1,10000.0,19.1474,GBP,1.414988,27.0933,270933.0
2021-06-09,Zalando SE,ZAL.DE,1,2000.0,95.1324,EUR,1.217285,115.8033,231606.6
2021-06-11,Boku Inc,BOKU.L,1,325000.0,110.2,JPY,0.00914,1.0072,327340.0
2021-06-16,Pva Tepla Ag,TPE.DE,1,15000.0,22.75,EUR,1.212709,27.5891,413836.5
2021-06-16,Musti Group Oy,MUSTI.HE,1,2050.0,30.93653855,EUR,1.212709,37.517,76909.85
2021-06-16,Musti Group Oy,MUSTI.HE,1,10000.0,6.345939,EUR,1.212709,7.6958,76958.0
2021-06-17,Musti Group Oy,MUSTI.HE,1,7950.0,30.46036701,EUR,1.199559,36.539,290485.05
2021-06-17,Musti Group Oy,MUSTI.HE,1,7950.0,29.95759073,EUR,1.199559,35.9359,285690.4
2021-06-22,Adevinta Asa B,ADE.OL,-1 ,15000.0,166.8657,NOK,0.116579,19.453,291795.0
2021-06-22,Dustin Group Ab,DUST.ST,-1 ,30000.0,103.3305,SEK,0.117155,12.1056,363168.0
2021-06-23,Alk Abello A S,ALK-B.CO,-1 ,600.0,110.93,JPY,0.009037,1.0025,601.5
2021-06-23,Amplifon Spa,AMP.MI,-1 ,5000.0,40.0684,EUR,1.193673,47.8286,239143.0
2021-06-25,Ds Smith Plc,SMDS.L,-1 ,25000.0,4.22,GBP,1.391692,5.8729,146822.5
2021-06-25,Learning Technologies Group,LTG.L,-1 ,50000.0,1.8661,GBP,1.391692,2.597,129850.0
2021-06-25,Interroll Holding Ag,INRN.SW,-1 ,100.0,3685.0,CHF,1.08917,4013.5931,401359.31
2021-06-28,Raccoon Holdings I Npv,3031.T,1,12000.0,8.51881,SEK,0.1178,1.0035,12042.0
2021-06-30,Adevinta Asa B,ADE.OL,-1 ,11000.0,0.845655,EUR,1.190193,1.0065,11071.5
2021-07-20,Tobii Ab,TOBII.ST,1,20000.0,64.2112,SEK,0.115075,7.3891,147782.0
2021-07-21,Kahoot Asa,KAHOT.OL,1,100000.0,40.8819,NOK,0.111118,4.5427,454270.0
2021-07-23,Boozt Ab,BOOZT.ST,1,10000.0,189.9403,SEK,0.115244,21.8895,218895.0
2021-07-29,Materialise Nv A D R,MTLS,1,20000.0,22.687738,USD,1.0,22.6877,453754.0
2021-08-03,Solaredge Technologies Inc,SEDG,1,900.0,295.7118,USD,1.0,295.7118,266140.62
2021-08-11,Hugo Boss Ag,BOSS.DE,-1 ,5000.0,51.739,EUR,1.172333,60.6553,303276.5
2021-08-11,Infineon Technologies A G,IFX.DE,-1 ,11060.0,35.2127,EUR,1.172333,41.281,456567.86
2021-08-12,Alk Abello A S,ALK-B.CO,-1 ,600.0,2953.5167,DKK,0.157892,466.3361,279801.66
2021-08-19,Asm International N V,ASM.AS,-1 ,1000.0,0.852859,EUR,1.17033,0.9981,998.1
2021-08-20,Hugo Boss Ag,BOSS.DE,-1 ,5000.0,47.6093,EUR,1.16766,55.5915,277957.5
2021-08-20,Asm International N V,ASM.AS,-1 ,1000.0,314.2004,EUR,1.16766,366.8791,366879.1
2021-08-24,Tobii Ab,TOBII.ST,1,30000.0,61.8324,SEK,0.114765,7.0962,212886.0
2021-08-27,Materialise Nv A D R,MTLS,1,10000.0,109.89,JPY,0.009087,0.9986,9986.0
2021-08-27,Jazz Pharmaceuticals Plc,JAZZ,1,1000.0,133.461,USD,1.0,133.461,133461.0
2021-08-27,Solaredge Technologies Inc,SEDG,1,900.0,292.548,USD,1.0,292.548,263293.2
2021-08-27,Blackberry Ltd,BB,1,25000.0,11.3115,USD,1.0,11.3115,282787.5
2021-08-27,Taiwan Semiconductor A D R,TSM,1,2000.0,118.5113,USD,1.0,118.5113,237022.6
2021-08-30,Adevinta Asa B,ADE.OL,1,10000.0,184.2795,NOK,0.114814,21.1579,211579.0
2021-08-30,Fnac Darty,FNAC.PA,1,7000.0,57.4101,EUR,1.179901,67.7382,474167.4
2021-08-30,Musti Group Oy,MUSTI.HE,1,5000.0,33.7459,EUR,1.179901,39.8168,199084.0
2021-08-30,Amplifon Spa,AMP.MI,1,5000.0,43.9623,EUR,1.179901,51.8711,259355.5
2021-08-30,Zalando SE,ZAL.DE,1,3000.0,95.5367,EUR,1.179901,112.7238,338171.4
2021-08-30,Pva Tepla Ag,TPE.DE,1,8997.0,34.01010003,EUR,1.179901,40.1285,361036.11
2021-08-30,Biocartis Nv,BCART.BR,1,24144.0,4.14,EUR,1.179901,4.8848,117938.61
2021-08-30,Alk Abello A S,ALK-B.CO,1,400.0,3069.64000002,DKK,0.158665,487.0434,194817.36
2021-08-31,Jeol Ltd,6951.T,1,5000.0,7844.8,JPY,0.009096,71.3527,356763.5
2021-08-31,Yahoo Japan Corporation,4689.T,1,50000.0,698.0,JPY,0.009096,6.3487,317435.0
2021-08-31,Uuum Inc,3990.T,1,10000.0,1397.68,JPY,0.009096,12.7127,127127.0
2021-08-31,Rakuten Group Inc,4755.T,1,30000.0,1120.00000034,JPY,0.009096,10.187,305610.0
2021-08-31,Nidec Corp,6594.T,1,2000.0,12565.0,JPY,0.009096,114.2855,228571.0
2021-08-31,Mercari Inc,4385.T,1,5000.0,5310.0,JPY,0.009096,48.2973,241486.5
2021-08-31,Japan Elevator Ser,6544.T,1,10000.0,2885.53,JPY,0.009096,26.2455,262455.0
2021-08-31,Pets At Home Group Plc,PETS.L,1,30000.0,5.07169987,GBP,1.376046,6.9789,209367.0
2021-08-31,Frontier Developments Plc,FDEV.L,1,10000.0,27.8827,GBP,1.376046,38.3679,383679.0
2021-08-31,Ds Smith Plc,SMDS.L,1,30000.0,4.4446,GBP,1.376046,6.116,183480.0
2021-08-31,Aston Martin Lagonda Gbl Hldgs Plc O,AML.L,1,10000.0,19.6283,GBP,1.376046,27.0094,270094.0
2021-08-31,Asos Plc,ASC.L,1,4000.0,39.4189,GBP,1.376046,54.2422,216968.8
2021-08-31,Pva Tepla Ag,TPE.DE,1,1003.0,34.2615,EUR,1.17969,40.418,40539.25
2021-08-31,Biocartis Nv,BCART.BR,1,15856.0,4.2874,EUR,1.17969,5.0578,80196.48
2021-08-31,Disco Corporation,6146.T,1,1000.0,31500.0,JPY,0.009096,286.5095,286509.5
2021-09-02,Musti Group Oy,MUSTI.HE,1,10000.0,34.1691,EUR,1.184091,40.4593,404593.0
2021-09-02,Slm Solutions Group Ag,AM3D.DE,1,15000.0,23.1286,EUR,1.184091,27.3864,410796.0
2021-09-03,Adevinta Asa B,ADE.OL,1,10000.0,166.993,NOK,0.115714,19.3235,193235.0
2021-09-09,Blackberry Ltd,BB,1,50000.0,10.917,USD,1.0,10.917,545850.0
2021-09-13,Biocartis Nv,BCART.BR,-1 ,2669.0,3.9385,EUR,1.181195,4.6521,12416.45
2021-09-14,Biocartis Nv,BCART.BR,-1 ,14933.0,3.8665,EUR,1.181195,4.5671,68200.5
2021-09-15,Biocartis Nv,BCART.BR,-1 ,35703.0,3.7564,EUR,1.180498,4.4344,158321.38
2021-09-16,Biocartis Nv,BCART.BR,-1 ,8374.0,3.7799,EUR,1.182,4.4678,37413.36
2021-09-17,Biocartis Nv,BCART.BR,-1 ,5771.0,3.8009,EUR,1.176747,4.4727,25811.95
2021-09-20,Ocado Group Plc,OCDO.L,1,10000.0,16.5589,GBP,1.372966,22.7348,227348.0
2021-09-20,Biocartis Nv,BCART.BR,-1 ,6644.0,3.7556,EUR,1.172993,4.4053,29268.81
2021-09-21,Biocartis Nv,BCART.BR,-1 ,8821.0,3.7544,EUR,1.17302,4.404,38847.68
2021-09-22,Biocartis Nv,BCART.BR,-1 ,10553.0,3.7141,EUR,1.172292,4.354,45947.76
2021-09-22,Orpea,ORP.PA,1,4000.0,103.8331,EUR,1.172292,121.7227,486890.8
2021-09-22,Pets At Home Group Plc,PETS.L,1,50000.0,5.1321,GBP,1.365747,7.0092,350460.0
2021-09-22,Basware Oyj Npv,BAS1V.HE,1,752.0,33.0961,EUR,1.172292,38.7983,29176.32
2021-09-22,Watches Of Switzerland Group,WOSG.L,1,20000.0,9.9895,GBP,1.365747,13.6431,272862.0
2021-09-22,Boozt Ab,BOOZT.ST,1,20000.0,160.7228,SEK,0.115103,18.4996,369992.0
2021-09-23,Basware Oyj Npv,BAS1V.HE,1,7248.0,34.7327,EUR,1.16877,40.5946,294229.66
2021-09-23,Biocartis Nv,BCART.BR,-1 ,31632.0,3.84900006,EUR,1.16877,4.4986,142299.72
2021-09-28,Lumibird,LBIRD.PA,1,8795.0,19.236,EUR,1.16968,22.5,197887.5
2021-09-28,Adevinta Asa B,ADE.OL,1,10000.0,8.779471,SEK,0.114863,1.0084,10084.0
2021-09-29,Lumibird,LBIRD.PA,1,1205.0,19.22750207,EUR,1.168634,22.4699,27076.23
2021-09-30,Asos Plc,ASC.L,1,5000.0,30.5987,GBP,1.342642,41.0831,205415.5
2021-10-05,Orpea,ORP.PA,1,2000.0,99.3086,EUR,1.161845,115.3812,230762.4
2021-10-06,Advantest Corp Ord(Jp),6857.T,1,5000.0,9397.4,JPY,0.00897,84.2914,421457.0
2021-10-07,Basware Oyj Npv,BAS1V.HE,1,495.0,32.45339394,EUR,1.155535,37.501,18563.0
2021-10-07,Ds Smith Plc,SMDS.L,1,40000.0,3.8952,GBP,1.359213,5.2944,211776.0
2021-10-07,Asos Plc,ASC.L,1,8000.0,27.0761,GBP,1.359213,36.8022,294417.6
2021-10-08,Accesso Technology Group Plc,ACSO.L,1,25000.0,8.85,GBP,1.362027,12.0539,301347.5
2021-10-08,Ocado Group Plc,OCDO.L,1,10000.0,16.0733,GBP,1.362027,21.8923,218923.0
2021-10-08,Basware Oyj Npv,BAS1V.HE,1,2890.0,32.7564,EUR,1.155976,37.8656,109431.58
2021-10-11,Comture Corp,3844.T,1,10000.0,2930.2,JPY,0.008907,26.0996,260996.0
2021-10-11,Cyberagent Inc Npv,4751.T,1,10000.0,2098.0,JPY,0.008907,18.6871,186871.0
2021-10-11,Japan Elevator Ser,6544.T,1,10000.0,2408.23,JPY,0.008907,21.4503,214503.0
2021-10-11,Raccoon Holdings I Npv,3031.T,1,30000.0,1547.7733,JPY,0.008907,13.7862,413586.0
2021-10-11,Rakuten Group Inc,4755.T,1,25000.0,1099.0,JPY,0.008907,9.7889,244722.5
2021-10-11,Orpea,ORP.PA,1,3000.0,89.206,EUR,1.156604,103.176,309528.0
2021-10-11,Basware Oyj Npv,BAS1V.HE,1,1615.0,32.3253,EUR,1.156604,37.3876,60380.97
2021-10-11,Aston Martin Lagonda Gbl Hldgs Plc O,AML.L,1,10000.0,17.5745,GBP,1.361656,23.9304,239304.0
2021-10-12,Amplifon Spa,AMP.MI,1,5000.0,41.0033,EUR,1.155375,47.3742,236871.0
2021-10-12,Alk Abello A S,ALK-B.CO,1,800.0,2752.5888,DKK,0.155301,427.4804,341984.32
2021-10-12,Alk Abello A S,ALK-B.CO,1,800.0,2752.5888,DKK,0.155301,427.4804,341984.32
2021-10-13,Future Plc Shs,FUTR.L,1,10000.0,48.74469334,USD,1.0,48.7447,487447.0
2021-10-13,Blackberry Ltd,BB,1,50000.0,9.6873,USD,1.0,9.6873,484365.0
2021-10-13,Fnac Darty,FNAC.PA,1,4000.0,55.4188,EUR,1.153403,63.9202,255680.8
2021-10-13,Dermapharm Hldg,DMP.DE,1,5000.0,81.9208,EUR,1.153403,94.4877,472438.5
2021-10-13,Ocado Group Plc,OCDO.L,1,20000.0,16.9361,GBP,1.357884,22.9973,459946.0
2021-10-13,Ds Smith Plc,SMDS.L,1,40000.0,3.8472,GBP,1.357884,5.2241,208964.0
2021-10-13,Aston Martin Lagonda Gbl Hldgs Plc O,AML.L,1,25000.0,17.7929,GBP,1.357884,24.1607,604017.5
2021-10-14,B H P Billiton Limited A D R,BHP,1,11000.0,56.9064,USD,1.0,56.9064,625970.4
2021-10-14,Stmicroelectronics N V,STM,1,10000.0,42.02,USD,1.0,42.02,420200.0
2021-10-14,Rio Tinto Plc A D R,RIO,1,10000.0,70.5581,USD,1.0,70.5581,705581.0
2021-10-14,Raysearch Laboratories Ab,RAY.ST,1,3056.0,58.03010144,SEK,0.115155,6.6825,20421.72
2021-10-14,Nordic Semiconductor Asa,NOD.OL,1,10000.0,272.2336,NOK,0.117826,32.0762,320762.0
2021-10-14,Boku Inc,BOKU.L,1,125000.0,1.85,GBP,1.366923,2.5288,316100.0
2021-10-14,Slm Solutions Group Ag,AM3D.DE,1,10000.0,17.8169,EUR,1.159958,20.6669,206669.0
2021-10-15,Raysearch Laboratories Ab,RAY.ST,1,4518.0,58.70339973,SEK,0.115867,6.8018,30730.53
2021-10-18,Raysearch Laboratories Ab,RAY.ST,1,1191.0,58.37560034,SEK,0.116191,6.7827,8078.2
2021-10-19,Raysearch Laboratories Ab,RAY.ST,1,3891.0,58.4136,SEK,0.115472,6.7451,26245.18
2021-10-20,Vitec Software Group Ab B Sh,VITB.ST,1,10000.0,471.3555,SEK,0.115913,54.6363,546363.0
2021-10-20,Jazz Pharmaceuticals Plc,JAZZ,1,3000.0,145.0,USD,1.0,145.0,435000.0
2021-10-20,Materialise Nv A D R,MTLS,1,15000.0,23.24,USD,1.0,23.24,348600.0
2021-10-20,Raysearch Laboratories Ab,RAY.ST,1,5475.0,58.71170046,SEK,0.115913,6.8055,37260.11
2021-10-20,Capital Counties Properties Plc,CAPC.L,1,100000.0,1.579,GBP,1.37932,2.1779,217790.0
2021-10-20,Learning Technologies Group,LTG.L,1,100000.0,2.1162,GBP,1.37932,2.9189,291890.0
2021-10-21,Disco Corporation,6146.T,1,1000.0,30750.0,JPY,0.008742,268.8196,268819.6
2021-10-21,Raysearch Laboratories Ab,RAY.ST,1,6428.0,59.6761,SEK,0.116481,6.9511,44681.67
2021-10-21,Lasertec Corp,6920.T,1,1000.0,25800.0,JPY,0.008742,225.5462,225546.2
2021-10-22,Raysearch Laboratories Ab,RAY.ST,1,5441.0,60.34600074,SEK,0.116282,7.0171,38180.04
2021-10-26,Yahoo Japan Corporation,4689.T,1,50000.0,690.9,JPY,0.00879,6.073,303650.0
2021-10-26,Nidec Corp,6594.T,1,4000.0,12600.0,JPY,0.00879,110.7546,443018.4
2021-10-26,Gvc Holdings Plc,GVC.L,1,10000.0,0.726258,GBP,1.376444,0.9997,9997.0
2021-10-27,Frontier Developments Plc,FDEV.L,1,10000.0,0.732154,GBP,1.376614,1.0079,10079.0
2021-10-29,Pva Tepla Ag,TPE.DE,1,10000.0,39.3211,EUR,1.168361,45.9412,459412.0
2021-11-04,Hugo Boss Ag,BOSS.DE,1,10000.0,54.9108,EUR,1.161575,63.783,637830.0
2021-11-04,Monotaro Co Ltd First Section,3064.T,1,15000.0,2360.0,JPY,0.008767,20.6891,310336.5
2021-11-05,Kahoot Asa,KAHOT.OL,1,50000.0,47.0291,NOK,0.117002,5.5025,275125.0
2021-11-05,Pva Tepla Ag,TPE.DE,1,8000.0,39.5568,EUR,1.155535,45.7093,365674.4
2021-11-05,Grupo Aeroportuario Sure Spon A D R,ASR,1,3500.0,206.5943,USD,1.0,206.5943,723080.05
2021-11-15,Solaredge Technologies Inc,SEDG,-1 ,1600.0,364.0345,USD,1.0,364.0345,582455.2
2021-11-17,B H P Billiton Limited A D R,BHP,-1 ,20000.0,52.8025,USD,1.0,52.8025,1056050.0
2021-11-17,Rio Tinto Plc A D R,RIO,-1 ,18000.0,60.7959,USD,1.0,60.7959,1094326.2
2021-11-18,Mister Spex SE Npv,MRX.DE,1,4500.0,13.9051,EUR,1.132118,15.7422,70839.9
2021-11-19,Cyberagent Inc Npv,4751.T,1,20000.0,2217.0,JPY,0.00875,19.3994,387988.0
2021-11-22,Moonpig Group Plc Ord,MOON.L,-1 ,24362.0,3.36179993,GBP,1.343454,4.5164,110028.54
2021-11-23,Moonpig Group Plc Ord,MOON.L,-1 ,33228.0,3.304,GBP,1.339764,4.4266,147087.06
2021-11-23,Slm Solutions Group Ag,AM3D.DE,1,7803.0,16.3788,EUR,1.124215,18.4133,143678.98
2021-11-24,Mister Spex SE Npv,MRX.DE,1,40500.0,12.5593,EUR,1.124493,14.1228,571973.4
2021-11-24,Slm Solutions Group Ag,AM3D.DE,1,2197.0,16.1008,EUR,1.124493,18.1052,39777.12
2021-11-24,Moonpig Group Plc Ord,MOON.L,-1 ,47410.0,3.3048,GBP,1.337596,4.4205,209575.9
2021-12-02,Gvc Holdings Plc,GVC.L,1,15000.0,16.5152,GBP,1.328,21.9322,328983.0
2021-12-02,Zalando SE,ZAL.DE,1,3000.0,76.4599,EUR,1.131952,86.5489,259646.7
2021-12-06,Raccoon Holdings I Npv,3031.T,-1 ,56000.0,1082.7479,JPY,0.008846,9.5783,536384.8
2021-12-08,Mercadolibre Inc,MELI,1,500.0,1205.4019,USD,1.0,1205.4019,602700.95
2021-12-08,Orpea,ORP.PA,1,3000.0,83.2494,EUR,1.12765,93.8762,281628.6
2021-12-08,Hugo Boss Ag,BOSS.DE,1,5000.0,113.44,JPY,0.008809,0.9993,4996.5
2021-12-10,Stmicroelectronics N V,STM,-1 ,20100.0,48.1943,USD,1.0,48.1943,968705.43
2021-12-17,Umicore,UMI.BR,-1 ,10030.0,35.3,EUR,1.133414,40.0095,401295.28
2021-12-20,Mercadolibre Inc,MELI,1,250.0,1192.8262,USD,1.0,1192.8262,298206.55
2021-12-22,Uuum Inc,3990.T,-1 ,29030.0,733.57247675,JPY,0.008772,6.4352,186813.86
2021-12-27,Pva Tepla Ag,TPE.DE,-1 ,10000.0,41.4439,EUR,1.132426,46.9321,469321.0
2021-12-27,Blackberry Ltd,BB,-1 ,60000.0,9.362,USD,1.0,9.362,561720.0
2021-12-27,Jazz Pharmaceuticals Plc,JAZZ,-1 ,2000.0,128.0757,USD,1.0,128.0757,256151.4
2021-12-30,Nordic Semiconductor Asa,NOD.OL,-1 ,10000.0,297.0175,NOK,0.113994,33.8583,338583.0
2021-12-30,Boku Inc,BOKU.L,-1 ,45000.0,1.653,GBP,1.349879,2.2314,100413.0
2021-12-30,Materialise Nv A D R,MTLS,-1 ,10000.0,24.6387,USD,1.0,24.6387,246387.0
2021-12-30,Fnac Darty,FNAC.PA,-1 ,5000.0,56.5825,EUR,1.136015,64.2786,321393.0
2021-12-31,Nidec Corp,6594.T,-1 ,3000.0,13555.59933333,JPY,0.008691,117.8102,353430.6
2021-12-31,Boku Inc,BOKU.L,-1 ,10000.0,1.641,GBP,1.349837,2.2151,22151.0
2022-01-04,Watches Of Switzerland Group,WOSG.L,-1 ,10000.0,15.7909,GBP,1.348327,21.2913,212913.0
2022-01-04,Vitec Software Group Ab B Sh,VITB.ST,-1 ,1977.0,534.5706,SEK,0.109894,58.7463,116141.44
2022-01-05,Vitec Software Group Ab B Sh,VITB.ST,-1 ,3123.0,536.5046,SEK,0.10996,58.9941,184238.57
2022-01-12,Future Plc,FUTR.L,-1 ,10000.0,35.0364,GBP,1.363327,47.7661,477661.0
2022-01-12,Raysearch Laboratories Ab,RAY.ST,-1 ,6145.0,51.4954,SEK,0.110676,5.6993,35022.2
2022-01-12,Dermapharm Hldg,DMP.DE,-1 ,6000.0,75.8457,EUR,1.136648,86.2098,517258.8
2022-01-12,Aston Martin Lagonda Gbl Hldgs Plc O,AML.L,-1 ,25000.0,14.1082,GBP,1.363327,19.2341,480852.5
2022-01-13,Raysearch Laboratories Ab,RAY.ST,-1 ,4574.0,50.5204,SEK,0.111941,5.6553,25867.34
2022-01-14,Raysearch Laboratories Ab,RAY.ST,-1 ,12025.0,49.4626,SEK,0.112068,5.5432,66656.98
2022-01-17,Rakuten Group Inc,4755.T,-1 ,30000.0,1092.0,JPY,0.008748,9.5533,286599.0
2022-01-17,Cyberagent Inc Npv,4751.T,-1 ,30120.0,1807.45288845,JPY,0.008748,15.8124,476269.49
2022-01-17,Raysearch Laboratories Ab,RAY.ST,-1 ,16845.0,47.8042,SEK,0.11079,5.2962,89214.49
2022-01-18,Raysearch Laboratories Ab,RAY.ST,-1 ,10280.0,46.4667,SEK,0.110903,5.1533,52975.92
2022-01-19,Raysearch Laboratories Ab,RAY.ST,-1 ,8260.0,46.68130024,SEK,0.109579,5.1153,42252.38
2022-01-20,Raysearch Laboratories Ab,RAY.ST,-1 ,14447.0,47.8417,SEK,0.109744,5.2503,75851.08
2022-01-21,Raysearch Laboratories Ab,RAY.ST,-1 ,11568.0,46.46149983,SEK,0.108474,5.0399,58301.56
2022-01-21,Dermapharm Hldg,DMP.DE,-1 ,2879.0,71.43500174,EUR,1.131375,80.8198,232680.2
2022-01-24,Capital Counties Properties Plc,CAPC.L,-1 ,100000.0,1.7187,GBP,1.355583,2.3298,232980.0
2022-01-24,Boku Inc,BOKU.L,-1 ,105000.0,1.62,GBP,1.355583,2.196,230580.0
2022-01-24,Boozt Ab,BOOZT.ST,-1 ,10000.0,159.7017,SEK,0.108801,17.3757,173757.0
2022-01-24,Zalando SE,ZAL.DE,-1 ,3000.0,64.5606,EUR,1.134147,73.2212,219663.6
2022-01-24,Raysearch Laboratories Ab,RAY.ST,-1 ,16056.0,9.3341,SEK,0.108801,1.0156,16306.47
2022-01-25,Disco Corporation,6146.T,-1 ,1000.0,32600.0,JPY,0.008771,285.9373,285937.3
2022-01-25,Mercari Inc,4385.T,-1 ,5000.0,4795.0,JPY,0.008771,42.0573,210286.5
2022-01-25,Advantest Corp Ord(Jp),6857.T,-1 ,2000.0,9810.0,JPY,0.008771,86.0443,172088.6
2022-01-28,Orpea,ORP.PA,1,10000.0,8.4001,SEK,0.106655,0.8959,8959.0
2022-01-31,Mercadolibre Inc,MELI,1,100.0,1106.01,USD,1.0,1106.01,110601.0
2022-02-01,Mister Spex SE Npv,MRX.DE,1,4657.0,10.57100064,EUR,1.122965,11.8709,55282.78
2022-02-01,Mister Spex SE Npv,MRX.DE,1,6111.0,10.57099984,EUR,1.122965,11.8709,72543.07
2022-02-01,Mister Spex SE Npv,MRX.DE,1,1454.0,10.571,EUR,1.122965,11.8709,17260.29
2022-02-02,Mercadolibre Inc,MELI,1,200.0,1167.485,USD,1.0,1167.485,233497.0
2022-02-02,Mister Spex SE Npv,MRX.DE,1,18889.0,10.6087,EUR,1.127396,11.9602,225916.22
2022-02-08,Ocado Group Plc,OCDO.L,-1 ,10100.0,12.8798,GBP,1.353781,17.4364,176107.64
2022-02-08,Learning Technologies Group,LTG.L,-1 ,100000.0,1.61,GBP,1.353781,2.1796,217960.0
2022-02-08,Adyen Bv,ADYEN.AS,1,100.0,1621.543,EUR,1.144296,1855.5247,185552.47
2022-02-08,Tobii Ab,TOBII.ST,1,13809.0,35.09799986,SEK,0.109676,3.8494,53156.36
2022-02-09,Tobii Ab,TOBII.ST,1,16191.0,35.24199988,SEK,0.109494,3.8588,62477.83
2022-02-22,Solaredge Technologies Inc,SEDG,-1 ,2000.0,250.62,USD,1.0,250.62,501240.0
2022-02-22,Entain Plc,ENT.L,-1 ,15000.0,16.4437,GBP,1.359601,22.3569,335353.5
2022-02-22,Frontier Developments Plc,FDEV.L,-1 ,10000.0,12.0,GBP,1.359601,16.3152,163152.0
2022-02-23,Ocado Group Plc,OCDO.L,-1 ,10000.0,13.299,GBP,1.358936,18.0725,180725.0
2022-02-23,Ds Smith Plc,SMDS.L,-1 ,50000.0,3.6342,GBP,1.358936,4.9386,246930.0
2022-02-24,Z Holdings Corp,4689.T,-1 ,50000.0,545.5,JPY,0.008703,4.7477,237385.0
2022-02-25,Boku Inc,BOKU.L,1,100000.0,1.37,GBP,1.337327,1.8321,183210.0
2022-02-25,Zalando SE,ZAL.DE,1,3000.0,55.2757,EUR,1.119069,61.8573,185571.9
2022-03-01,Monotaro Co Ltd First Section,3064.T,-1 ,15000.0,2180.0,JPY,0.00869,18.9437,284155.5
2022-03-01,Entain Plc,ENT.L,-1 ,20000.0,15.807,GBP,1.342282,21.2174,424348.0
2022-03-03,Dermapharm Hldg,DMP.DE,-1 ,4121.0,60.8075,EUR,1.111235,67.5714,278461.74
2022-03-04,Ebro Foods Sa,EBRO.MC,1,20000.0,17.0361,EUR,1.106684,18.8536,377072.0
2022-03-08,Vitec Software Group Ab B Sh,VITB.ST,-1 ,3000.0,383.0081,SEK,0.100163,38.3634,115090.2
2022-03-08,Asos Plc,ASC.L,-1 ,6415.0,17.02559938,GBP,1.31123,22.3245,143211.67
2022-03-08,Zalando SE,ZAL.DE,-1 ,2400.0,44.745,EUR,1.086531,48.6168,116680.32
2022-03-08,Aston Martin Lagonda Gbl Hldgs Plc O,AML.L,-1 ,12000.0,7.7701,GBP,1.31123,10.1884,122260.8
2022-03-08,Tobii Ab,TOBII.ST,-1 ,24000.0,27.5196,SEK,0.100163,2.7565,66156.0
2022-03-08,Boku Inc,BOKU.L,-1 ,10000.0,1.18,GBP,1.31123,1.5473,15473.0
2022-03-08,Amplifon Spa,AMP.MI,-1 ,3000.0,37.7588,EUR,1.086531,41.0261,123078.3
2022-03-08,Future Plc,FUTR.L,-1 ,8030.0,22.87,GBP,1.31123,29.9878,240802.03
2022-03-08,Frontier Developments Plc,FDEV.L,-1 ,6000.0,11.78,GBP,1.31123,15.4463,92677.8
2022-03-08,Boozt Ab,BOOZT.ST,-1 ,10000.0,135.3168,SEK,0.100163,13.5538,135538.0
2022-03-08,Learning Technologies Group,LTG.L,-1 ,60000.0,1.4897,GBP,1.31123,1.9533,117198.0
2022-03-08,Capital Counties Properties Plc,CAPC.L,-1 ,50000.0,1.5173,GBP,1.31123,1.9895,99475.0
2022-03-08,Watches Of Switzerland Group,WOSG.L,-1 ,10000.0,9.589,GBP,1.31123,12.5734,125734.0
2022-03-08,Zoo Digital Group,ZOO.L,-1 ,5000.0,1.0,GBP,1.31123,1.3112,6556.0
2022-03-08,Ocado Group Plc,OCDO.L,-1 ,12000.0,11.4166,GBP,1.31123,14.9698,179637.6
2022-03-08,Zur Rose Group Ag,ROSE.SW,-1 ,600.0,134.8187,CHF,1.080555,145.6791,87407.46
2022-03-08,Mercadolibre Inc,MELI,-1 ,210.0,935.72,USD,1.0,935.72,196501.2
2022-03-08,Grupo Aeroportuario Sure Spon A D R,ASR,-1 ,700.0,183.389,USD,1.0,183.389,128372.3
2022-03-08,Jazz Pharmaceuticals Plc,JAZZ,-1 ,1000.0,155.2726,USD,1.0,155.2726,155272.6
2022-03-08,Taiwan Semiconductor A D R,TSM,-1 ,1600.0,99.5114,USD,1.0,99.5114,159218.24
2022-03-08,Materialise Nv A D R,MTLS,-1 ,7000.0,19.0165,USD,1.0,19.0165,133115.5
2022-03-08,Blackberry Ltd,BB,-1 ,28000.0,6.3671,USD,1.0,6.3671,178278.8
2022-03-08,Pets At Home Group Plc,PETS.L,-1 ,30000.0,3.53,GBP,1.31123,4.6286,138858.0
2022-03-08,Tobii Dynavox Ab Npv,TDVOX.ST,-1 ,18000.0,19.5828,SEK,0.100163,1.9615,35307.0
2022-03-08,Pva Tepla Ag,TPE.DE,-1 ,6600.0,20.4399,EUR,1.086531,22.2086,146576.76
2022-03-08,Alk Abello A S,ALK-B.CO,-1 ,400.0,2648.435,DKK,0.145995,386.6593,154663.72
2022-03-08,Comture Corp,3844.T,-1 ,6000.0,2981.34166667,JPY,0.008668,25.8409,155045.4
2022-03-08,Disco Corporation,6146.T,-1 ,600.0,28130.0,JPY,0.008668,243.8179,146290.74
2022-03-08,Monotaro Co Ltd First Section,3064.T,-1 ,6000.0,2244.0,JPY,0.008668,19.45,116700.0
2022-03-08,Z Holdings Corp,4689.T,-1 ,20000.0,491.0,JPY,0.008668,4.2558,85116.0
2022-03-08,Nidec Corp,6594.T,-1 ,2000.0,8998.0,JPY,0.008668,77.9905,155981.0
2022-03-08,Cyberagent Inc Npv,4751.T,-1 ,5000.0,1333.0,JPY,0.008668,11.5538,57769.0
2022-03-08,Japan Elevator Ser,6544.T,-1 ,10000.0,1455.27,JPY,0.008668,12.6136,126136.0
2022-03-08,Adevinta Asa B,ADE.OL,-1 ,10000.0,89.6921,NOK,0.110592,9.9192,99192.0
2022-03-08,Kahoot Asa,KAHOT.OL,-1 ,50000.0,23.3312,NOK,0.110592,2.5802,129010.0
2022-03-08,Nordic Semiconductor Asa,NOD.OL,-1 ,4500.0,222.0389,NOK,0.110592,24.5556,110500.2
2022-03-08,Adyen Bv,ADYEN.AS,-1 ,80.0,1495.91,EUR,1.086531,1625.353,130028.24
2022-03-08,Rakuten Group Inc,4755.T,-1 ,1300.0,900.0,JPY,0.008668,7.8008,10141.04
2022-03-08,Entain Plc,ENT.L,-1 ,6000.0,14.48,GBP,1.31123,18.9866,113919.6
2022-03-08,Orpea,ORP.PA,-1 ,4400.0,34.9153,EUR,1.086531,37.9366,166921.04
2022-03-08,Lumibird,LBIRD.PA,-1 ,6600.0,18.8536,EUR,1.086531,20.485,135201.0
2022-03-08,Hugo Boss Ag,BOSS.DE,-1 ,3000.0,44.0863,EUR,1.086531,47.9011,143703.3
2022-03-08,Fnac Darty,FNAC.PA,-1 ,3000.0,43.4244,EUR,1.086531,47.182,141546.0
2022-03-08,Mister Spex SE Npv,MRX.DE,-1 ,14000.0,9.1008,EUR,1.086531,9.8883,138436.2
2022-03-08,Slm Solutions Group Ag,AM3D.DE,-1 ,10000.0,12.0424,EUR,1.086531,13.0844,130844.0
2022-03-08,Ds Smith Plc,SMDS.L,-1 ,30000.0,2.9826,GBP,1.31123,3.9109,117327.0
2022-03-08,Musti Group Oy,MUSTI.HE,-1 ,5000.0,20.6014,EUR,1.086531,22.3841,111920.5
2022-03-08,Basware Oyj Npv,BAS1V.HE,-1 ,4400.0,21.0056,EUR,1.086531,22.8232,100422.08
2022-03-08,Accesso Technology Group Plc,ACSO.L,-1 ,20000.0,6.7127,GBP,1.31123,8.8019,176038.0
2022-03-09,Jazz Pharmaceuticals Plc,JAZZ,-1 ,4000.0,155.0252,USD,1.0,155.0252,620100.8
2022-03-09,Ebro Foods Sa,EBRO.MC,-1 ,20000.0,16.1195,EUR,1.089823,17.5674,351348.0
2022-03-09,Boku Inc,BOKU.L,-1 ,68000.0,1.1559,GBP,1.309929,1.5141,102958.8
2022-03-09,Zoo Digital Group,ZOO.L,-1 ,10000.0,1.005,GBP,1.309929,1.3165,13165.0
2022-03-09,Pets At Home Group Plc,PETS.L,-1 ,20000.0,3.6958,GBP,1.309929,4.8412,96824.0
2022-03-16,Asml Holding Nv Ny Reg Shs,ASML,1,700.0,622.9358,USD,1.0,622.9358,436055.06
2022-03-28,Zur Rose Group Ag,ROSE.SW,-1 ,2400.0,114.1271,CHF,1.073802,122.55,294120.0
2022-03-28,Alk Abello A S Ser B,ALK-B.CO,-1 ,400.0,147.0013,DKK,0.147641,21.7034,8681.36
2022-03-29,Tobii Dynavox Ab Npv,TDVOX.ST,-1 ,28192.0,21.9097,SEK,0.105464,2.3107,65143.25
2022-03-30,Tobii Dynavox Ab Npv,TDVOX.ST,-1 ,43808.0,21.619,SEK,0.10725,2.3186,101573.23
2022-04-04,Nutrien Ltd,NTR,1,5000.0,104.91,USD,1.0,104.91,524550.0
2022-04-04,Japan Elevator Ser,6544.T,-1 ,31000.0,1615.81767742,JPY,0.008156,13.1785,408533.5
2022-04-04,Capital Counties Properties Plc,CAPC.L,-1 ,200638.0,1.70200002,GBP,1.310376,2.2303,447482.93
2022-04-04,Uuum Inc,3990.T,1,30000.0,1305.4457,JPY,0.008156,10.6471,319413.0
2022-04-05,Blackberry Ltd,BB,-1 ,62000.0,7.01,USD,1.0,7.01,434620.0
2022-04-06,Nutrien Ltd,NTR,1,2000.0,102.4789,USD,1.0,102.4789,204957.8
2022-04-08,Ocado Group Plc,OCDO.L,-1 ,8000.0,12.3425,GBP,1.306933,16.1308,129046.4
2022-04-08,Uuum Inc,3990.T,1,15000.0,1266.638,JPY,0.008058,10.2069,153103.5
2022-04-08,Ebro Foods Sa,EBRO.MC,1,1327.0,16.3686737,EUR,1.086484,17.7843,23599.77
2022-04-11,Ebro Foods Sa,EBRO.MC,1,7339.0,16.3924,EUR,1.088495,17.843,130949.78
2022-04-12,Ebro Foods Sa,EBRO.MC,1,11334.0,16.28679989,EUR,1.087796,17.7167,200801.08
2022-04-14,Basware Oyj Npv,BAS1V.HE,-1 ,17600.0,39.6,EUR,1.089657,43.1504,759447.04
2022-04-14,Cresud S A Spon A D R,CRESY,1,30000.0,9.2143,USD,1.0,9.2143,276429.0
2022-04-19,Cresud S A Spon A D R,CRESY,1,30000.0,9.5882,USD,1.0,9.5882,287646.0
2022-04-27,Cresud S A Spon A D R,CRESY,1,20000.0,7.9868,USD,1.0,7.9868,159736.0
2022-04-27,Ebro Foods Sa,EBRO.MC,1,5660.0,16.737,EUR,1.064362,17.8142,100828.37
2022-04-28,Ebro Foods Sa,EBRO.MC,1,4340.0,17.05529954,EUR,1.055509,18.002,78128.68
2022-04-28,Nordic Semiconductor Asa,NOD.OL,1,15000.0,0.800225,GBP,1.254186,1.0036,15054.0
2022-05-02,Advantest Corp Ord(Jp),6857.T,-1 ,4000.0,8870.0,JPY,0.007692,68.225,272900.0
2022-05-04,Materialise Nv A D R,MTLS,1,5000.0,17.2672,USD,1.0,17.2672,86336.0
2022-05-04,Watches Of Switzerland Group,WOSG.L,1,10000.0,9.6225,GBP,1.250041,12.0285,120285.0
2022-05-05,Zalando SE,ZAL.DE,1,3400.0,33.8615,EUR,1.062248,35.9693,122295.62
2022-05-06,Slm Solutions Group Ag,AM3D.DE,1,28.0,10.3887,EUR,1.053974,10.9494,306.58
2022-05-06,Slm Solutions Group Ag,AM3D.DE,1,6538.0,10.38869991,EUR,1.053974,10.9494,71587.18
2022-05-06,Slm Solutions Group Ag,AM3D.DE,1,6510.0,10.38870046,EUR,1.053974,10.9494,71280.59
2022-05-09,Slm Solutions Group Ag,AM3D.DE,1,2361.0,10.24779896,EUR,1.053219,10.7932,25482.75
2022-05-09,Jeol Ltd,6951.T,-1 ,5050.0,5905.44534653,JPY,0.007648,45.1663,228089.82
2022-05-09,Slm Solutions Group Ag,AM3D.DE,1,3462.0,10.24779896,EUR,1.053219,10.7932,37366.06
2022-05-09,Slm Solutions Group Ag,AM3D.DE,1,1101.0,10.2478,EUR,1.053219,10.7932,11883.31
2022-05-11,Mercadolibre Inc,MELI,1,140.0,716.18,USD,1.0,716.18,100265.2
2022-05-11,Mister Spex SE Npv,MRX.DE,1,14000.0,5.6005,EUR,1.053297,5.899,82586.0
2022-05-12,Comture Corp,3844.T,-1 ,6080.0,2725.10855263,JPY,0.007702,20.989,127613.12
2022-05-12,Z Holdings Corp,4689.T,-1 ,30500.0,430.1,JPY,0.007702,3.3127,101037.35
2022-05-12,Disco Corporation,6146.T,-1 ,2360.0,31400.0,JPY,0.007702,241.8454,570755.14
2022-05-12,Nidec Corp,6594.T,-1 ,3000.0,8116.0,JPY,0.007702,62.5101,187530.3
2022-05-13,Raysearch Laboratories Ab,RAY.ST,1,4000.0,59.889,SEK,0.098478,5.8977,23590.8
2022-05-16,Advantest Corp Ord(Jp),6857.T,-1 ,4000.0,8791.425,JPY,0.007726,67.9231,271692.4
2022-05-16,Subaru Corporation,7270.T,1,30000.0,2160.2593,JPY,0.007726,16.6903,500709.0
2022-05-17,Raysearch Laboratories Ab,RAY.ST,1,10747.0,68.84970038,SEK,0.099434,6.846,73573.96
2022-05-18,Raysearch Laboratories Ab,RAY.ST,1,13278.0,68.51209971,SEK,0.100752,6.9027,91654.05
2022-05-18,Orpea,ORP.PA,-1 ,17600.0,24.8922,EUR,1.054786,26.2559,462103.84
2022-05-18,Raysearch Laboratories Ab,RAY.ST,1,16058.0,68.51209989,SEK,0.100752,6.9027,110843.56
2022-05-18,Raysearch Laboratories Ab,RAY.ST,1,2780.0,68.51209989,SEK,0.100752,6.9027,19189.51
2022-05-19,Raysearch Laboratories Ab,RAY.ST,1,13195.0,0.940084,EUR,1.047274,0.9845,12990.48
2022-05-20,Watches Of Switzerland Group,WOSG.L,1,10000.0,9.1016,GBP,1.246215,11.3425,113425.0
2022-05-23,Mercadolibre Inc,MELI,1,240.0,776.5534,USD,1.0,776.5534,186372.82
2022-05-24,Mercadolibre Inc,MELI,1,120.0,715.065,USD,1.0,715.065,85807.8
2022-05-24,Watches Of Switzerland Group,WOSG.L,1,10000.0,9.0961,GBP,1.256755,11.4316,114316.0
2022-05-26,Uuum Inc,3990.T,1,5000.0,1256.46,JPY,0.007865,9.8816,49408.0
2022-05-27,Watches Of Switzerland Group,WOSG.L,1,10000.0,9.49,GBP,1.261734,11.9739,119739.0
2022-05-27,Tobii Ab,TOBII.ST,1,24000.0,128.9,JPY,0.007871,1.0146,24350.4
2022-06-13,Mercadolibre Inc,MELI,1,100.0,622.96,USD,1.0,622.96,62296.0
2022-06-14,Cyberagent Inc Npv,4751.T,-1 ,16000.0,1299.0,JPY,0.00745,9.6778,154844.8
2022-06-27,Fnac Darty,FNAC.PA,-1 ,3000.0,42.2103,EUR,1.056613,44.6,133800.0
2022-06-27,Taiwan Semiconductor A D R,TSM,-1 ,1450.0,87.0,USD,1.0,87.0,126150.0
2022-06-28,Uuum Inc,3990.T,-1 ,10000.0,1387.988,JPY,0.007384,10.2484,102484.0
2022-07-06,Raysearch Laboratories Ab,RAY.ST,1,1026.0,60.87469786,SEK,0.095091,5.7886,5939.1
2022-07-06,Hugo Boss Ag Npv Regd,BOSS.DE,-1 ,2000.0,50.4789,EUR,1.025767,51.7796,103559.2
2022-07-06,Ebro Foods Sa,EBRO.MC,-1 ,5000.0,15.9513,EUR,1.025767,16.3623,81811.5
2022-07-06,Raysearch Laboratories Ab,RAY.ST,1,1586.0,60.8747,SEK,0.095091,5.7886,9180.72
2022-07-06,Raysearch Laboratories Ab,RAY.ST,1,560.0,60.8747,SEK,0.095091,5.7886,3241.62
2022-07-07,Taiwan Semiconductor A D R,TSM,1,2000.0,78.67,USD,1.0,78.67,157340.0
2022-07-07,Raysearch Laboratories Ab,RAY.ST,1,3922.0,62.86770015,SEK,0.094889,5.9654,23396.3
2022-07-07,Lumibird,LBIRD.PA,-1 ,6000.0,19.15,EUR,1.018641,19.507,117042.0
2022-07-08,Raysearch Laboratories Ab,RAY.ST,1,4771.0,64.91719975,SEK,0.0951,6.1736,29454.25
2022-07-11,Watches Of Switzerland Group,WOSG.L,1,20000.0,7.5714,GBP,1.201663,9.0983,181966.0
2022-07-11,Raysearch Laboratories Ab,RAY.ST,1,5719.0,64.73649939,SEK,0.094906,6.1439,35136.96
2022-07-12,Raysearch Laboratories Ab,RAY.ST,1,4002.0,63.8848001,SEK,0.094211,6.0187,24086.84
2022-07-13,Ebro Foods Sa,EBRO.MC,-1 ,12799.0,15.51969998,EUR,1.003311,15.5711,199294.51
2022-07-14,Ebro Foods Sa,EBRO.MC,-1 ,12201.0,15.38870011,EUR,1.003271,15.439,188371.24
2022-07-14,Olympus Corp,7733.T,1,11000.0,2650.0,JPY,0.007266,19.2548,211802.8
2022-08-02,Mercari Inc,4385.T,-1 ,12000.0,2408.0,JPY,0.0076,18.3018,219621.6
2022-08-09,Suzuki Motor Corp Ord,7269.T,1,7000.0,4702.0,JPY,0.007416,34.871,244097.0
2022-08-11,Pva Tepla Ag,TPE.DE,-1 ,12000.0,21.287,EUR,1.030078,21.9273,263127.6
2022-08-12,Stroeer SE and Co Kgaa,SAX.DE,1,5000.0,46.0242,EUR,1.031672,47.4819,237409.5
2022-08-16,Hugo Boss Ag Npv Regd,BOSS.DE,-1 ,2000.0,57.7214,EUR,1.016198,58.6564,117312.8
2022-08-16,Adyen Bv,ADYEN.AS,-1 ,100.0,1860.412,EUR,1.016198,1890.5472,189054.72
2022-08-16,Pva Tepla Ag,TPE.DE,-1 ,14400.0,21.6088,EUR,1.016198,21.9588,316206.72
2022-08-16,Zoo Digital Group,ZOO.L,-1 ,10000.0,1.4,GBP,1.205691,1.688,16880.0
2022-08-22,Taiwan Semiconductor A D R,TSM,-1 ,7000.0,85.29,USD,1.0,85.29,597030.0
2022-08-24,Cresud S A Spon A D R,CRESY,1,14661.0,6.6308,USD,1.0,6.6308,97214.16
2022-08-25,Cresud S A Spon A D R,CRESY,1,25339.0,6.91070011,USD,1.0,6.9107,175110.23
2022-09-02,Watches Of Switzerland Group,WOSG.L,1,20000.0,1.0,GBP,1.154894,1.1549,23098.0
2022-09-02,Slm Solutions Group Ag,AM3D.DE,-1 ,50000.0,19.7,EUR,0.995233,19.6061,980305.0
2022-09-02,Compagnie De Saint Gobain,SGO.PA,1,5000.0,41.04,EUR,0.995233,40.8444,204222.0
2022-09-09,Farfetch Ltd Class A,FTCH,1,25000.0,10.4976,USD,1.0,10.4976,262440.0
2022-09-12,Compagnie De Saint Gobain,SGO.PA,1,5000.0,42.61,EUR,1.007141,42.9143,214571.5
2022-09-13,Onward Medical Nv,ONWD.BR,1,20000.0,7.6426,EUR,1.012956,7.7416,154832.0
2022-09-13,Onward Medical Nv,ONWD.BR,1,20000.0,7.6426,EUR,1.012956,7.7416,154832.0
2022-09-15,Materialise Nv A D R,MTLS,1,10000.0,11.8841,USD,1.0,11.8841,118841.0
2022-09-20,Zoo Digital Group,ZOO.L,-1 ,10000.0,1.41,GBP,1.144322,1.6135,16135.0
2022-09-20,Future Plc Ord,FUTR.L,1,8000.0,13.84,GBP,1.144322,15.8374,126699.2
2022-09-21,Zoo Digital Group,ZOO.L,-1 ,30000.0,1.41,GBP,1.138058,1.6047,48141.0
2022-09-22,Zoo Digital Group,ZOO.L,-1 ,35000.0,1.41,GBP,1.125594,1.5871,55548.5
2022-09-28,Aston Martin Lagon Ord,AML.L,1,192000.0,1.03,GBP,1.072754,1.1049,212140.8
2022-10-03,Nemetschek SE Npv,NEM.DE,1,4000.0,48.7679,EUR,0.979269,47.7569,191027.6
2022-10-04,Farfetch Ltd Class A,FTCH,1,15000.0,8.27,USD,1.0,8.27,124050.0
2022-10-13,Solaredge Technologies Inc,SEDG,1,1000.0,195.1902,USD,1.0,195.1902,195190.2
2022-10-19,Asos Plc,ASC.L,-1 ,25660.0,0.8648704,GBP,1.13443,0.9811,25175.03
2022-10-26,Zoo Digital Group,ZOO.L,-1 ,25000.0,1.525,GBP,1.146224,1.748,43700.0
2022-10-27,Nemetschek SE Npv,NEM.DE,1,1214.0,0.8674937,GBP,1.163819,1.0096,1225.65
2022-10-27,Nemetschek SE Npv,NEM.DE,1,4000.0,49.464,EUR,1.009194,49.9188,199675.2
2022-10-27,Zoo Digital Group,ZOO.L,-1 ,45000.0,1.53,GBP,1.163819,1.7806,80127.0
2022-10-27,Nemetschek SE Npv,NEM.DE,1,2786.0,49.464,EUR,1.009194,49.9188,139073.78
2022-10-31,Alk Abello A S Ser B,ALK-B.CO,-1 ,10000.0,126.6175,DKK,0.133751,16.9352,169352.0
2022-11-04,Nordic Semiconductor Asa,NOD.OL,-1 ,3000.0,146.975,NOK,0.094532,13.8939,41681.7
2022-11-04,Accesso Technology Group Plc,ACSO.L,-1 ,9147.0,6.2999,GBP,1.117119,7.0377,64373.84
2022-11-04,Zoo Digital Group,ZOO.L,-1 ,15000.0,1.67,GBP,1.117119,1.8656,27984.0
2022-11-08,Ds Smith Plc,SMDS.L,-1 ,30000.0,2.9947,GBP,1.151795,3.4493,103479.0
2022-11-08,Accesso Technology Group Plc,ACSO.L,-1 ,853.0,6.45600234,GBP,1.151795,7.436,6342.91
2022-11-09,Fnac Darty,FNAC.PA,-1 ,9000.0,32.2297,EUR,1.008085,32.4903,292412.7
2022-11-09,Accesso Technology Group Plc,ACSO.L,-1 ,20000.0,6.4515,GBP,1.155268,7.4532,149064.0
2022-11-11,Asml Holding Nv Ny Reg Shs,ASML,-1 ,700.0,560.78,USD,1.0,560.78,392546.0
2022-11-16,Cyberagent Inc Npv,4751.T,1,15000.0,1212.0,JPY,0.007196,8.7216,130824.0
2022-11-18,Ryanair Ltd,RYAAY,1,15000.0,12.837,EUR,1.036173,13.3014,199521.0
2022-11-30,Moncler Spa,MONC.MI,1,5000.0,48.82,EUR,1.03245,50.4042,252021.0
2022-12-01,Farfetch Ltd Class A,FTCH,1,15000.0,6.285,USD,1.0,6.285,94275.0
2022-12-13,Future Plc Ord,FUTR.L,1,10000.0,13.165,GBP,1.227084,16.1546,161546.0
2022-12-15,Accesso Technology Group Plc,ACSO.L,-1 ,10000.0,7.9271,GBP,1.241943,9.845,98450.0
2022-12-15,Grupo Aeroportuario Sure Spon A D R,ASR,-1 ,800.0,245.5006,USD,1.0,245.5006,196400.48
2022-12-15,Aston Martin Lagonda Gbl Hldgs Plc O,AML.L,-1 ,100000.0,1.6485,GBP,1.241943,2.0473,204730.0
2022-12-23,Frontier Developments Plc,FDEV.L,1,9191.0,9.42710042,GBP,1.203992,11.3502,104319.69
2022-12-28,Lumibird,LBIRD.PA,-1 ,5000.0,16.0225,EUR,1.063717,17.0434,85217.0
2022-12-28,Aston Martin Lagonda Gbl Hldgs Plc O,AML.L,-1 ,40000.0,1.5033,GBP,1.202733,1.8081,72324.0
2022-12-28,Frontier Developments Plc,FDEV.L,1,809.0,9.55889988,GBP,1.202733,11.4968,9300.91
