Month,Ticker,Shares
2018-04,BB,700.0
2018-04,NOK,800.0
2018-04,SHOP,60.0
2018-04,FANUY,100.0
2018-04,RACE,20.0
2018-04,AMS.SW,40.0
2018-04,BCART.BR,300.0
2018-04,UCB.BR,40.0
2018-04,ASML,70.0
2018-04,NTDOY,60.0
2018-04,RAY.ST,200.0
2018-04,SCHA.OL,100.0
2018-04,UMI.BR,60.0
2018-04,PNDORA.CO,100.0
2018-04,BOOZT.ST,600.0
2018-04,GWPH,20.0
2018-04,MTLS,250.0
2018-04,G5EN.ST,50.0
2018-04,INTRUM.ST,100.0
2018-04,FAG.ST,200.0
2018-04,NOD.OL,700.0
2018-04,OVS.MI,600.0
2018-04,AM3D.DE,100.0
2018-04,NAS.OL,100.0
2018-04,BAS1V.HE,300.0
2018-04,6861.T,5.0
2018-04,BC.MI,100.0
2018-04,ASC.L,40.0
2018-04,DUST.ST,300.0
2018-04,ZAL.DE,80.0
2018-04,FNAC.PA,30.0
2018-04,SODA,30.0
2018-04,BHP,80.0
2018-04,6146.T,20.0
2018-04,ACSO.L,100.0
2018-04,SAX.DE,40.0
2018-04,OCDO.L,600.0
2018-04,4751.T,90.0
2018-04,ESLT,20.0
2018-04,2678.T,100.0
2018-04,AF.PA,300.0
2018-05,BB,2400.0
2018-05,NOK,2600.0
2018-05,SHOP,210.0
2018-05,FANUY,600.0
2018-05,RACE,80.0
2018-05,AMS.SW,150.0
2018-05,BCART.BR,1000.0
2018-05,UCB.BR,250.0
2018-05,ASML,100.0
2018-05,NTDOY,220.0
2018-05,RAY.ST,800.0
2018-05,SCHA.OL,700.0
2018-05,UMI.BR,340.0
2018-05,PNDORA.CO,400.0
2018-05,BOOZT.ST,2000.0
2018-05,GWPH,80.0
2018-05,MTLS,1000.0
2018-05,G5EN.ST,200.0
2018-05,INTRUM.ST,400.0
2018-05,FAG.ST,1500.0
2018-05,NOD.OL,2500.0
2018-05,OVS.MI,2200.0
2018-05,AM3D.DE,400.0
2018-05,NAS.OL,300.0
2018-05,BAS1V.HE,300.0
2018-05,6861.T,20.0
2018-05,BC.MI,400.0
2018-05,ASC.L,250.0
2018-05,SEDG,150.0
2018-05,DUST.ST,2000.0
2018-05,ZAL.DE,310.0
2018-05,FNAC.PA,110.0
2018-05,SODA,220.0
2018-05,BHP,330.0
2018-05,6146.T,110.0
2018-05,ACSO.L,400.0
2018-05,SAX.DE,230.0
2018-05,OCDO.L,1200.0
2018-05,4751.T,400.0
2018-05,2678.T,600.0
2018-05,AF.PA,2000.0
2018-05,ETO.L,4000.0
2018-05,ALK-B.CO,110.0
2018-05,HSBC,400.0
2018-05,STM,700.0
2018-05,BZUN,300.0
2018-05,6951.T,2000.0
2018-05,AMP.MI,1000.0
2018-05,6857.T,800.0
2018-05,AIXA.DE,700.0
2018-06,BB,3000.0
2018-06,NOK,2600.0
2018-06,SHOP,210.0
2018-06,FANUY,1000.0
2018-06,RACE,120.0
2018-06,AMS.SW,400.0
2018-06,BCART.BR,1000.0
2018-06,UCB.BR,250.0
2018-06,ASML,150.0
2018-06,NTDOY,500.0
2018-06,RAY.ST,1600.0
2018-06,SCHA.OL,700.0
2018-06,UMI.BR,340.0
2018-06,PNDORA.CO,650.0
2018-06,BOOZT.ST,2000.0
2018-06,GWPH,200.0
2018-06,MTLS,1000.0
2018-06,G5EN.ST,400.0
2018-06,INTRUM.ST,800.0
2018-06,FAG.ST,2500.0
2018-06,NOD.OL,2500.0
2018-06,OVS.MI,3700.0
2018-06,AM3D.DE,400.0
2018-06,NAS.OL,460.0
2018-06,BAS1V.HE,400.0
2018-06,6861.T,30.0
2018-06,BC.MI,400.0
2018-06,ASC.L,250.0
2018-06,SEDG,450.0
2018-06,DUST.ST,2000.0
2018-06,ZAL.DE,310.0
2018-06,FNAC.PA,160.0
2018-06,SODA,220.0
2018-06,BHP,330.0
2018-06,6146.T,110.0
2018-06,ACSO.L,400.0
2018-06,SAX.DE,390.0
2018-06,OCDO.L,1200.0
2018-06,4751.T,400.0
2018-06,2678.T,600.0
2018-06,AF.PA,2000.0
2018-06,ETO.L,4000.0
2018-06,ALK-B.CO,110.0
2018-06,HSBC,600.0
2018-06,STM,700.0
2018-06,BZUN,450.0
2018-06,6951.T,2000.0
2018-06,AMP.MI,1000.0
2018-06,6857.T,800.0
2018-06,AIXA.DE,1350.0
2018-06,6481.T,300.0
2018-06,AF-B.ST,660.0
2018-06,MONC.MI,250.0
2018-07,BB,20000.0
2018-07,NOK,13000.0
2018-07,SHOP,1050.0
2018-07,FANUY,5000.0
2018-07,RACE,600.0
2018-07,AMS.SW,2000.0
2018-07,BCART.BR,5000.0
2018-07,UCB.BR,1250.0
2018-07,ASML,590.0
2018-07,NTDOY,2500.0
2018-07,RAY.ST,8000.0
2018-07,SCHA.OL,3500.0
2018-07,UMI.BR,1700.0
2018-07,PNDORA.CO,3250.0
2018-07,BOOZT.ST,10000.0
2018-07,GWPH,1000.0
2018-07,MTLS,5000.0
2018-07,G5EN.ST,2000.0
2018-07,INTRUM.ST,4000.0
2018-07,FAG.ST,12500.0
2018-07,NOD.OL,12500.0
2018-07,OVS.MI,18500.0
2018-07,AM3D.DE,2000.0
2018-07,NAS.OL,2300.0
2018-07,BAS1V.HE,2000.0
2018-07,6861.T,150.0
2018-07,BC.MI,2000.0
2018-07,ASC.L,1250.0
2018-07,SEDG,2250.0
2018-07,DUST.ST,10000.0
2018-07,ZAL.DE,1550.0
2018-07,FNAC.PA,800.0
2018-07,SODA,1100.0
2018-07,BHP,1650.0
2018-07,6146.T,550.0
2018-07,ACSO.L,2000.0
2018-07,SAX.DE,1950.0
2018-07,OCDO.L,6000.0
2018-07,4751.T,2000.0
2018-07,2678.T,3000.0
2018-07,AF.PA,10000.0
2018-07,ETO.L,20000.0
2018-07,ALK-B.CO,550.0
2018-07,HSBC,3000.0
2018-07,STM,3500.0
2018-07,BZUN,2250.0
2018-07,6951.T,10000.0
2018-07,AMP.MI,5000.0
2018-07,6857.T,4000.0
2018-07,AIXA.DE,6750.0
2018-07,6481.T,1500.0
2018-07,AF-B.ST,3300.0
2018-07,MONC.MI,1250.0
2018-07,INRN.SW,40.0
2018-07,LN,1000.0
2018-08,BB,20000.0
2018-08,NOK,30000.0
2018-08,SHOP,1050.0
2018-08,FANUY,5000.0
2018-08,RACE,600.0
2018-08,AMS.SW,2000.0
2018-08,BCART.BR,7000.0
2018-08,UCB.BR,1250.0
2018-08,ASML,590.0
2018-08,NTDOY,2500.0
2018-08,RAY.ST,8000.0
2018-08,SCHA.OL,3500.0
2018-08,UMI.BR,1700.0
2018-08,PNDORA.CO,3250.0
2018-08,BOOZT.ST,10000.0
2018-08,GWPH,1000.0
2018-08,MTLS,5000.0
2018-08,G5EN.ST,2000.0
2018-08,FAG.ST,12500.0
2018-08,NOD.OL,12500.0
2018-08,OVS.MI,18500.0
2018-08,AM3D.DE,2000.0
2018-08,NAS.OL,2300.0
2018-08,BAS1V.HE,3000.0
2018-08,6861.T,150.0
2018-08,BC.MI,2000.0
2018-08,ASC.L,1250.0
2018-08,SEDG,3250.0
2018-08,DUST.ST,10000.0
2018-08,ZAL.DE,1550.0
2018-08,FNAC.PA,800.0
2018-08,BHP,1650.0
2018-08,6146.T,550.0
2018-08,ACSO.L,2000.0
2018-08,SAX.DE,1950.0
2018-08,OCDO.L,6000.0
2018-08,4751.T,2000.0
2018-08,2678.T,3000.0
2018-08,AF.PA,10000.0
2018-08,ETO.L,20000.0
2018-08,ALK-B.CO,550.0
2018-08,HSBC,3000.0
2018-08,STM,3500.0
2018-08,BZUN,2250.0
2018-08,6951.T,10000.0
2018-08,AMP.MI,5000.0
2018-08,6857.T,4000.0
2018-08,AIXA.DE,6750.0
2018-08,6481.T,1500.0
2018-08,AF-B.ST,3300.0
2018-08,MONC.MI,1250.0
2018-08,INRN.SW,40.0
2018-08,LN,1500.0
2018-08,RKUNY,10000.0
2018-08,ADYEN.AS,100.0
2018-09,BB,20000.0
2018-09,NOK,30000.0
2018-09,SHOP,1050.0
2018-09,FANUY,5000.0
2018-09,RACE,600.0
2018-09,AMS.SW,2000.0
2018-09,BCART.BR,7000.0
2018-09,UCB.BR,1250.0
2018-09,ASML,840.0
2018-09,NTDOY,2500.0
2018-09,RAY.ST,8000.0
2018-09,SCHA.OL,3500.0
2018-09,UMI.BR,1700.0
2018-09,PNDORA.CO,3250.0
2018-09,BOOZT.ST,10000.0
2018-09,GWPH,1000.0
2018-09,MTLS,5000.0
2018-09,G5EN.ST,2000.0
2018-09,FAG.ST,12500.0
2018-09,NOD.OL,12500.0
2018-09,OVS.MI,18500.0
2018-09,AM3D.DE,2000.0
2018-09,NAS.OL,2300.0
2018-09,BAS1V.HE,3000.0
2018-09,6861.T,150.0
2018-09,BC.MI,2000.0
2018-09,ASC.L,1250.0
2018-09,SEDG,3250.0
2018-09,DUST.ST,10000.0
2018-09,ZAL.DE,1550.0
2018-09,FNAC.PA,800.0
2018-09,BHP,1650.0
2018-09,6146.T,550.0
2018-09,ACSO.L,2000.0
2018-09,SAX.DE,1950.0
2018-09,OCDO.L,6000.0
2018-09,4751.T,2000.0
2018-09,2678.T,3000.0
2018-09,AF.PA,10000.0
2018-09,ETO.L,20000.0
2018-09,ALK-B.CO,550.0
2018-09,HSBC,1500.0
2018-09,STM,3500.0
2018-09,BZUN,2250.0
2018-09,6951.T,10000.0
2018-09,AMP.MI,5000.0
2018-09,6857.T,4000.0
2018-09,6481.T,1500.0
2018-09,AF-B.ST,3300.0
2018-09,MONC.MI,1250.0
2018-09,INRN.SW,40.0
2018-09,LN,1500.0
2018-09,RKUNY,10000.0
2018-09,ADYEN.AS,140.0
2018-09,CAPC.L,23000.0
2018-09,FDP.L,1500.0
2018-10,BB,20000.0
2018-10,NOK,30000.0
2018-10,SHOP,1050.0
2018-10,FANUY,5000.0
2018-10,RACE,1000.0
2018-10,AMS.SW,2000.0
2018-10,BCART.BR,7000.0
2018-10,UCB.BR,1250.0
2018-10,ASML,840.0
2018-10,NTDOY,2500.0
2018-10,RAY.ST,8000.0
2018-10,SCHA.OL,3500.0
2018-10,UMI.BR,1700.0
2018-10,PNDORA.CO,3250.0
2018-10,BOOZT.ST,15000.0
2018-10,GWPH,1000.0
2018-10,MTLS,5000.0
2018-10,G5EN.ST,2000.0
2018-10,FAG.ST,12500.0
2018-10,NOD.OL,12500.0
2018-10,OVS.MI,18500.0
2018-10,AM3D.DE,2000.0
2018-10,NAS.OL,2300.0
2018-10,BAS1V.HE,4000.0
2018-10,6861.T,150.0
2018-10,BC.MI,2000.0
2018-10,ASC.L,1250.0
2018-10,SEDG,3250.0
2018-10,DUST.ST,10000.0
2018-10,ZAL.DE,1550.0
2018-10,FNAC.PA,800.0
2018-10,BHP,1650.0
2018-10,6146.T,550.0
2018-10,ACSO.L,2000.0
2018-10,SAX.DE,1950.0
2018-10,OCDO.L,11000.0
2018-10,4751.T,2000.0
2018-10,2678.T,3000.0
2018-10,AF.PA,10000.0
2018-10,ETO.L,20000.0
2018-10,ALK-B.CO,550.0
2018-10,HSBC,1499.5611
2018-10,STM,3500.0
2018-10,BZUN,2250.0
2018-10,6951.T,10000.0
2018-10,AMP.MI,5000.0
2018-10,6857.T,4000.0
2018-10,6481.T,1500.0
2018-10,AF-B.ST,3300.0
2018-10,MONC.MI,1250.0
2018-10,INRN.SW,70.0
2018-10,LN,1500.0
2018-10,RKUNY,10000.0
2018-10,ADYEN.AS,140.0
2018-10,CAPC.L,23000.0
2018-10,FDP.L,2000.0
2018-10,SMDS.L,10000.0
2018-10,TSM,1500.0
2018-11,BB,20000.0
2018-11,NOK,30000.0
2018-11,SHOP,1050.0
2018-11,FANUY,5000.0
2018-11,RACE,1000.0
2018-11,AMS.SW,2000.0
2018-11,BCART.BR,7000.0
2018-11,UCB.BR,1250.0
2018-11,ASML,840.0
2018-11,NTDOY,2500.0
2018-11,RAY.ST,8000.0
2018-11,SCHA.OL,3500.0
2018-11,UMI.BR,1700.0
2018-11,PNDORA.CO,3250.0
2018-11,BOOZT.ST,15000.0
2018-11,GWPH,1000.0
2018-11,MTLS,5000.0
2018-11,FAG.ST,12500.0
2018-11,NOD.OL,12500.0
2018-11,OVS.MI,18500.0
2018-11,AM3D.DE,2000.0
2018-11,NAS.OL,2300.0
2018-11,BAS1V.HE,4000.0
2018-11,6861.T,150.0
2018-11,BC.MI,2000.0
2018-11,ASC.L,1250.0
2018-11,SEDG,3250.0
2018-11,DUST.ST,11428.0
2018-11,ZAL.DE,1550.0
2018-11,FNAC.PA,800.0
2018-11,BHP,1650.0
2018-11,6146.T,550.0
2018-11,ACSO.L,2000.0
2018-11,SAX.DE,1950.0
2018-11,OCDO.L,11000.0
2018-11,4751.T,2000.0
2018-11,2678.T,3000.0
2018-11,AF.PA,10000.0
2018-11,ETO.L,20000.0
2018-11,ALK-B.CO,550.0
2018-11,HSBC,1499.5611
2018-11,STM,3500.0
2018-11,BZUN,3000.0
2018-11,6951.T,10000.0
2018-11,AMP.MI,5000.0
2018-11,6857.T,4000.0
2018-11,6481.T,1500.0
2018-11,AF-B.ST,3300.0
2018-11,MONC.MI,1250.0
2018-11,INRN.SW,70.0
2018-11,LN,1500.0
2018-11,RKUNY,10000.0
2018-11,ADYEN.AS,140.0
2018-11,CAPC.L,23000.0
2018-11,FDP.L,2000.0
2018-11,SMDS.L,10000.0
2018-11,TSM,1500.0
2018-12,BB,20000.0
2018-12,NOK,30000.0
2018-12,SHOP,1050.0
2018-12,FANUY,5000.0
2018-12,RACE,1000.0
2018-12,AMS.SW,3000.0
2018-12,BCART.BR,7000.0
2018-12,UCB.BR,1250.0
2018-12,ASML,840.0
2018-12,NTDOY,2500.0
2018-12,RAY.ST,8000.0
2018-12,SCHA.OL,3500.0
2018-12,UMI.BR,1700.0
2018-12,BOOZT.ST,15000.0
2018-12,GWPH,1000.0
2018-12,MTLS,2000.0
2018-12,FAG.ST,12500.0
2018-12,NOD.OL,12500.0
2018-12,OVS.MI,18500.0
2018-12,AM3D.DE,2000.0
2018-12,NAS.OL,2300.0
2018-12,BAS1V.HE,4000.0
2018-12,6861.T,150.0
2018-12,BC.MI,2000.0
2018-12,ASC.L,1250.0
2018-12,SEDG,3250.0
2018-12,DUST.ST,11428.0
2018-12,ZAL.DE,1550.0
2018-12,FNAC.PA,800.0
2018-12,BHP,1650.0
2018-12,6146.T,550.0
2018-12,ACSO.L,2000.0
2018-12,SAX.DE,1950.0
2018-12,OCDO.L,11000.0
2018-12,4751.T,2000.0
2018-12,2678.T,3000.0
2018-12,AF.PA,5000.0
2018-12,ETO.L,20000.0
2018-12,ALK-B.CO,550.0
2018-12,HSBC,1499.5611
2018-12,STM,3500.0
2018-12,BZUN,3000.0
2018-12,6951.T,10000.0
2018-12,AMP.MI,5000.0
2018-12,6857.T,4000.0
2018-12,6481.T,1500.0
2018-12,AF-B.ST,3300.0
2018-12,MONC.MI,1250.0
2018-12,INRN.SW,70.0
2018-12,LN,1500.0
2018-12,RKUNY,10000.0
2018-12,ADYEN.AS,140.0
2018-12,FDP.L,2000.0
2018-12,SMDS.L,10000.0
2018-12,TSM,1500.0
2018-12,ZOO.L,30000.0
2018-12,IQE.L,50000.0
2019-01,BB,20000.0
2019-01,NOK,30000.0
2019-01,SHOP,1050.0
2019-01,FANUY,5000.0
2019-01,RACE,1000.0
2019-01,AMS.SW,3000.0
2019-01,BCART.BR,7000.0
2019-01,UCB.BR,1250.0
2019-01,ASML,840.0
2019-01,NTDOY,2500.0
2019-01,RAY.ST,8000.0
2019-01,SCHA.OL,3500.0
2019-01,UMI.BR,1700.0
2019-01,BOOZT.ST,15000.0
2019-01,GWPH,1000.0
2019-01,MTLS,2000.0
2019-01,FAG.ST,12500.0
2019-01,NOD.OL,12500.0
2019-01,OVS.MI,18500.0
2019-01,AM3D.DE,2000.0
2019-01,NAS.OL,2300.0
2019-01,BAS1V.HE,4000.0
2019-01,6861.T,150.0
2019-01,BC.MI,2000.0
2019-01,ASC.L,1250.0
2019-01,SEDG,3250.0
2019-01,DUST.ST,11428.0
2019-01,ZAL.DE,1550.0
2019-01,BHP,1650.0
2019-01,6146.T,550.0
2019-01,ACSO.L,2000.0
2019-01,SAX.DE,1950.0
2019-01,OCDO.L,11000.0
2019-01,4751.T,2000.0
2019-01,2678.T,3000.0
2019-01,AF.PA,5000.0
2019-01,ETO.L,20000.0
2019-01,ALK-B.CO,550.0
2019-01,HSBC,1499.5611
2019-01,STM,3500.0
2019-01,BZUN,3000.0
2019-01,6951.T,10000.0
2019-01,AMP.MI,5000.0
2019-01,6857.T,4000.0
2019-01,6481.T,1500.0
2019-01,AF-B.ST,3300.0
2019-01,MONC.MI,1250.0
2019-01,INRN.SW,70.0
2019-01,LN,1500.0
2019-01,RKUNY,10000.0
2019-01,ADYEN.AS,140.0
2019-01,FDP.L,2000.0
2019-01,SMDS.L,15000.0
2019-01,TSM,1500.0
2019-01,ZOO.L,30000.0
2019-01,IQE.L,50000.0
2019-01,MC.PA,250.0
2019-01,ORP.PA,500.0
2019-02,BB,20000.0
2019-02,NOK,30000.0
2019-02,SHOP,1050.0
2019-02,FANUY,5000.0
2019-02,RACE,600.0
2019-02,AMS.SW,3000.0
2019-02,BCART.BR,7000.0
2019-02,UCB.BR,1250.0
2019-02,ASML,840.0
2019-02,NTDOY,2500.0
2019-02,RAY.ST,8000.0
2019-02,SCHA.OL,3500.0
2019-02,UMI.BR,1700.0
2019-02,BOOZT.ST,15000.0
2019-02,GWPH,1000.0
2019-02,MTLS,2000.0
2019-02,FAG.ST,12500.0
2019-02,NOD.OL,12500.0
2019-02,OVS.MI,18500.0
2019-02,AM3D.DE,2000.0
2019-02,NAS.OL,2300.0
2019-02,BAS1V.HE,2000.0
2019-02,6861.T,150.0
2019-02,BC.MI,2000.0
2019-02,ASC.L,1250.0
2019-02,SEDG,3250.0
2019-02,DUST.ST,11428.0
2019-02,ZAL.DE,1550.0
2019-02,BHP,1650.0
2019-02,6146.T,550.0
2019-02,ACSO.L,2000.0
2019-02,SAX.DE,1950.0
2019-02,OCDO.L,11000.0
2019-02,4751.T,2000.0
2019-02,2678.T,3000.0
2019-02,AF.PA,5000.0
2019-02,ETO.L,20000.0
2019-02,ALK-B.CO,550.0
2019-02,HSBC,1499.5611
2019-02,STM,3500.0
2019-02,BZUN,3000.0
2019-02,6951.T,10000.0
2019-02,AMP.MI,5000.0
2019-02,6857.T,4000.0
2019-02,6481.T,1500.0
2019-02,AF-B.ST,3300.0
2019-02,MONC.MI,1250.0
2019-02,INRN.SW,70.0
2019-02,LN,2500.0
2019-02,RKUNY,10000.0
2019-02,ADYEN.AS,140.0
2019-02,FDP.L,2000.0
2019-02,SMDS.L,15000.0
2019-02,TSM,1500.0
2019-02,ZOO.L,30000.0
2019-02,IQE.L,50000.0
2019-02,MC.PA,250.0
2019-02,ORP.PA,500.0
2019-02,TPE.DE,4000.0
2019-02,4921.T,2000.0
2019-03,BB,25000.0
2019-03,NOK,30000.0
2019-03,SHOP,1050.0
2019-03,FANUY,5000.0
2019-03,RACE,600.0
2019-03,AMS.SW,3000.0
2019-03,BCART.BR,7000.0
2019-03,UCB.BR,1250.0
2019-03,ASML,630.0
2019-03,NTDOY,2500.0
2019-03,RAY.ST,8000.0
2019-03,SCHA.OL,3500.0
2019-03,UMI.BR,1700.0
2019-03,BOOZT.ST,15000.0
2019-03,GWPH,1000.0
2019-03,MTLS,2000.0
2019-03,FAG.ST,12500.0
2019-03,NOD.OL,12500.0
2019-03,OVS.MI,18500.0
2019-03,AM3D.DE,2000.0
2019-03,NAS.OL,6900.0
2019-03,BAS1V.HE,2000.0
2019-03,6861.T,150.0
2019-03,BC.MI,2000.0
2019-03,ASC.L,1250.0
2019-03,SEDG,3250.0
2019-03,DUST.ST,6000.0
2019-03,ZAL.DE,1550.0
2019-03,BHP,1650.0
2019-03,6146.T,550.0
2019-03,ACSO.L,2000.0
2019-03,SAX.DE,1000.0
2019-03,OCDO.L,6000.0
2019-03,4751.T,2000.0
2019-03,2678.T,3000.0
2019-03,AF.PA,5000.0
2019-03,ETO.L,20000.0
2019-03,ALK-B.CO,550.0
2019-03,STM,3500.0
2019-03,BZUN,3000.0
2019-03,6951.T,10000.0
2019-03,AMP.MI,5000.0
2019-03,6857.T,4000.0
2019-03,6481.T,1500.0
2019-03,AF-B.ST,3300.0
2019-03,MONC.MI,1250.0
2019-03,INRN.SW,70.0
2019-03,LN,2500.0
2019-03,RKUNY,10000.0
2019-03,ADYEN.AS,140.0
2019-03,FDP.L,2000.0
2019-03,SMDS.L,15000.0
2019-03,TSM,1500.0
2019-03,ZOO.L,30000.0
2019-03,IQE.L,50000.0
2019-03,MC.PA,250.0
2019-03,ORP.PA,500.0
2019-03,TPE.DE,4000.0
2019-03,4921.T,2000.0
2019-03,3064.T,2500.0
2019-03,6594.T,400.0
2019-03,3990.T,1000.0
2019-03,3844.T,1500.0
2019-03,LTG.L,50000.0
2019-04,BB,25000.0
2019-04,NOK,30000.0
2019-04,SHOP,1050.0
2019-04,FANUY,5000.0
2019-04,AMS.SW,3000.0
2019-04,BCART.BR,7000.0
2019-04,UCB.BR,1250.0
2019-04,ASML,630.0
2019-04,NTDOY,2500.0
2019-04,RAY.ST,8000.0
2019-04,SCHA.OL,3500.0
2019-04,UMI.BR,1700.0
2019-04,BOOZT.ST,15000.0
2019-04,GWPH,1000.0
2019-04,MTLS,2000.0
2019-04,FAG.ST,12500.0
2019-04,NOD.OL,12500.0
2019-04,OVS.MI,18500.0
2019-04,AM3D.DE,2000.0
2019-04,NAS.OL,6900.0
2019-04,BAS1V.HE,2000.0
2019-04,6861.T,150.0
2019-04,BC.MI,2000.0
2019-04,ASC.L,1250.0
2019-04,SEDG,3250.0
2019-04,DUST.ST,6000.0
2019-04,ZAL.DE,1550.0
2019-04,BHP,1650.0
2019-04,6146.T,550.0
2019-04,ACSO.L,2000.0
2019-04,SAX.DE,1000.0
2019-04,OCDO.L,6000.0
2019-04,4751.T,2000.0
2019-04,2678.T,3000.0
2019-04,ETO.L,20000.0
2019-04,ALK-B.CO,550.0
2019-04,STM,3500.0
2019-04,BZUN,4500.0
2019-04,6951.T,10000.0
2019-04,AMP.MI,5000.0
2019-04,6857.T,4000.0
2019-04,6481.T,1500.0
2019-04,AF-B.ST,4400.0
2019-04,MONC.MI,2250.0
2019-04,INRN.SW,70.0
2019-04,LN,2500.0
2019-04,RKUNY,10000.0
2019-04,ADYEN.AS,140.0
2019-04,FDP.L,2000.0
2019-04,SMDS.L,15000.0
2019-04,TSM,1500.0
2019-04,ZOO.L,90000.0
2019-04,IQE.L,50000.0
2019-04,MC.PA,250.0
2019-04,ORP.PA,500.0
2019-04,TPE.DE,4000.0
2019-04,4921.T,2000.0
2019-04,3064.T,2500.0
2019-04,6594.T,400.0
2019-04,3990.T,1000.0
2019-04,3844.T,1500.0
2019-04,LTG.L,50000.0
2019-04,CAP.PA,1000.0
2019-04,6920.T,1000.0
2019-04,ADE.OL,3000.0
2019-04,MDW.PA,4500.0
2019-05,BB,25000.0
2019-05,NOK,30000.0
2019-05,SHOP,800.0
2019-05,FANUY,5000.0
2019-05,AMS.SW,3000.0
2019-05,BCART.BR,7000.0
2019-05,UCB.BR,1250.0
2019-05,ASML,630.0
2019-05,NTDOY,2500.0
2019-05,RAY.ST,8000.0
2019-05,SCHA.OL,3500.0
2019-05,UMI.BR,1700.0
2019-05,BOOZT.ST,15000.0
2019-05,GWPH,1000.0
2019-05,MTLS,4000.0
2019-05,FAG.ST,17500.0
2019-05,NOD.OL,12500.0
2019-05,OVS.MI,18500.0
2019-05,AM3D.DE,2000.0
2019-05,NAS.OL,6900.0
2019-05,BAS1V.HE,4000.0
2019-05,6861.T,150.0
2019-05,BC.MI,2000.0
2019-05,ASC.L,1250.0
2019-05,SEDG,3250.0
2019-05,DUST.ST,6000.0
2019-05,ZAL.DE,1550.0
2019-05,BHP,1650.0
2019-05,6146.T,550.0
2019-05,ACSO.L,2000.0
2019-05,SAX.DE,1000.0
2019-05,OCDO.L,6000.0
2019-05,4751.T,2000.0
2019-05,2678.T,3000.0
2019-05,ETO.L,20000.0
2019-05,ALK-B.CO,550.0
2019-05,STM,3500.0
2019-05,BZUN,4500.0
2019-05,6951.T,10000.0
2019-05,AMP.MI,5000.0
2019-05,6857.T,4000.0
2019-05,6481.T,1500.0
2019-05,AF-B.ST,4400.0
2019-05,MONC.MI,2250.0
2019-05,INRN.SW,70.0
2019-05,LN,2500.0
2019-05,RKUNY,10000.0
2019-05,ADYEN.AS,140.0
2019-05,FDP.L,2000.0
2019-05,SMDS.L,15000.0
2019-05,TSM,1500.0
2019-05,ZOO.L,90000.0
2019-05,IQE.L,50000.0
2019-05,ORP.PA,500.0
2019-05,TPE.DE,4000.0
2019-05,4921.T,2000.0
2019-05,3064.T,2500.0
2019-05,6594.T,400.0
2019-05,3990.T,1000.0
2019-05,3844.T,1500.0
2019-05,LTG.L,50000.0
2019-05,CAP.PA,1000.0
2019-05,6920.T,1000.0
2019-05,ADE.OL,3000.0
2019-05,MDW.PA,4500.0
2019-05,2146.T,2000.0
2019-05,LBIRD.PA,3000.0
2019-05,FDEV.L,3214.0
2019-06,BB,30000.0
2019-06,NOK,30000.0
2019-06,SHOP,300.0
2019-06,FANUY,5000.0
2019-06,AMS.SW,4000.0
2019-06,BCART.BR,7000.0
2019-06,UCB.BR,1250.0
2019-06,ASML,630.0
2019-06,NTDOY,2500.0
2019-06,RAY.ST,8000.0
2019-06,SCHA.OL,3500.0
2019-06,UMI.BR,5600.0
2019-06,BOOZT.ST,15000.0
2019-06,GWPH,1000.0
2019-06,MTLS,4000.0
2019-06,FAG.ST,17500.0
2019-06,NOD.OL,18500.0
2019-06,OVS.MI,18500.0
2019-06,AM3D.DE,4000.0
2019-06,NAS.OL,6900.0
2019-06,BAS1V.HE,4000.0
2019-06,6861.T,150.0
2019-06,BC.MI,2000.0
2019-06,ASC.L,4000.0
2019-06,SEDG,3250.0
2019-06,DUST.ST,9000.0
2019-06,ZAL.DE,1550.0
2019-06,BHP,1650.0
2019-06,6146.T,550.0
2019-06,ACSO.L,2000.0
2019-06,SAX.DE,1000.0
2019-06,OCDO.L,6000.0
2019-06,4751.T,2000.0
2019-06,2678.T,3000.0
2019-06,ETO.L,20000.0
2019-06,ALK-B.CO,550.0
2019-06,STM,5500.0
2019-06,BZUN,4500.0
2019-06,6951.T,10000.0
2019-06,AMP.MI,5000.0
2019-06,6857.T,4000.0
2019-06,6481.T,2500.0
2019-06,AF-B.ST,4400.0
2019-06,MONC.MI,2250.0
2019-06,INRN.SW,70.0
2019-06,LN,2500.0
2019-06,RKUNY,10000.0
2019-06,ADYEN.AS,140.0
2019-06,FDP.L,2000.0
2019-06,SMDS.L,25000.0
2019-06,TSM,3000.0
2019-06,ZOO.L,90000.0
2019-06,IQE.L,130000.0
2019-06,ORP.PA,1000.0
2019-06,TPE.DE,7000.0
2019-06,4921.T,3000.0
2019-06,3064.T,4500.0
2019-06,6594.T,400.0
2019-06,3990.T,2000.0
2019-06,3844.T,1500.0
2019-06,LTG.L,250000.0
2019-06,CAP.PA,1000.0
2019-06,6920.T,2000.0
2019-06,ADE.OL,3000.0
2019-06,MDW.PA,4500.0
2019-06,2146.T,3000.0
2019-06,LBIRD.PA,3000.0
2019-06,FDEV.L,8214.0
2019-07,BB,30000.0
2019-07,NOK,30000.0
2019-07,SHOP,300.0
2019-07,FANUY,5000.0
2019-07,AMS.SW,4000.0
2019-07,BCART.BR,10000.0
2019-07,UCB.BR,1250.0
2019-07,ASML,630.0
2019-07,NTDOY,2500.0
2019-07,RAY.ST,10000.0
2019-07,SCHA.OL,3500.0
2019-07,UMI.BR,5600.0
2019-07,BOOZT.ST,20000.0
2019-07,GWPH,1000.0
2019-07,MTLS,4000.0
2019-07,FAG.ST,17500.0
2019-07,NOD.OL,18500.0
2019-07,OVS.MI,18500.0
2019-07,AM3D.DE,4000.0
2019-07,NAS.OL,6900.0
2019-07,BAS1V.HE,4000.0
2019-07,6861.T,150.0
2019-07,BC.MI,2000.0
2019-07,ASC.L,6000.0
2019-07,SEDG,3250.0
2019-07,DUST.ST,9000.0
2019-07,ZAL.DE,1550.0
2019-07,BHP,1650.0
2019-07,6146.T,550.0
2019-07,ACSO.L,2000.0
2019-07,SAX.DE,1500.0
2019-07,OCDO.L,6000.0
2019-07,4751.T,2000.0
2019-07,2678.T,3000.0
2019-07,ETO.L,30000.0
2019-07,ALK-B.CO,550.0
2019-07,STM,10000.0
2019-07,6951.T,10000.0
2019-07,AMP.MI,5000.0
2019-07,6857.T,4000.0
2019-07,6481.T,2500.0
2019-07,AF-B.ST,4400.0
2019-07,MONC.MI,2250.0
2019-07,INRN.SW,70.0
2019-07,LN,2500.0
2019-07,RKUNY,10000.0
2019-07,ADYEN.AS,140.0
2019-07,FDP.L,2000.0
2019-07,SMDS.L,25000.0
2019-07,TSM,4000.0
2019-07,ZOO.L,90000.0
2019-07,IQE.L,180000.0
2019-07,ORP.PA,1000.0
2019-07,TPE.DE,7000.0
2019-07,4921.T,3000.0
2019-07,3064.T,4500.0
2019-07,6594.T,400.0
2019-07,3990.T,4000.0
2019-07,3844.T,2500.0
2019-07,LTG.L,250000.0
2019-07,CAP.PA,1000.0
2019-07,6920.T,2000.0
2019-07,ADE.OL,3000.0
2019-07,MDW.PA,4500.0
2019-07,2146.T,3000.0
2019-07,LBIRD.PA,3000.0
2019-07,FDEV.L,8214.0
2019-07,AML.L,8000.0
2019-07,VITB.ST,5000.0
2019-08,BB,30000.0
2019-08,NOK,30000.0
2019-08,SHOP,300.0
2019-08,FANUY,5000.0
2019-08,AMS.SW,4000.0
2019-08,BCART.BR,18000.0
2019-08,UCB.BR,1250.0
2019-08,ASML,630.0
2019-08,NTDOY,2500.0
2019-08,RAY.ST,15000.0
2019-08,SCHA.OL,3500.0
2019-08,UMI.BR,5600.0
2019-08,BOOZT.ST,20000.0
2019-08,GWPH,1000.0
2019-08,MTLS,6000.0
2019-08,FAG.ST,17500.0
2019-08,NOD.OL,18500.0
2019-08,OVS.MI,18500.0
2019-08,AM3D.DE,8000.0
2019-08,NAS.OL,6900.0
2019-08,BAS1V.HE,4000.0
2019-08,6861.T,150.0
2019-08,BC.MI,2000.0
2019-08,ASC.L,6000.0
2019-08,SEDG,3250.0
2019-08,DUST.ST,14000.0
2019-08,ZAL.DE,5050.0
2019-08,BHP,1650.0
2019-08,6146.T,950.0
2019-08,ACSO.L,2000.0
2019-08,SAX.DE,1500.0
2019-08,OCDO.L,14000.0
2019-08,4751.T,3000.0
2019-08,2678.T,3000.0
2019-08,ETO.L,10000.0
2019-08,ALK-B.CO,550.0
2019-08,STM,10000.0
2019-08,6951.T,10000.0
2019-08,AMP.MI,5000.0
2019-08,6857.T,4000.0
2019-08,6481.T,2500.0
2019-08,AF-B.ST,4400.0
2019-08,MONC.MI,4000.0
2019-08,INRN.SW,70.0
2019-08,LN,4000.0
2019-08,RKUNY,10000.0
2019-08,ADYEN.AS,140.0
2019-08,FDP.L,4000.0
2019-08,SMDS.L,45000.0
2019-08,TSM,4000.0
2019-08,ZOO.L,140000.0
2019-08,IQE.L,180000.0
2019-08,ORP.PA,1500.0
2019-08,TPE.DE,7000.0
2019-08,4921.T,5000.0
2019-08,3064.T,4500.0
2019-08,6594.T,800.0
2019-08,3990.T,4000.0
2019-08,3844.T,4000.0
2019-08,LTG.L,250000.0
2019-08,CAP.PA,1000.0
2019-08,6920.T,2000.0
2019-08,ADE.OL,7500.0
2019-08,MDW.PA,4500.0
2019-08,LBIRD.PA,9000.0
2019-08,FDEV.L,14214.0
2019-08,AML.L,8000.0
2019-08,VITB.ST,10000.0
2019-08,TOBII.ST,24000.0
2019-08,4755.T,5000.0
2019-08,IBAB.BR,6000.0
2019-09,BB,30000.0
2019-09,NOK,30000.0
2019-09,SHOP,300.0
2019-09,FANUY,5000.0
2019-09,AMS.SW,4000.0
2019-09,BCART.BR,18000.0
2019-09,UCB.BR,1250.0
2019-09,ASML,630.0
2019-09,NTDOY,2500.0
2019-09,RAY.ST,15000.0
2019-09,SCHA.OL,3500.0
2019-09,UMI.BR,5600.0
2019-09,BOOZT.ST,20000.0
2019-09,GWPH,1000.0
2019-09,MTLS,6000.0
2019-09,FAG.ST,17500.0
2019-09,NOD.OL,37000.0
2019-09,AM3D.DE,8000.0
2019-09,NAS.OL,6900.0
2019-09,BAS1V.HE,7000.0
2019-09,6861.T,250.0
2019-09,BC.MI,2000.0
2019-09,ASC.L,6000.0
2019-09,SEDG,3250.0
2019-09,DUST.ST,14000.0
2019-09,ZAL.DE,5050.0
2019-09,BHP,1650.0
2019-09,6146.T,950.0
2019-09,ACSO.L,2000.0
2019-09,SAX.DE,1500.0
2019-09,OCDO.L,14000.0
2019-09,4751.T,3000.0
2019-09,2678.T,3000.0
2019-09,ETO.L,10000.0
2019-09,ALK-B.CO,550.0
2019-09,STM,10000.0
2019-09,6951.T,10000.0
2019-09,AMP.MI,5000.0
2019-09,6857.T,4000.0
2019-09,6481.T,2500.0
2019-09,AF-B.ST,4400.0
2019-09,MONC.MI,4000.0
2019-09,INRN.SW,70.0
2019-09,LN,4000.0
2019-09,RKUNY,10000.0
2019-09,ADYEN.AS,260.0
2019-09,FDP.L,4000.0
2019-09,SMDS.L,45000.0
2019-09,TSM,4000.0
2019-09,ZOO.L,140000.0
2019-09,IQE.L,180000.0
2019-09,ORP.PA,1500.0
2019-09,TPE.DE,7000.0
2019-09,4921.T,5000.0
2019-09,3064.T,4500.0
2019-09,6594.T,800.0
2019-09,3990.T,4000.0
2019-09,3844.T,4000.0
2019-09,LTG.L,250000.0
2019-09,CAP.PA,1000.0
2019-09,6920.T,3000.0
2019-09,ADE.OL,7500.0
2019-09,MDW.PA,4500.0
2019-09,LBIRD.PA,14000.0
2019-09,FDEV.L,19214.0
2019-09,AML.L,8000.0
2019-09,VITB.ST,10000.0
2019-09,TOBII.ST,24000.0
2019-09,4755.T,5000.0
2019-09,IBAB.BR,6000.0
2019-09,IFX.DE,6000.0
2019-10,BB,30000.0
2019-10,NOK,30000.0
2019-10,SHOP,300.0
2019-10,FANUY,5000.0
2019-10,AMS.SW,4000.0
2019-10,BCART.BR,18000.0
2019-10,UCB.BR,1250.0
2019-10,ASML,630.0
2019-10,NTDOY,2500.0
2019-10,RAY.ST,15000.0
2019-10,SCHA.OL,3500.0
2019-10,UMI.BR,5600.0
2019-10,BOOZT.ST,20000.0
2019-10,GWPH,1500.0
2019-10,MTLS,6000.0
2019-10,FAG.ST,17500.0
2019-10,NOD.OL,37000.0
2019-10,AM3D.DE,8000.0
2019-10,NAS.OL,6900.0
2019-10,BAS1V.HE,9000.0
2019-10,6861.T,250.0
2019-10,BC.MI,2000.0
2019-10,ASC.L,6000.0
2019-10,SEDG,3250.0
2019-10,DUST.ST,14000.0
2019-10,ZAL.DE,5050.0
2019-10,BHP,2650.0
2019-10,6146.T,950.0
2019-10,ACSO.L,2000.0
2019-10,SAX.DE,1500.0
2019-10,OCDO.L,14000.0
2019-10,4751.T,3000.0
2019-10,2678.T,3000.0
2019-10,ETO.L,10000.0
2019-10,ALK-B.CO,550.0
2019-10,STM,10000.0
2019-10,BZUN,4000.0
2019-10,6951.T,10000.0
2019-10,AMP.MI,5000.0
2019-10,6857.T,4000.0
2019-10,6481.T,2500.0
2019-10,AF-B.ST,4400.0
2019-10,MONC.MI,4000.0
2019-10,INRN.SW,70.0
2019-10,LN,4000.0
2019-10,RKUNY,10000.0
2019-10,ADYEN.AS,260.0
2019-10,FDP.L,4000.0
2019-10,SMDS.L,45000.0
2019-10,TSM,4000.0
2019-10,ZOO.L,140000.0
2019-10,IQE.L,180000.0
2019-10,ORP.PA,1500.0
2019-10,TPE.DE,7000.0
2019-10,4921.T,5000.0
2019-10,3064.T,4500.0
2019-10,6594.T,1400.0
2019-10,3990.T,4000.0
2019-10,3844.T,4000.0
2019-10,LTG.L,300000.0
2019-10,CAP.PA,1000.0
2019-10,6920.T,3000.0
2019-10,ADE.OL,7500.0
2019-10,MDW.PA,20000.0
2019-10,LBIRD.PA,14000.0
2019-10,FDEV.L,19214.0
2019-10,AML.L,8000.0
2019-10,VITB.ST,10000.0
2019-10,TOBII.ST,24000.0
2019-10,4755.T,5000.0
2019-10,IBAB.BR,10000.0
2019-10,IFX.DE,6000.0
2019-11,BB,30000.0
2019-11,SHOP,300.0
2019-11,FANUY,5000.0
2019-11,AMS.SW,4000.0
2019-11,BCART.BR,18000.0
2019-11,UCB.BR,2000.0
2019-11,ASML,630.0
2019-11,RAY.ST,15000.0
2019-11,SCHA.OL,3500.0
2019-11,UMI.BR,5600.0
2019-11,BOOZT.ST,20000.0
2019-11,GWPH,2000.0
2019-11,MTLS,6000.0
2019-11,FAG.ST,17500.0
2019-11,NOD.OL,37000.0
2019-11,AM3D.DE,8000.0
2019-11,BAS1V.HE,9000.0
2019-11,6861.T,250.0
2019-11,ASC.L,6000.0
2019-11,SEDG,3250.0
2019-11,DUST.ST,21000.0
2019-11,ZAL.DE,5050.0
2019-11,BHP,2650.0
2019-11,6146.T,950.0
2019-11,SAX.DE,1500.0
2019-11,OCDO.L,14000.0
2019-11,4751.T,3000.0
2019-11,2678.T,3000.0
2019-11,ETO.L,10000.0
2019-11,ALK-B.CO,550.0
2019-11,STM,10000.0
2019-11,BZUN,4000.0
2019-11,6951.T,10000.0
2019-11,AMP.MI,5000.0
2019-11,6857.T,4000.0
2019-11,6481.T,2500.0
2019-11,AF-B.ST,4400.0
2019-11,MONC.MI,4000.0
2019-11,INRN.SW,70.0
2019-11,LN,4000.0
2019-11,RKUNY,10000.0
2019-11,ADYEN.AS,260.0
2019-11,CAPC.L,50000.0
2019-11,FDP.L,4000.0
2019-11,SMDS.L,45000.0
2019-11,TSM,4000.0
2019-11,ZOO.L,140000.0
2019-11,IQE.L,180000.0
2019-11,ORP.PA,1500.0
2019-11,TPE.DE,14000.0
2019-11,4921.T,5000.0
2019-11,3064.T,4500.0
2019-11,6594.T,1400.0
2019-11,3990.T,4000.0
2019-11,3844.T,4000.0
2019-11,LTG.L,300000.0
2019-11,CAP.PA,1000.0
2019-11,6920.T,3000.0
2019-11,ADE.OL,12580.0
2019-11,MDW.PA,20000.0
2019-11,LBIRD.PA,14000.0
2019-11,FDEV.L,19214.0
2019-11,AML.L,8000.0
2019-11,VITB.ST,10000.0
2019-11,TOBII.ST,45000.0
2019-11,4755.T,5000.0
2019-11,IBAB.BR,10000.0
2019-11,IFX.DE,6000.0
2019-11,FEVR.L,5000.0
2019-11,WDI.DE,1000.0
2019-11,4689.T,60000.0
2019-12,BB,50000.0
2019-12,SHOP,300.0
2019-12,FANUY,5000.0
2019-12,AMS.SW,4000.0
2019-12,BCART.BR,18000.0
2019-12,UCB.BR,2000.0
2019-12,ASML,630.0
2019-12,RAY.ST,15000.0
2019-12,SCHA.OL,3500.0
2019-12,UMI.BR,5600.0
2019-12,BOOZT.ST,20000.0
2019-12,GWPH,2000.0
2019-12,MTLS,6000.0
2019-12,NOD.OL,37000.0
2019-12,AM3D.DE,8000.0
2019-12,BAS1V.HE,9000.0
2019-12,6861.T,250.0
2019-12,ASC.L,6000.0
2019-12,SEDG,3250.0
2019-12,DUST.ST,21000.0
2019-12,ZAL.DE,5050.0
2019-12,BHP,2650.0
2019-12,6146.T,950.0
2019-12,SAX.DE,2500.0
2019-12,OCDO.L,19000.0
2019-12,4751.T,3000.0
2019-12,2678.T,3000.0
2019-12,ALK-B.CO,550.0
2019-12,STM,10000.0
2019-12,BZUN,8000.0
2019-12,6951.T,10000.0
2019-12,AMP.MI,5000.0
2019-12,6857.T,4000.0
2019-12,6481.T,2500.0
2019-12,AF-B.ST,4400.0
2019-12,MONC.MI,4000.0
2019-12,INRN.SW,70.0
2019-12,LN,4000.0
2019-12,RKUNY,10000.0
2019-12,ADYEN.AS,260.0
2019-12,CAPC.L,50000.0
2019-12,FDP.L,4000.0
2019-12,SMDS.L,45000.0
2019-12,TSM,4000.0
2019-12,ZOO.L,140000.0
2019-12,IQE.L,180000.0
2019-12,ORP.PA,1500.0
2019-12,TPE.DE,14000.0
2019-12,4921.T,5000.0
2019-12,3064.T,4500.0
2019-12,6594.T,1400.0
2019-12,3990.T,4000.0
2019-12,3844.T,4000.0
2019-12,LTG.L,350000.0
2019-12,CAP.PA,1000.0
2019-12,6920.T,3000.0
2019-12,ADE.OL,12580.0
2019-12,MDW.PA,20000.0
2019-12,LBIRD.PA,14000.0
2019-12,FDEV.L,19214.0
2019-12,AML.L,8000.0
2019-12,VITB.ST,10000.0
2019-12,TOBII.ST,45000.0
2019-12,4755.T,5000.0
2019-12,IBAB.BR,10000.0
2019-12,IFX.DE,6000.0
2019-12,FEVR.L,5000.0
2019-12,WDI.DE,1000.0
2019-12,4689.T,60000.0
2019-12,FUTR.L,14000.0
2020-01,BB,50000.0
2020-01,FANUY,10000.0
2020-01,AMS.SW,4000.0
2020-01,BCART.BR,18000.0
2020-01,UCB.BR,2000.0
2020-01,ASML,630.0
2020-01,RAY.ST,15000.0
2020-01,SCHA.OL,3500.0
2020-01,UMI.BR,5600.0
2020-01,BOOZT.ST,40000.0
2020-01,GWPH,2000.0
2020-01,MTLS,9000.0
2020-01,NOD.OL,37000.0
2020-01,AM3D.DE,8000.0
2020-01,BAS1V.HE,9000.0
2020-01,6861.T,250.0
2020-01,ASC.L,6000.0
2020-01,SEDG,3250.0
2020-01,DUST.ST,31000.0
2020-01,ZAL.DE,5050.0
2020-01,6146.T,950.0
2020-01,SAX.DE,2500.0
2020-01,OCDO.L,19000.0
2020-01,4751.T,5000.0
2020-01,2678.T,3000.0
2020-01,ALK-B.CO,550.0
2020-01,STM,10000.0
2020-01,BZUN,8000.0
2020-01,6951.T,10000.0
2020-01,AMP.MI,5000.0
2020-01,6857.T,4000.0
2020-01,6481.T,5000.0
2020-01,AF-B.ST,4400.0
2020-01,INRN.SW,70.0
2020-01,RKUNY,10000.0
2020-01,ADYEN.AS,260.0
2020-01,CAPC.L,50000.0
2020-01,FDP.L,4000.0
2020-01,SMDS.L,45000.0
2020-01,TSM,4000.0
2020-01,ZOO.L,240000.0
2020-01,IQE.L,185000.0
2020-01,ORP.PA,1500.0
2020-01,TPE.DE,14000.0
2020-01,4921.T,5000.0
2020-01,3064.T,8500.0
2020-01,6594.T,1400.0
2020-01,3990.T,4000.0
2020-01,3844.T,8000.0
2020-01,LTG.L,350000.0
2020-01,CAP.PA,2000.0
2020-01,6920.T,3000.0
2020-01,ADE.OL,12580.0
2020-01,MDW.PA,20000.0
2020-01,LBIRD.PA,14000.0
2020-01,FDEV.L,19214.0
2020-01,AML.L,8000.0
2020-01,VITB.ST,10000.0
2020-01,TOBII.ST,45000.0
2020-01,4755.T,5000.0
2020-01,IBAB.BR,10000.0
2020-01,IFX.DE,6000.0
2020-01,WDI.DE,1000.0
2020-01,4689.T,60000.0
2020-01,FUTR.L,14000.0
2020-01,TOM2.AS,14000.0
2020-01,BOSS.DE,3000.0
2020-02,BB,50000.0
2020-02,FANUY,10000.0
2020-02,AMS.SW,4000.0
2020-02,BCART.BR,30000.0
2020-02,UCB.BR,2000.0
2020-02,ASML,940.0
2020-02,RAY.ST,30000.0
2020-02,UMI.BR,5600.0
2020-02,BOOZT.ST,40000.0
2020-02,GWPH,2000.0
2020-02,MTLS,14000.0
2020-02,NOD.OL,37000.0
2020-02,AM3D.DE,15000.0
2020-02,BAS1V.HE,9000.0
2020-02,6861.T,250.0
2020-02,ASC.L,6000.0
2020-02,SEDG,3250.0
2020-02,DUST.ST,31000.0
2020-02,ZAL.DE,5050.0
2020-02,6146.T,950.0
2020-02,SAX.DE,2500.0
2020-02,OCDO.L,24000.0
2020-02,4751.T,5000.0
2020-02,2678.T,3000.0
2020-02,ALK-B.CO,550.0
2020-02,STM,10000.0
2020-02,BZUN,8000.0
2020-02,6951.T,10000.0
2020-02,AMP.MI,5000.0
2020-02,6857.T,4000.0
2020-02,6481.T,5000.0
2020-02,AF-B.ST,10000.0
2020-02,INRN.SW,70.0
2020-02,RKUNY,10000.0
2020-02,ADYEN.AS,260.0
2020-02,CAPC.L,50000.0
2020-02,FDP.L,4000.0
2020-02,SMDS.L,75000.0
2020-02,TSM,4000.0
2020-02,ZOO.L,240000.0
2020-02,IQE.L,185000.0
2020-02,ORP.PA,1500.0
2020-02,TPE.DE,14000.0
2020-02,3064.T,8500.0
2020-02,6594.T,2600.0
2020-02,3990.T,4000.0
2020-02,3844.T,8000.0
2020-02,LTG.L,350000.0
2020-02,CAP.PA,2000.0
2020-02,6920.T,3000.0
2020-02,ADE.OL,12580.0
2020-02,MDW.PA,20000.0
2020-02,LBIRD.PA,14000.0
2020-02,FDEV.L,19214.0
2020-02,AML.L,8000.0
2020-02,VITB.ST,10000.0
2020-02,TOBII.ST,70000.0
2020-02,4755.T,5000.0
2020-02,IBAB.BR,10000.0
2020-02,IFX.DE,6000.0
2020-02,WDI.DE,2000.0
2020-02,4689.T,60000.0
2020-02,FUTR.L,14000.0
2020-02,TOM2.AS,28000.0
2020-02,BOSS.DE,3000.0
2020-03,BB,100000.0
2020-03,SHOP,450.0
2020-03,FANUY,10000.0
2020-03,AMS.SW,4000.0
2020-03,BCART.BR,45000.0
2020-03,UCB.BR,2000.0
2020-03,ASML,1240.0
2020-03,RAY.ST,30000.0
2020-03,UMI.BR,5600.0
2020-03,BOOZT.ST,40000.0
2020-03,GWPH,2000.0
2020-03,MTLS,14000.0
2020-03,NOD.OL,37000.0
2020-03,AM3D.DE,15000.0
2020-03,BAS1V.HE,9000.0
2020-03,6861.T,250.0
2020-03,ASC.L,10000.0
2020-03,SEDG,3250.0
2020-03,DUST.ST,46000.0
2020-03,ZAL.DE,5050.0
2020-03,6146.T,950.0
2020-03,SAX.DE,2500.0
2020-03,OCDO.L,24000.0
2020-03,4751.T,5000.0
2020-03,2678.T,3000.0
2020-03,ALK-B.CO,1000.0
2020-03,STM,10000.0
2020-03,BZUN,8000.0
2020-03,6951.T,10000.0
2020-03,AMP.MI,8000.0
2020-03,6857.T,4000.0
2020-03,6481.T,5000.0
2020-03,AF-B.ST,10000.0
2020-03,INRN.SW,70.0
2020-03,RKUNY,10000.0
2020-03,ADYEN.AS,260.0
2020-03,CAPC.L,50000.0
2020-03,FDP.L,1000.0
2020-03,SMDS.L,75000.0
2020-03,TSM,8000.0
2020-03,ZOO.L,240000.0
2020-03,IQE.L,30000.0
2020-03,ORP.PA,2250.0
2020-03,3064.T,8500.0
2020-03,6594.T,2600.0
2020-03,3990.T,4000.0
2020-03,3844.T,8000.0
2020-03,LTG.L,350000.0
2020-03,CAP.PA,2000.0
2020-03,6920.T,3000.0
2020-03,ADE.OL,12580.0
2020-03,MDW.PA,20000.0
2020-03,LBIRD.PA,14000.0
2020-03,FDEV.L,39214.0
2020-03,VITB.ST,10000.0
2020-03,TOBII.ST,70000.0
2020-03,4755.T,5000.0
2020-03,IBAB.BR,10000.0
2020-03,IFX.DE,6000.0
2020-03,WDI.DE,2000.0
2020-03,4689.T,60000.0
2020-03,FUTR.L,24000.0
2020-03,TOM2.AS,28000.0
2020-03,BOSS.DE,3000.0
2020-03,6544.T,7000.0
2020-03,DSY.PA,1000.0
2020-04,BB,100000.0
2020-04,SHOP,450.0
2020-04,FANUY,10000.0
2020-04,AMS.SW,13000.0
2020-04,BCART.BR,45000.0
2020-04,UCB.BR,2000.0
2020-04,ASML,940.0
2020-04,RAY.ST,30000.0
2020-04,UMI.BR,5600.0
2020-04,BOOZT.ST,40000.0
2020-04,GWPH,2000.0
2020-04,MTLS,7000.0
2020-04,NOD.OL,37000.0
2020-04,AM3D.DE,15000.0
2020-04,BAS1V.HE,9000.0
2020-04,6861.T,250.0
2020-04,ASC.L,25000.0
2020-04,SEDG,2500.0
2020-04,DUST.ST,46000.0
2020-04,ZAL.DE,5050.0
2020-04,6146.T,950.0
2020-04,SAX.DE,2500.0
2020-04,OCDO.L,24000.0
2020-04,4751.T,5000.0
2020-04,2678.T,3000.0
2020-04,ALK-B.CO,1000.0
2020-04,STM,10000.0
2020-04,6951.T,10000.0
2020-04,AMP.MI,8000.0
2020-04,6857.T,4000.0
2020-04,6481.T,5000.0
2020-04,AF-B.ST,10000.0
2020-04,INRN.SW,70.0
2020-04,RKUNY,10000.0
2020-04,ADYEN.AS,260.0
2020-04,CAPC.L,50000.0
2020-04,FDP.L,1000.0
2020-04,SMDS.L,75000.0
2020-04,TSM,6000.0
2020-04,ZOO.L,240000.0
2020-04,IQE.L,30000.0
2020-04,ORP.PA,1000.0
2020-04,3064.T,8500.0
2020-04,6594.T,2600.0
2020-04,3990.T,4000.0
2020-04,3844.T,8000.0
2020-04,LTG.L,350000.0
2020-04,CAP.PA,2000.0
2020-04,6920.T,3000.0
2020-04,ADE.OL,12580.0
2020-04,MDW.PA,20000.0
2020-04,LBIRD.PA,14000.0
2020-04,FDEV.L,39214.0
2020-04,VITB.ST,10000.0
2020-04,TOBII.ST,70000.0
2020-04,4755.T,5000.0
2020-04,IBAB.BR,8063.0
2020-04,IFX.DE,16000.0
2020-04,WDI.DE,1000.0
2020-04,4689.T,60000.0
2020-04,FUTR.L,24000.0
2020-04,TOM2.AS,28000.0
2020-04,6544.T,7000.0
2020-04,DSY.PA,3000.0
2020-04,DIA.MI,2000.0
2020-04,RYAAY,2300.0
2020-05,BB,100000.0
2020-05,SHOP,230.0
2020-05,FANUY,10000.0
2020-05,AMS.SW,13000.0
2020-05,BCART.BR,45000.0
2020-05,UCB.BR,2000.0
2020-05,ASML,940.0
2020-05,RAY.ST,40000.0
2020-05,UMI.BR,5600.0
2020-05,BOOZT.ST,40000.0
2020-05,GWPH,2000.0
2020-05,MTLS,7000.0
2020-05,NOD.OL,37000.0
2020-05,AM3D.DE,15000.0
2020-05,BAS1V.HE,9000.0
2020-05,6861.T,250.0
2020-05,ASC.L,20000.0
2020-05,SEDG,2500.0
2020-05,DUST.ST,46000.0
2020-05,ZAL.DE,5050.0
2020-05,6146.T,950.0
2020-05,SAX.DE,2500.0
2020-05,OCDO.L,24000.0
2020-05,4751.T,5000.0
2020-05,ALK-B.CO,1000.0
2020-05,STM,10000.0
2020-05,6951.T,10000.0
2020-05,AMP.MI,8000.0
2020-05,6857.T,4000.0
2020-05,6481.T,5000.0
2020-05,INRN.SW,70.0
2020-05,RKUNY,10000.0
2020-05,ADYEN.AS,260.0
2020-05,CAPC.L,100000.0
2020-05,FDP.L,1000.0
2020-05,SMDS.L,75000.0
2020-05,TSM,6000.0
2020-05,ZOO.L,240000.0
2020-05,IQE.L,30000.0
2020-05,ORP.PA,1000.0
2020-05,3064.T,8500.0
2020-05,6594.T,2600.0
2020-05,3990.T,4000.0
2020-05,3844.T,8000.0
2020-05,LTG.L,350000.0
2020-05,6920.T,1000.0
2020-05,ADE.OL,12580.0
2020-05,MDW.PA,20000.0
2020-05,LBIRD.PA,14000.0
2020-05,FDEV.L,39214.0
2020-05,VITB.ST,10000.0
2020-05,TOBII.ST,100000.0
2020-05,4755.T,15000.0
2020-05,IFX.DE,16000.0
2020-05,4689.T,60000.0
2020-05,FUTR.L,24000.0
2020-05,TOM2.AS,28000.0
2020-05,6544.T,7000.0
2020-05,DSY.PA,2300.0
2020-05,DIA.MI,2000.0
2020-05,RYAAY,2300.0
2020-05,ASR,2000.0
2020-06,BB,100000.0
2020-06,SHOP,100.0
2020-06,FANUY,10000.0
2020-06,AMS.SW,13000.0
2020-06,BCART.BR,45000.0
2020-06,UCB.BR,2000.0
2020-06,ASML,540.0
2020-06,RAY.ST,40000.0
2020-06,UMI.BR,7600.0
2020-06,BOOZT.ST,40000.0
2020-06,GWPH,2000.0
2020-06,MTLS,7000.0
2020-06,NOD.OL,37000.0
2020-06,AM3D.DE,25000.0
2020-06,BAS1V.HE,9000.0
2020-06,6861.T,250.0
2020-06,ASC.L,20000.0
2020-06,SEDG,2500.0
2020-06,DUST.ST,46000.0
2020-06,ZAL.DE,5050.0
2020-06,6146.T,950.0
2020-06,ACSO.L,50000.0
2020-06,SAX.DE,3500.0
2020-06,OCDO.L,24000.0
2020-06,4751.T,5000.0
2020-06,ALK-B.CO,1000.0
2020-06,STM,10000.0
2020-06,6951.T,10000.0
2020-06,AMP.MI,8000.0
2020-06,6857.T,4000.0
2020-06,6481.T,10000.0
2020-06,INRN.SW,150.0
2020-06,RKUNY,10000.0
2020-06,ADYEN.AS,260.0
2020-06,CAPC.L,150000.0
2020-06,FDP.L,1000.0
2020-06,SMDS.L,95000.0
2020-06,TSM,6000.0
2020-06,ZOO.L,240000.0
2020-06,IQE.L,329030.0
2020-06,ORP.PA,2000.0
2020-06,3064.T,8500.0
2020-06,6594.T,2600.0
2020-06,3990.T,4000.0
2020-06,3844.T,8000.0
2020-06,LTG.L,350000.0
2020-06,6920.T,1000.0
2020-06,ADE.OL,12580.0
2020-06,LBIRD.PA,16092.0
2020-06,FDEV.L,39214.0
2020-06,VITB.ST,10000.0
2020-06,TOBII.ST,100000.0
2020-06,4755.T,15000.0
2020-06,IFX.DE,16000.0
2020-06,4689.T,60000.0
2020-06,FUTR.L,24000.0
2020-06,TOM2.AS,28000.0
2020-06,6544.T,7000.0
2020-06,DSY.PA,2300.0
2020-06,DIA.MI,2000.0
2020-06,RYAAY,4300.0
2020-06,ASR,3000.0
2020-06,AGL.MI,30000.0
2020-07,BB,100000.0
2020-07,FANUY,10000.0
2020-07,AMS.SW,13000.0
2020-07,BCART.BR,45000.0
2020-07,UCB.BR,2000.0
2020-07,ASML,540.0
2020-07,RAY.ST,40000.0
2020-07,UMI.BR,7600.0
2020-07,BOOZT.ST,40000.0
2020-07,GWPH,2000.0
2020-07,MTLS,7000.0
2020-07,NOD.OL,37000.0
2020-07,AM3D.DE,25000.0
2020-07,BAS1V.HE,9000.0
2020-07,6861.T,250.0
2020-07,ASC.L,20000.0
2020-07,SEDG,2500.0
2020-07,DUST.ST,46000.0
2020-07,ZAL.DE,5050.0
2020-07,6146.T,950.0
2020-07,ACSO.L,75000.0
2020-07,SAX.DE,3500.0
2020-07,OCDO.L,24000.0
2020-07,4751.T,5000.0
2020-07,ALK-B.CO,1000.0
2020-07,STM,10000.0
2020-07,6951.T,10000.0
2020-07,AMP.MI,8000.0
2020-07,6857.T,4000.0
2020-07,6481.T,10000.0
2020-07,INRN.SW,150.0
2020-07,RKUNY,10000.0
2020-07,ADYEN.AS,260.0
2020-07,CAPC.L,150000.0
2020-07,FDP.L,1000.0
2020-07,SMDS.L,95000.0
2020-07,TSM,6000.0
2020-07,ZOO.L,240000.0
2020-07,IQE.L,329030.0
2020-07,ORP.PA,2000.0
2020-07,3064.T,8500.0
2020-07,6594.T,2600.0
2020-07,3990.T,4000.0
2020-07,3844.T,8000.0
2020-07,LTG.L,400000.0
2020-07,6920.T,1000.0
2020-07,ADE.OL,12580.0
2020-07,LBIRD.PA,16092.0
2020-07,FDEV.L,39214.0
2020-07,AML.L,300000.0
2020-07,VITB.ST,10000.0
2020-07,TOBII.ST,100000.0
2020-07,4755.T,15000.0
2020-07,IFX.DE,16000.0
2020-07,4689.T,60000.0
2020-07,FUTR.L,30000.0
2020-07,TOM2.AS,28000.0
2020-07,6544.T,7000.0
2020-07,DSY.PA,2300.0
2020-07,DIA.MI,2000.0
2020-07,RYAAY,4300.0
2020-07,ASR,3000.0
2020-07,AGL.MI,30000.0
2020-07,PCELL.ST,5000.0
2020-08,BB,100000.0
2020-08,AMS.SW,13000.0
2020-08,BCART.BR,45000.0
2020-08,UCB.BR,2000.0
2020-08,ASML,540.0
2020-08,RAY.ST,40000.0
2020-08,UMI.BR,7600.0
2020-08,BOOZT.ST,40000.0
2020-08,GWPH,2000.0
2020-08,MTLS,7000.0
2020-08,NOD.OL,37000.0
2020-08,AM3D.DE,25000.0
2020-08,BAS1V.HE,9000.0
2020-08,6861.T,250.0
2020-08,ASC.L,20000.0
2020-08,SEDG,2500.0
2020-08,DUST.ST,46000.0
2020-08,ZAL.DE,5050.0
2020-08,FNAC.PA,4500.0
2020-08,6146.T,950.0
2020-08,ACSO.L,75000.0
2020-08,SAX.DE,3500.0
2020-08,OCDO.L,24000.0
2020-08,4751.T,5000.0
2020-08,ALK-B.CO,1000.0
2020-08,STM,10000.0
2020-08,6951.T,10000.0
2020-08,AMP.MI,8000.0
2020-08,6857.T,4000.0
2020-08,6481.T,10000.0
2020-08,INRN.SW,150.0
2020-08,RKUNY,10000.0
2020-08,ADYEN.AS,160.0
2020-08,CAPC.L,150000.0
2020-08,FDP.L,1000.0
2020-08,SMDS.L,95000.0
2020-08,TSM,6000.0
2020-08,ZOO.L,240000.0
2020-08,IQE.L,329030.0
2020-08,ORP.PA,2000.0
2020-08,3064.T,8500.0
2020-08,6594.T,2600.0
2020-08,3990.T,4000.0
2020-08,3844.T,8000.0
2020-08,LTG.L,400000.0
2020-08,6920.T,1000.0
2020-08,ADE.OL,12580.0
2020-08,LBIRD.PA,16092.0
2020-08,FDEV.L,39214.0
2020-08,AML.L,300000.0
2020-08,VITB.ST,10000.0
2020-08,TOBII.ST,100000.0
2020-08,4755.T,15000.0
2020-08,IFX.DE,16000.0
2020-08,4689.T,60000.0
2020-08,FUTR.L,30000.0
2020-08,TOM2.AS,28000.0
2020-08,6544.T,7000.0
2020-08,DSY.PA,2300.0
2020-08,DIA.MI,1000.0
2020-08,RYAAY,4300.0
2020-08,ASR,3000.0
2020-08,AGL.MI,30000.0
2020-08,PCELL.ST,5000.0
2020-08,PUB.PA,5000.0
2020-09,BB,100000.0
2020-09,AMS.SW,13000.0
2020-09,BCART.BR,45000.0
2020-09,UCB.BR,2000.0
2020-09,ASML,540.0
2020-09,RAY.ST,40000.0
2020-09,UMI.BR,7600.0
2020-09,BOOZT.ST,40000.0
2020-09,GWPH,2000.0
2020-09,MTLS,7000.0
2020-09,NOD.OL,37000.0
2020-09,AM3D.DE,25000.0
2020-09,BAS1V.HE,9000.0
2020-09,6861.T,250.0
2020-09,ASC.L,20000.0
2020-09,SEDG,2500.0
2020-09,DUST.ST,46000.0
2020-09,ZAL.DE,5050.0
2020-09,FNAC.PA,4500.0
2020-09,6146.T,950.0
2020-09,ACSO.L,75000.0
2020-09,SAX.DE,3500.0
2020-09,OCDO.L,24000.0
2020-09,4751.T,5000.0
2020-09,ALK-B.CO,1000.0
2020-09,STM,10000.0
2020-09,6951.T,10000.0
2020-09,AMP.MI,8000.0
2020-09,6857.T,4000.0
2020-09,6481.T,10000.0
2020-09,INRN.SW,150.0
2020-09,RKUNY,10000.0
2020-09,ADYEN.AS,160.0
2020-09,CAPC.L,150000.0
2020-09,FDP.L,1000.0
2020-09,SMDS.L,95000.0
2020-09,TSM,6000.0
2020-09,ZOO.L,240000.0
2020-09,IQE.L,329030.0
2020-09,ORP.PA,2000.0
2020-09,3064.T,8500.0
2020-09,6594.T,2600.0
2020-09,3990.T,4000.0
2020-09,3844.T,8000.0
2020-09,LTG.L,400000.0
2020-09,6920.T,1000.0
2020-09,ADE.OL,12580.0
2020-09,LBIRD.PA,16092.0
2020-09,FDEV.L,39214.0
2020-09,AML.L,300000.0
2020-09,VITB.ST,10000.0
2020-09,TOBII.ST,70000.0
2020-09,4755.T,15000.0
2020-09,IFX.DE,16000.0
2020-09,4689.T,60000.0
2020-09,FUTR.L,30000.0
2020-09,TOM2.AS,28000.0
2020-09,6544.T,7000.0
2020-09,DSY.PA,2300.0
2020-09,DIA.MI,1000.0
2020-09,RYAAY,4300.0
2020-09,ASR,3000.0
2020-09,AGL.MI,30000.0
2020-09,PUB.PA,5235.0
2020-09,WMH.L,100000.0
2020-10,BB,100000.0
2020-10,AMS.SW,13000.0
2020-10,BCART.BR,45000.0
2020-10,UCB.BR,2000.0
2020-10,ASML,540.0
2020-10,RAY.ST,40000.0
2020-10,UMI.BR,7600.0
2020-10,BOOZT.ST,40000.0
2020-10,GWPH,2000.0
2020-10,MTLS,4450.0
2020-10,NOD.OL,37000.0
2020-10,AM3D.DE,35000.0
2020-10,BAS1V.HE,9000.0
2020-10,6861.T,250.0
2020-10,ASC.L,20000.0
2020-10,SEDG,1750.0
2020-10,DUST.ST,46000.0
2020-10,ZAL.DE,5050.0
2020-10,FNAC.PA,4500.0
2020-10,6146.T,950.0
2020-10,ACSO.L,75000.0
2020-10,SAX.DE,3500.0
2020-10,OCDO.L,24000.0
2020-10,4751.T,5000.0
2020-10,ALK-B.CO,1000.0
2020-10,STM,10000.0
2020-10,6951.T,10000.0
2020-10,AMP.MI,8000.0
2020-10,6857.T,4000.0
2020-10,6481.T,10000.0
2020-10,SCHA,2050.0
2020-10,INRN.SW,150.0
2020-10,RKUNY,10000.0
2020-10,ADYEN.AS,160.0
2020-10,CAPC.L,150000.0
2020-10,FDP.L,1000.0
2020-10,SMDS.L,95000.0
2020-10,TSM,6000.0
2020-10,ZOO.L,240000.0
2020-10,IQE.L,329030.0
2020-10,ORP.PA,2000.0
2020-10,3064.T,8500.0
2020-10,6594.T,2600.0
2020-10,3990.T,4000.0
2020-10,3844.T,8000.0
2020-10,LTG.L,400000.0
2020-10,6920.T,1000.0
2020-10,ADE.OL,12580.0
2020-10,LBIRD.PA,16092.0
2020-10,FDEV.L,39214.0
2020-10,AML.L,300000.0
2020-10,VITB.ST,10000.0
2020-10,TOBII.ST,70000.0
2020-10,4755.T,15000.0
2020-10,IFX.DE,16000.0
2020-10,4689.T,60000.0
2020-10,FUTR.L,30000.0
2020-10,TOM2.AS,28000.0
2020-10,6544.T,7000.0
2020-10,DSY.PA,1000.0
2020-10,DIA.MI,990.0
2020-10,ASR,3000.0
2020-10,PUB.PA,5235.0
2020-10,GVC.L,20000.0
2020-10,ROSE.SW,1000.0
2020-11,BB,100000.0
2020-11,AMS.SW,13000.0
2020-11,BCART.BR,45000.0
2020-11,UCB.BR,2000.0
2020-11,ASML,540.0
2020-11,RAY.ST,40000.0
2020-11,UMI.BR,7600.0
2020-11,BOOZT.ST,29800.0
2020-11,GWPH,4000.0
2020-11,MTLS,4450.0
2020-11,NOD.OL,37000.0
2020-11,AM3D.DE,35000.0
2020-11,BAS1V.HE,9000.0
2020-11,6861.T,250.0
2020-11,ASC.L,20000.0
2020-11,SEDG,1750.0
2020-11,DUST.ST,46000.0
2020-11,ZAL.DE,5050.0
2020-11,FNAC.PA,9000.0
2020-11,6146.T,950.0
2020-11,ACSO.L,75000.0
2020-11,SAX.DE,3500.0
2020-11,OCDO.L,24000.0
2020-11,4751.T,5000.0
2020-11,ALK-B.CO,1000.0
2020-11,STM,10000.0
2020-11,6951.T,10000.0
2020-11,AMP.MI,8000.0
2020-11,6857.T,4000.0
2020-11,6481.T,10000.0
2020-11,SCHA,2050.0
2020-11,INRN.SW,150.0
2020-11,RKUNY,10000.0
2020-11,ADYEN.AS,160.0
2020-11,CAPC.L,300000.0
2020-11,FDP.L,1000.0
2020-11,SMDS.L,95000.0
2020-11,TSM,6000.0
2020-11,ZOO.L,429000.0
2020-11,IQE.L,329030.0
2020-11,ORP.PA,2000.0
2020-11,3064.T,8500.0
2020-11,6594.T,2600.0
2020-11,3990.T,4000.0
2020-11,3844.T,8000.0
2020-11,LTG.L,400000.0
2020-11,6920.T,1000.0
2020-11,ADE.OL,12580.0
2020-11,LBIRD.PA,16092.0
2020-11,FDEV.L,34800.0
2020-11,AML.L,597000.0
2020-11,VITB.ST,10000.0
2020-11,TOBII.ST,70000.0
2020-11,4755.T,15000.0
2020-11,IFX.DE,16000.0
2020-11,4689.T,60000.0
2020-11,FUTR.L,30000.0
2020-11,TOM2.AS,28000.0
2020-11,6544.T,7000.0
2020-11,DSY.PA,1000.0
2020-11,DIA.MI,990.0
2020-11,PUB.PA,5235.0
2020-11,GVC.L,30000.0
2020-11,ROSE.SW,1000.0
2020-12,BB,100000.0
2020-12,AMS.SW,13000.0
2020-12,BCART.BR,45000.0
2020-12,UCB.BR,2000.0
2020-12,ASML,30.0
2020-12,RAY.ST,40000.0
2020-12,UMI.BR,7600.0
2020-12,BOOZT.ST,29800.0
2020-12,GWPH,4000.0
2020-12,MTLS,4450.0
2020-12,NOD.OL,37000.0
2020-12,AM3D.DE,35000.0
2020-12,BAS1V.HE,9000.0
2020-12,ASC.L,20000.0
2020-12,SEDG,1750.0
2020-12,DUST.ST,46000.0
2020-12,ZAL.DE,5050.0
2020-12,FNAC.PA,9000.0
2020-12,6146.T,950.0
2020-12,ACSO.L,75000.0
2020-12,SAX.DE,3500.0
2020-12,OCDO.L,24000.0
2020-12,4751.T,5000.0
2020-12,ALK-B.CO,1000.0
2020-12,STM,10000.0
2020-12,6951.T,10000.0
2020-12,AMP.MI,8000.0
2020-12,6857.T,4000.0
2020-12,6481.T,10000.0
2020-12,SCHA,2050.0
2020-12,INRN.SW,150.0
2020-12,RKUNY,10000.0
2020-12,ADYEN.AS,160.0
2020-12,CAPC.L,300000.0
2020-12,FDP.L,1000.0
2020-12,SMDS.L,95000.0
2020-12,TSM,6000.0
2020-12,ZOO.L,429000.0
2020-12,IQE.L,329030.0
2020-12,3064.T,8500.0
2020-12,6594.T,2600.0
2020-12,3990.T,4000.0
2020-12,3844.T,18000.0
2020-12,LTG.L,400000.0
2020-12,6920.T,1000.0
2020-12,ADE.OL,12580.0
2020-12,LBIRD.PA,16092.0
2020-12,FDEV.L,34800.0
2020-12,AML.L,597000.0
2020-12,VITB.ST,10000.0
2020-12,TOBII.ST,70000.0
2020-12,4755.T,15000.0
2020-12,IFX.DE,16000.0
2020-12,4689.T,60000.0
2020-12,FUTR.L,30000.0
2020-12,6544.T,7000.0
2020-12,DSY.PA,1000.0
2020-12,DIA.MI,990.0
2020-12,PUB.PA,5235.0
2020-12,GVC.L,30000.0
2020-12,ROSE.SW,1000.0
2021-01,BB,23950.0
2021-01,BCART.BR,45000.0
2021-01,UCB.BR,2000.0
2021-01,ASML,30.0
2021-01,RAY.ST,40000.0
2021-01,UMI.BR,7600.0
2021-01,BOOZT.ST,29800.0
2021-01,GWPH,4000.0
2021-01,NOD.OL,37000.0
2021-01,AM3D.DE,19950.0
2021-01,BAS1V.HE,9000.0
2021-01,ASC.L,20000.0
2021-01,SEDG,1750.0
2021-01,DUST.ST,46000.0
2021-01,ZAL.DE,5050.0
2021-01,FNAC.PA,9000.0
2021-01,6146.T,950.0
2021-01,ACSO.L,75000.0
2021-01,SAX.DE,3500.0
2021-01,OCDO.L,24000.0
2021-01,4751.T,5000.0
2021-01,ALK-B.CO,1000.0
2021-01,STM,10000.0
2021-01,6951.T,10000.0
2021-01,AMP.MI,8000.0
2021-01,6857.T,4000.0
2021-01,6481.T,10000.0
2021-01,SCHA,2050.0
2021-01,INRN.SW,100.0
2021-01,RKUNY,10000.0
2021-01,ADYEN.AS,160.0
2021-01,CAPC.L,150000.0
2021-01,FDP.L,1000.0
2021-01,SMDS.L,95000.0
2021-01,TSM,6000.0
2021-01,ZOO.L,429000.0
2021-01,IQE.L,278000.0
2021-01,3064.T,8500.0
2021-01,6594.T,2600.0
2021-01,3990.T,9000.0
2021-01,3844.T,18000.0
2021-01,LTG.L,400000.0
2021-01,6920.T,1000.0
2021-01,ADE.OL,12580.0
2021-01,LBIRD.PA,16092.0
2021-01,FDEV.L,34800.0
2021-01,AML.L,597000.0
2021-01,VITB.ST,10000.0
2021-01,TOBII.ST,70000.0
2021-01,4755.T,15000.0
2021-01,IFX.DE,16000.0
2021-01,4689.T,60000.0
2021-01,FUTR.L,30000.0
2021-01,6544.T,7000.0
2021-01,DSY.PA,1000.0
2021-01,DIA.MI,990.0
2021-01,PUB.PA,5235.0
2021-01,GVC.L,40000.0
2021-01,ROSE.SW,1000.0
2021-01,ASM.AS,1500.0
2021-02,BB,48950.0
2021-02,BCART.BR,85000.0
2021-02,UCB.BR,3000.0
2021-02,ASML,30.0
2021-02,RAY.ST,88950.0
2021-02,UMI.BR,12600.0
2021-02,BOOZT.ST,29800.0
2021-02,NOD.OL,37000.0
2021-02,AM3D.DE,19950.0
2021-02,BAS1V.HE,13000.0
2021-02,ASC.L,20000.0
2021-02,SEDG,1750.0
2021-02,DUST.ST,46000.0
2021-02,ZAL.DE,5050.0
2021-02,FNAC.PA,9000.0
2021-02,BHP,9000.0
2021-02,6146.T,1950.0
2021-02,ACSO.L,75000.0
2021-02,SAX.DE,3500.0
2021-02,OCDO.L,34000.0
2021-02,4751.T,9000.0
2021-02,ALK-B.CO,1000.0
2021-02,STM,10000.0
2021-02,6951.T,10000.0
2021-02,AMP.MI,20000.0
2021-02,6857.T,7900.0
2021-02,6481.T,10000.0
2021-02,SCHA,2050.0
2021-02,INRN.SW,100.0
2021-02,RKUNY,10000.0
2021-02,ADYEN.AS,160.0
2021-02,CAPC.L,250000.0
2021-02,FDP.L,1000.0
2021-02,SMDS.L,125000.0
2021-02,TSM,6000.0
2021-02,ZOO.L,429000.0
2021-02,IQE.L,278000.0
2021-02,3064.T,8500.0
2021-02,6594.T,2600.0
2021-02,3990.T,19000.0
2021-02,3844.T,18000.0
2021-02,LTG.L,400000.0
2021-02,6920.T,1000.0
2021-02,ADE.OL,42580.0
2021-02,LBIRD.PA,26092.0
2021-02,FDEV.L,29800.0
2021-02,AML.L,607000.0
2021-02,VITB.ST,10000.0
2021-02,TOBII.ST,70000.0
2021-02,4755.T,35000.0
2021-02,IFX.DE,16000.0
2021-02,4689.T,100000.0
2021-02,FUTR.L,40000.0
2021-02,6544.T,14000.0
2021-02,DSY.PA,1000.0
2021-02,DIA.MI,990.0
2021-02,PUB.PA,10235.0
2021-02,GVC.L,40000.0
2021-02,ROSE.SW,2000.0
2021-02,ASM.AS,2000.0
2021-02,WOSG.L,60000.0
2021-02,DMP.DE,8000.0
2021-02,MOON.L,105000.0
2021-02,4385.T,12000.0
2021-02,RIO,8000.0
2021-02,JAZZ,3000.0
2021-03,BB,73950.0
2021-03,BCART.BR,85000.0
2021-03,ASML,30.0
2021-03,RAY.ST,104750.0
2021-03,UMI.BR,12600.0
2021-03,BOOZT.ST,29800.0
2021-03,NOD.OL,37000.0
2021-03,AM3D.DE,19950.0
2021-03,BAS1V.HE,13000.0
2021-03,ASC.L,20000.0
2021-03,SEDG,1750.0
2021-03,DUST.ST,46000.0
2021-03,ZAL.DE,7050.0
2021-03,FNAC.PA,9000.0
2021-03,BHP,9000.0
2021-03,6146.T,1950.0
2021-03,ACSO.L,75000.0
2021-03,SAX.DE,3500.0
2021-03,OCDO.L,34000.0
2021-03,4751.T,9000.0
2021-03,ALK-B.CO,1990.0
2021-03,STM,10000.0
2021-03,6951.T,15000.0
2021-03,AMP.MI,25000.0
2021-03,6857.T,7900.0
2021-03,6481.T,10000.0
2021-03,SCHA,2050.0
2021-03,INRN.SW,100.0
2021-03,RKUNY,10000.0
2021-03,ADYEN.AS,160.0
2021-03,CAPC.L,250000.0
2021-03,FDP.L,1000.0
2021-03,SMDS.L,125000.0
2021-03,TSM,6000.0
2021-03,ZOO.L,429000.0
2021-03,IQE.L,278000.0
2021-03,TPE.DE,12000.0
2021-03,3064.T,8500.0
2021-03,6594.T,2600.0
2021-03,3990.T,19000.0
2021-03,3844.T,18000.0
2021-03,LTG.L,500000.0
2021-03,6920.T,1000.0
2021-03,ADE.OL,42580.0
2021-03,LBIRD.PA,26092.0
2021-03,FDEV.L,39800.0
2021-03,AML.L,607000.0
2021-03,VITB.ST,10000.0
2021-03,TOBII.ST,70000.0
2021-03,4755.T,35000.0
2021-03,IFX.DE,16000.0
2021-03,4689.T,100000.0
2021-03,FUTR.L,40000.0
2021-03,BOSS.DE,10000.0
2021-03,6544.T,14000.0
2021-03,DSY.PA,1000.0
2021-03,DIA.MI,990.0
2021-03,PUB.PA,10235.0
2021-03,GVC.L,40000.0
2021-03,ROSE.SW,2500.0
2021-03,ASM.AS,2000.0
2021-03,WOSG.L,60000.0
2021-03,DMP.DE,8000.0
2021-03,MOON.L,105000.0
2021-03,4385.T,12000.0
2021-03,RIO,8000.0
2021-03,JAZZ,3000.0
2021-04,BB,73950.0
2021-04,BCART.BR,85000.0
2021-04,ASML,30.0
2021-04,RAY.ST,104750.0
2021-04,UMI.BR,12600.0
2021-04,BOOZT.ST,29800.0
2021-04,NOD.OL,37000.0
2021-04,AM3D.DE,19950.0
2021-04,BAS1V.HE,13000.0
2021-04,ASC.L,20000.0
2021-04,SEDG,1750.0
2021-04,DUST.ST,46000.0
2021-04,ZAL.DE,7050.0
2021-04,FNAC.PA,9000.0
2021-04,BHP,9000.0
2021-04,6146.T,1950.0
2021-04,ACSO.L,75000.0
2021-04,SAX.DE,3500.0
2021-04,OCDO.L,34000.0
2021-04,4751.T,9000.0
2021-04,ALK-B.CO,1990.0
2021-04,STM,10000.0
2021-04,6951.T,15000.0
2021-04,AMP.MI,25000.0
2021-04,6857.T,7900.0
2021-04,SCHA,2050.0
2021-04,INRN.SW,100.0
2021-04,RKUNY,10000.0
2021-04,ADYEN.AS,160.0
2021-04,CAPC.L,250000.0
2021-04,FDP.L,1000.0
2021-04,SMDS.L,125000.0
2021-04,TSM,6000.0
2021-04,ZOO.L,429000.0
2021-04,IQE.L,28000.0
2021-04,TPE.DE,12000.0
2021-04,3064.T,8500.0
2021-04,6594.T,2600.0
2021-04,3990.T,19000.0
2021-04,3844.T,18000.0
2021-04,LTG.L,500000.0
2021-04,6920.T,1000.0
2021-04,ADE.OL,57580.0
2021-04,LBIRD.PA,26092.0
2021-04,FDEV.L,39800.0
2021-04,AML.L,607000.0
2021-04,VITB.ST,10000.0
2021-04,TOBII.ST,70000.0
2021-04,4755.T,35000.0
2021-04,IFX.DE,16000.0
2021-04,4689.T,100000.0
2021-04,FUTR.L,40000.0
2021-04,BOSS.DE,10000.0
2021-04,6544.T,14000.0
2021-04,DSY.PA,1000.0
2021-04,DIA.MI,990.0
2021-04,PUB.PA,6000.0
2021-04,GVC.L,40000.0
2021-04,ROSE.SW,3000.0
2021-04,ASM.AS,2000.0
2021-04,WOSG.L,60000.0
2021-04,DMP.DE,8000.0
2021-04,MOON.L,105000.0
2021-04,4385.T,12000.0
2021-04,RIO,8000.0
2021-04,JAZZ,3000.0
2021-04,3031.T,14000.0
2021-04,PETS.L,70000.0
2021-05,BB,148950.0
2021-05,BCART.BR,85000.0
2021-05,ASML,30.0
2021-05,RAY.ST,104750.0
2021-05,UMI.BR,12600.0
2021-05,BOOZT.ST,29800.0
2021-05,NOD.OL,22000.0
2021-05,AM3D.DE,14950.0
2021-05,BAS1V.HE,8900.0
2021-05,ASC.L,25000.0
2021-05,SEDG,1750.0
2021-05,DUST.ST,29800.0
2021-05,ZAL.DE,4960.0
2021-05,FNAC.PA,9000.0
2021-05,BHP,9000.0
2021-05,6146.T,1950.0
2021-05,ACSO.L,75000.0
2021-05,OCDO.L,34000.0
2021-05,4751.T,9000.0
2021-05,ALK-B.CO,1990.0
2021-05,STM,10000.0
2021-05,6951.T,15000.0
2021-05,AMP.MI,10000.0
2021-05,6857.T,4900.0
2021-05,SCHA,2050.0
2021-05,INRN.SW,100.0
2021-05,ADYEN.AS,296.0
2021-05,CAPC.L,250000.0
2021-05,FDP.L,1000.0
2021-05,SMDS.L,125000.0
2021-05,TSM,6000.0
2021-05,ZOO.L,429000.0
2021-05,IQE.L,28000.0
2021-05,3064.T,23500.0
2021-05,6594.T,2600.0
2021-05,3990.T,19000.0
2021-05,3844.T,18000.0
2021-05,LTG.L,500000.0
2021-05,ADE.OL,72580.0
2021-05,LBIRD.PA,26092.0
2021-05,FDEV.L,39800.0
2021-05,AML.L,607000.0
2021-05,VITB.ST,10000.0
2021-05,TOBII.ST,40000.0
2021-05,4755.T,35000.0
2021-05,IFX.DE,16000.0
2021-05,4689.T,100000.0
2021-05,FUTR.L,40000.0
2021-05,BOSS.DE,10000.0
2021-05,6544.T,14000.0
2021-05,DSY.PA,1000.0
2021-05,DIA.MI,990.0
2021-05,GVC.L,40000.0
2021-05,ROSE.SW,3000.0
2021-05,ASM.AS,2000.0
2021-05,WOSG.L,40000.0
2021-05,DMP.DE,8000.0
2021-05,MOON.L,105000.0
2021-05,4385.T,12000.0
2021-05,RIO,8000.0
2021-05,JAZZ,3000.0
2021-05,3031.T,14000.0
2021-05,PETS.L,70000.0
2021-05,6929.T,2000.0
2021-05,6840.T,3000.0
2021-05,KAHOT.OL,50000.0
2021-06,BB,73950.0
2021-06,BCART.BR,85000.0
2021-06,ASML,30.0
2021-06,RAY.ST,104750.0
2021-06,UMI.BR,12600.0
2021-06,BOOZT.ST,29800.0
2021-06,NOD.OL,22000.0
2021-06,AM3D.DE,14950.0
2021-06,BAS1V.HE,8900.0
2021-06,ASC.L,25000.0
2021-06,SEDG,1750.0
2021-06,ZAL.DE,6960.0
2021-06,FNAC.PA,9000.0
2021-06,BHP,9000.0
2021-06,6146.T,1950.0
2021-06,ACSO.L,75000.0
2021-06,OCDO.L,44000.0
2021-06,4751.T,9000.0
2021-06,ALK-B.CO,1390.0
2021-06,STM,10000.0
2021-06,6951.T,15000.0
2021-06,AMP.MI,5000.0
2021-06,6857.T,4900.0
2021-06,SCHA,2050.0
2021-06,ADYEN.AS,296.0
2021-06,CAPC.L,250000.0
2021-06,FDP.L,1000.0
2021-06,SMDS.L,100000.0
2021-06,TSM,6000.0
2021-06,ZOO.L,429000.0
2021-06,IQE.L,28000.0
2021-06,TPE.DE,15000.0
2021-06,3064.T,23500.0
2021-06,6594.T,2600.0
2021-06,3990.T,19000.0
2021-06,3844.T,18000.0
2021-06,LTG.L,450000.0
2021-06,ADE.OL,46580.0
2021-06,LBIRD.PA,26092.0
2021-06,FDEV.L,39800.0
2021-06,AML.L,607000.0
2021-06,VITB.ST,10000.0
2021-06,TOBII.ST,40000.0
2021-06,4755.T,35000.0
2021-06,IFX.DE,16000.0
2021-06,4689.T,100000.0
2021-06,FUTR.L,40000.0
2021-06,BOSS.DE,10000.0
2021-06,6544.T,14000.0
2021-06,DSY.PA,1000.0
2021-06,DIA.MI,990.0
2021-06,GVC.L,40000.0
2021-06,ROSE.SW,3000.0
2021-06,ASM.AS,2000.0
2021-06,WOSG.L,40000.0
2021-06,DMP.DE,8000.0
2021-06,MOON.L,105000.0
2021-06,4385.T,12000.0
2021-06,RIO,8000.0
2021-06,JAZZ,3000.0
2021-06,3031.T,26000.0
2021-06,PETS.L,70000.0
2021-06,6929.T,2000.0
2021-06,6840.T,3000.0
2021-06,KAHOT.OL,100000.0
2021-06,BOKU.L,325000.0
2021-06,MUSTI.HE,27950.0
2021-07,BB,73950.0
2021-07,BCART.BR,85000.0
2021-07,ASML,30.0
2021-07,RAY.ST,104750.0
2021-07,UMI.BR,12600.0
2021-07,BOOZT.ST,39800.0
2021-07,MTLS,20000.0
2021-07,NOD.OL,22000.0
2021-07,AM3D.DE,14950.0
2021-07,BAS1V.HE,8900.0
2021-07,ASC.L,25000.0
2021-07,SEDG,1750.0
2021-07,ZAL.DE,6960.0
2021-07,FNAC.PA,9000.0
2021-07,BHP,9000.0
2021-07,6146.T,1950.0
2021-07,ACSO.L,75000.0
2021-07,OCDO.L,44000.0
2021-07,4751.T,9000.0
2021-07,ALK-B.CO,1390.0
2021-07,STM,10000.0
2021-07,6951.T,15000.0
2021-07,AMP.MI,5000.0
2021-07,6857.T,4900.0
2021-07,SCHA,2050.0
2021-07,ADYEN.AS,296.0
2021-07,CAPC.L,250000.0
2021-07,FDP.L,1000.0
2021-07,SMDS.L,100000.0
2021-07,TSM,6000.0
2021-07,ZOO.L,429000.0
2021-07,IQE.L,28000.0
2021-07,TPE.DE,15000.0
2021-07,3064.T,23500.0
2021-07,6594.T,2600.0
2021-07,3990.T,19000.0
2021-07,3844.T,18000.0
2021-07,LTG.L,450000.0
2021-07,ADE.OL,46580.0
2021-07,LBIRD.PA,26092.0
2021-07,FDEV.L,39800.0
2021-07,AML.L,607000.0
2021-07,VITB.ST,10000.0
2021-07,TOBII.ST,60000.0
2021-07,4755.T,35000.0
2021-07,IFX.DE,16000.0
2021-07,4689.T,100000.0
2021-07,FUTR.L,40000.0
2021-07,BOSS.DE,10000.0
2021-07,6544.T,14000.0
2021-07,DSY.PA,1000.0
2021-07,DIA.MI,990.0
2021-07,GVC.L,40000.0
2021-07,ROSE.SW,3000.0
2021-07,ASM.AS,2000.0
2021-07,WOSG.L,40000.0
2021-07,DMP.DE,8000.0
2021-07,MOON.L,105000.0
2021-07,4385.T,12000.0
2021-07,RIO,8000.0
2021-07,JAZZ,3000.0
2021-07,3031.T,26000.0
2021-07,PETS.L,70000.0
2021-07,6929.T,2000.0
2021-07,6840.T,3000.0
2021-07,KAHOT.OL,200000.0
2021-07,BOKU.L,325000.0
2021-07,MUSTI.HE,27950.0
2021-08,BB,98950.0
2021-08,BCART.BR,125000.0
2021-08,ASML,30.0
2021-08,RAY.ST,104750.0
2021-08,UMI.BR,12600.0
2021-08,BOOZT.ST,39800.0
2021-08,MTLS,30000.0
2021-08,NOD.OL,22000.0
2021-08,AM3D.DE,14950.0
2021-08,BAS1V.HE,8900.0
2021-08,ASC.L,29000.0
2021-08,SEDG,3550.0
2021-08,ZAL.DE,9960.0
2021-08,FNAC.PA,16000.0
2021-08,BHP,9000.0
2021-08,6146.T,2950.0
2021-08,ACSO.L,75000.0
2021-08,OCDO.L,44000.0
2021-08,4751.T,9000.0
2021-08,ALK-B.CO,1190.0
2021-08,STM,10000.0
2021-08,6951.T,20000.0
2021-08,AMP.MI,10000.0
2021-08,6857.T,4900.0
2021-08,SCHA,2050.0
2021-08,ADYEN.AS,296.0
2021-08,CAPC.L,250000.0
2021-08,FDP.L,1000.0
2021-08,SMDS.L,130000.0
2021-08,TSM,8000.0
2021-08,ZOO.L,429000.0
2021-08,IQE.L,28000.0
2021-08,TPE.DE,25000.0
2021-08,3064.T,23500.0
2021-08,6594.T,4600.0
2021-08,3990.T,29000.0
2021-08,3844.T,18000.0
2021-08,LTG.L,450000.0
2021-08,ADE.OL,56580.0
2021-08,LBIRD.PA,26092.0
2021-08,FDEV.L,49800.0
2021-08,AML.L,617000.0
2021-08,VITB.ST,10000.0
2021-08,TOBII.ST,90000.0
2021-08,4755.T,65000.0
2021-08,IFX.DE,4940.0
2021-08,4689.T,150000.0
2021-08,FUTR.L,40000.0
2021-08,6544.T,24000.0
2021-08,DSY.PA,1000.0
2021-08,DIA.MI,990.0
2021-08,GVC.L,40000.0
2021-08,ROSE.SW,3000.0
2021-08,WOSG.L,40000.0
2021-08,DMP.DE,8000.0
2021-08,MOON.L,105000.0
2021-08,4385.T,17000.0
2021-08,RIO,8000.0
2021-08,JAZZ,4000.0
2021-08,3031.T,26000.0
2021-08,PETS.L,100000.0
2021-08,6929.T,2000.0
2021-08,6840.T,3000.0
2021-08,KAHOT.OL,200000.0
2021-08,BOKU.L,325000.0
2021-08,MUSTI.HE,32950.0
2021-09,BB,148950.0
2021-09,ASML,30.0
2021-09,RAY.ST,104750.0
2021-09,UMI.BR,12600.0
2021-09,BOOZT.ST,59800.0
2021-09,MTLS,30000.0
2021-09,NOD.OL,22000.0
2021-09,AM3D.DE,29950.0
2021-09,BAS1V.HE,16900.0
2021-09,ASC.L,34000.0
2021-09,SEDG,3550.0
2021-09,ZAL.DE,9960.0
2021-09,FNAC.PA,16000.0
2021-09,BHP,9000.0
2021-09,6146.T,2950.0
2021-09,ACSO.L,75000.0
2021-09,OCDO.L,54000.0
2021-09,4751.T,9000.0
2021-09,ALK-B.CO,1190.0
2021-09,STM,10000.0
2021-09,6951.T,20000.0
2021-09,AMP.MI,10000.0
2021-09,6857.T,4900.0
2021-09,SCHA,2050.0
2021-09,ADYEN.AS,296.0
2021-09,CAPC.L,250000.0
2021-09,FDP.L,1000.0
2021-09,SMDS.L,130000.0
2021-09,TSM,8000.0
2021-09,ZOO.L,429000.0
2021-09,IQE.L,28000.0
2021-09,ORP.PA,4000.0
2021-09,TPE.DE,25000.0
2021-09,3064.T,23500.0
2021-09,6594.T,4600.0
2021-09,3990.T,29000.0
2021-09,3844.T,18000.0
2021-09,LTG.L,450000.0
2021-09,ADE.OL,76580.0
2021-09,LBIRD.PA,36092.0
2021-09,FDEV.L,49800.0
2021-09,AML.L,617000.0
2021-09,VITB.ST,10000.0
2021-09,TOBII.ST,90000.0
2021-09,4755.T,65000.0
2021-09,IFX.DE,4940.0
2021-09,4689.T,150000.0
2021-09,FUTR.L,40000.0
2021-09,6544.T,24000.0
2021-09,DSY.PA,1000.0
2021-09,DIA.MI,990.0
2021-09,GVC.L,40000.0
2021-09,ROSE.SW,3000.0
2021-09,WOSG.L,60000.0
2021-09,DMP.DE,8000.0
2021-09,MOON.L,105000.0
2021-09,4385.T,17000.0
2021-09,RIO,8000.0
2021-09,JAZZ,4000.0
2021-09,3031.T,26000.0
2021-09,PETS.L,150000.0
2021-09,6929.T,2000.0
2021-09,6840.T,3000.0
2021-09,KAHOT.OL,200000.0
2021-09,BOKU.L,325000.0
2021-09,MUSTI.HE,42950.0
2021-10,BB,198950.0
2021-10,ASML,30.0
2021-10,RAY.ST,134750.0
2021-10,UMI.BR,12600.0
2021-10,BOOZT.ST,59800.0
2021-10,MTLS,45000.0
2021-10,NOD.OL,32000.0
2021-10,AM3D.DE,39950.0
2021-10,BAS1V.HE,21900.0
2021-10,ASC.L,42000.0
2021-10,SEDG,3550.0
2021-10,ZAL.DE,9960.0
2021-10,FNAC.PA,20000.0
2021-10,BHP,20000.0
2021-10,6146.T,3950.0
2021-10,ACSO.L,100000.0
2021-10,OCDO.L,84000.0
2021-10,4751.T,19000.0
2021-10,ALK-B.CO,2790.0
2021-10,STM,20000.0
2021-10,6951.T,20000.0
2021-10,AMP.MI,15000.0
2021-10,6857.T,9900.0
2021-10,SCHA,2050.0
2021-10,ADYEN.AS,296.0
2021-10,CAPC.L,350000.0
2021-10,FDP.L,1000.0
2021-10,SMDS.L,210000.0
2021-10,TSM,8000.0
2021-10,ZOO.L,429000.0
2021-10,IQE.L,28000.0
2021-10,ORP.PA,9000.0
2021-10,TPE.DE,35000.0
2021-10,3064.T,23500.0
2021-10,6594.T,8600.0
2021-10,3990.T,29000.0
2021-10,3844.T,28000.0
2021-10,LTG.L,550000.0
2021-10,6920.T,1000.0
2021-10,ADE.OL,76580.0
2021-10,LBIRD.PA,36092.0
2021-10,FDEV.L,59800.0
2021-10,AML.L,652000.0
2021-10,VITB.ST,20000.0
2021-10,TOBII.ST,90000.0
2021-10,4755.T,90000.0
2021-10,IFX.DE,4940.0
2021-10,4689.T,200000.0
2021-10,FUTR.L,50000.0
2021-10,6544.T,34000.0
2021-10,DSY.PA,1000.0
2021-10,DIA.MI,990.0
2021-10,GVC.L,50000.0
2021-10,ROSE.SW,3000.0
2021-10,WOSG.L,60000.0
2021-10,DMP.DE,13000.0
2021-10,MOON.L,105000.0
2021-10,4385.T,17000.0
2021-10,RIO,18000.0
2021-10,JAZZ,7000.0
2021-10,3031.T,56000.0
2021-10,PETS.L,150000.0
2021-10,6929.T,2000.0
2021-10,6840.T,3000.0
2021-10,KAHOT.OL,200000.0
2021-10,BOKU.L,450000.0
2021-10,MUSTI.HE,42950.0
2021-11,BB,198950.0
2021-11,ASML,30.0
2021-11,RAY.ST,134750.0
2021-11,UMI.BR,12600.0
2021-11,BOOZT.ST,59800.0
2021-11,MTLS,45000.0
2021-11,NOD.OL,32000.0
2021-11,AM3D.DE,49950.0
2021-11,BAS1V.HE,21900.0
2021-11,ASC.L,42000.0
2021-11,SEDG,1950.0
2021-11,ZAL.DE,9960.0
2021-11,FNAC.PA,20000.0
2021-11,6146.T,3950.0
2021-11,ACSO.L,100000.0
2021-11,OCDO.L,84000.0
2021-11,4751.T,39000.0
2021-11,ALK-B.CO,2790.0
2021-11,STM,20000.0
2021-11,6951.T,20000.0
2021-11,AMP.MI,15000.0
2021-11,6857.T,9900.0
2021-11,SCHA,2050.0
2021-11,ADYEN.AS,296.0
2021-11,CAPC.L,350000.0
2021-11,FDP.L,1000.0
2021-11,SMDS.L,210000.0
2021-11,TSM,8000.0
2021-11,ZOO.L,429000.0
2021-11,IQE.L,28000.0
2021-11,ORP.PA,9000.0
2021-11,TPE.DE,43000.0
2021-11,3064.T,38500.0
2021-11,6594.T,8600.0
2021-11,3990.T,29000.0
2021-11,3844.T,28000.0
2021-11,LTG.L,550000.0
2021-11,6920.T,1000.0
2021-11,ADE.OL,76580.0
2021-11,LBIRD.PA,36092.0
2021-11,FDEV.L,59800.0
2021-11,AML.L,652000.0
2021-11,VITB.ST,20000.0
2021-11,TOBII.ST,90000.0
2021-11,4755.T,90000.0
2021-11,IFX.DE,4940.0
2021-11,4689.T,200000.0
2021-11,FUTR.L,50000.0
2021-11,BOSS.DE,10000.0
2021-11,6544.T,34000.0
2021-11,DSY.PA,1000.0
2021-11,DIA.MI,990.0
2021-11,ASR,3500.0
2021-11,GVC.L,50000.0
2021-11,ROSE.SW,3000.0
2021-11,WOSG.L,60000.0
2021-11,DMP.DE,13000.0
2021-11,4385.T,17000.0
2021-11,JAZZ,7000.0
2021-11,3031.T,56000.0
2021-11,PETS.L,150000.0
2021-11,6929.T,2000.0
2021-11,6840.T,3000.0
2021-11,KAHOT.OL,250000.0
2021-11,BOKU.L,450000.0
2021-11,MUSTI.HE,42950.0
2021-11,MRX.DE,45000.0
2021-12,BB,138950.0
2021-12,ASML,30.0
2021-12,RAY.ST,134750.0
2021-12,UMI.BR,2570.0
2021-12,BOOZT.ST,59800.0
2021-12,MTLS,35000.0
2021-12,NOD.OL,22000.0
2021-12,AM3D.DE,49950.0
2021-12,BAS1V.HE,21900.0
2021-12,ASC.L,42000.0
2021-12,SEDG,1950.0
2021-12,ZAL.DE,12960.0
2021-12,FNAC.PA,15000.0
2021-12,6146.T,3950.0
2021-12,ACSO.L,100000.0
2021-12,OCDO.L,84000.0
2021-12,4751.T,39000.0
2021-12,ALK-B.CO,2790.0
2021-12,6951.T,20000.0
2021-12,AMP.MI,15000.0
2021-12,6857.T,9900.0
2021-12,SCHA,2050.0
2021-12,ADYEN.AS,296.0
2021-12,CAPC.L,350000.0
2021-12,FDP.L,1000.0
2021-12,SMDS.L,210000.0
2021-12,TSM,8000.0
2021-12,ZOO.L,429000.0
2021-12,IQE.L,28000.0
2021-12,ORP.PA,12000.0
2021-12,TPE.DE,33000.0
2021-12,3064.T,38500.0
2021-12,6594.T,5600.0
2021-12,3844.T,28000.0
2021-12,LTG.L,550000.0
2021-12,6920.T,1000.0
2021-12,ADE.OL,76580.0
2021-12,LBIRD.PA,36092.0
2021-12,FDEV.L,59800.0
2021-12,AML.L,652000.0
2021-12,VITB.ST,20000.0
2021-12,TOBII.ST,90000.0
2021-12,4755.T,90000.0
2021-12,IFX.DE,4940.0
2021-12,4689.T,200000.0
2021-12,FUTR.L,50000.0
2021-12,BOSS.DE,15000.0
2021-12,6544.T,34000.0
2021-12,DSY.PA,1000.0
2021-12,DIA.MI,990.0
2021-12,ASR,3500.0
2021-12,GVC.L,65000.0
2021-12,ROSE.SW,3000.0
2021-12,WOSG.L,60000.0
2021-12,DMP.DE,13000.0
2021-12,4385.T,17000.0
2021-12,JAZZ,5000.0
2021-12,PETS.L,150000.0
2021-12,6929.T,2000.0
2021-12,6840.T,3000.0
2021-12,KAHOT.OL,250000.0
2021-12,BOKU.L,395000.0
2021-12,MUSTI.HE,42950.0
2021-12,MRX.DE,45000.0
2021-12,MELI,750.0
2022-01,BB,138950.0
2022-01,ASML,30.0
2022-01,RAY.ST,34550.0
2022-01,UMI.BR,2570.0
2022-01,BOOZT.ST,49800.0
2022-01,MTLS,35000.0
2022-01,NOD.OL,22000.0
2022-01,AM3D.DE,49950.0
2022-01,BAS1V.HE,21900.0
2022-01,ASC.L,42000.0
2022-01,SEDG,1950.0
2022-01,ZAL.DE,9960.0
2022-01,FNAC.PA,15000.0
2022-01,6146.T,2950.0
2022-01,ACSO.L,100000.0
2022-01,OCDO.L,84000.0
2022-01,4751.T,8880.0
2022-01,ALK-B.CO,2790.0
2022-01,6951.T,20000.0
2022-01,AMP.MI,15000.0
2022-01,6857.T,7900.0
2022-01,SCHA,2050.0
2022-01,ADYEN.AS,296.0
2022-01,CAPC.L,250000.0
2022-01,FDP.L,1000.0
2022-01,SMDS.L,210000.0
2022-01,TSM,8000.0
2022-01,ZOO.L,429000.0
2022-01,IQE.L,28000.0
2022-01,ORP.PA,22000.0
2022-01,TPE.DE,33000.0
2022-01,3064.T,38500.0
2022-01,6594.T,5600.0
2022-01,3844.T,28000.0
2022-01,LTG.L,550000.0
2022-01,6920.T,1000.0
2022-01,ADE.OL,76580.0
2022-01,LBIRD.PA,36092.0
2022-01,FDEV.L,59800.0
2022-01,AML.L,627000.0
2022-01,VITB.ST,14900.0
2022-01,TOBII.ST,90000.0
2022-01,4755.T,60000.0
2022-01,IFX.DE,4940.0
2022-01,4689.T,200000.0
2022-01,FUTR.L,40000.0
2022-01,BOSS.DE,15000.0
2022-01,6544.T,34000.0
2022-01,DSY.PA,1000.0
2022-01,DIA.MI,990.0
2022-01,ASR,3500.0
2022-01,GVC.L,65000.0
2022-01,ROSE.SW,3000.0
2022-01,WOSG.L,50000.0
2022-01,DMP.DE,4121.0
2022-01,4385.T,12000.0
2022-01,JAZZ,5000.0
2022-01,PETS.L,150000.0
2022-01,6929.T,2000.0
2022-01,6840.T,3000.0
2022-01,KAHOT.OL,250000.0
2022-01,BOKU.L,290000.0
2022-01,MUSTI.HE,42950.0
2022-01,MRX.DE,45000.0
2022-01,MELI,850.0
2022-02,BB,138950.0
2022-02,ASML,30.0
2022-02,RAY.ST,34550.0
2022-02,UMI.BR,2570.0
2022-02,BOOZT.ST,49800.0
2022-02,MTLS,35000.0
2022-02,NOD.OL,22000.0
2022-02,AM3D.DE,49950.0
2022-02,BAS1V.HE,21900.0
2022-02,ASC.L,42000.0
2022-02,ZAL.DE,12960.0
2022-02,FNAC.PA,15000.0
2022-02,6146.T,2950.0
2022-02,ACSO.L,100000.0
2022-02,OCDO.L,63900.0
2022-02,4751.T,8880.0
2022-02,ALK-B.CO,2790.0
2022-02,6951.T,20000.0
2022-02,AMP.MI,15000.0
2022-02,6857.T,7900.0
2022-02,SCHA,2050.0
2022-02,ADYEN.AS,396.0
2022-02,CAPC.L,250000.0
2022-02,FDP.L,1000.0
2022-02,SMDS.L,160000.0
2022-02,TSM,8000.0
2022-02,ZOO.L,429000.0
2022-02,IQE.L,28000.0
2022-02,ORP.PA,22000.0
2022-02,TPE.DE,33000.0
2022-02,3064.T,38500.0
2022-02,6594.T,5600.0
2022-02,3844.T,28000.0
2022-02,LTG.L,450000.0
2022-02,6920.T,1000.0
2022-02,ADE.OL,76580.0
2022-02,LBIRD.PA,36092.0
2022-02,FDEV.L,49800.0
2022-02,AML.L,627000.0
2022-02,VITB.ST,14900.0
2022-02,TOBII.ST,120000.0
2022-02,4755.T,60000.0
2022-02,IFX.DE,4940.0
2022-02,4689.T,150000.0
2022-02,FUTR.L,40000.0
2022-02,BOSS.DE,15000.0
2022-02,6544.T,34000.0
2022-02,DSY.PA,1000.0
2022-02,DIA.MI,990.0
2022-02,ASR,3500.0
2022-02,GVC.L,65000.0
2022-02,ROSE.SW,3000.0
2022-02,WOSG.L,50000.0
2022-02,DMP.DE,4121.0
2022-02,4385.T,12000.0
2022-02,JAZZ,5000.0
2022-02,PETS.L,150000.0
2022-02,6929.T,2000.0
2022-02,6840.T,3000.0
2022-02,KAHOT.OL,250000.0
2022-02,BOKU.L,390000.0
2022-02,MUSTI.HE,42950.0
2022-02,MRX.DE,76111.0
2022-02,MELI,1050.0
2022-03,BB,110950.0
2022-03,ASML,730.0
2022-03,RAY.ST,34550.0
2022-03,UMI.BR,2570.0
2022-03,BOOZT.ST,39800.0
2022-03,MTLS,28000.0
2022-03,NOD.OL,17500.0
2022-03,AM3D.DE,39950.0
2022-03,BAS1V.HE,17500.0
2022-03,ASC.L,35585.0
2022-03,ZAL.DE,10560.0
2022-03,FNAC.PA,12000.0
2022-03,6146.T,2350.0
2022-03,ACSO.L,80000.0
2022-03,OCDO.L,51900.0
2022-03,4751.T,3880.0
2022-03,ALK-B.CO,1990.0
2022-03,6951.T,20000.0
2022-03,AMP.MI,12000.0
2022-03,6857.T,7900.0
2022-03,SCHA,2050.0
2022-03,ADYEN.AS,316.0
2022-03,CAPC.L,200000.0
2022-03,FDP.L,1000.0
2022-03,SMDS.L,130000.0
2022-03,TSM,6400.0
2022-03,ZOO.L,414000.0
2022-03,IQE.L,28000.0
2022-03,ORP.PA,17600.0
2022-03,TPE.DE,26400.0
2022-03,3064.T,17500.0
2022-03,6594.T,3600.0
2022-03,3844.T,22000.0
2022-03,LTG.L,390000.0
2022-03,6920.T,1000.0
2022-03,ADE.OL,66580.0
2022-03,LBIRD.PA,29492.0
2022-03,FDEV.L,43800.0
2022-03,AML.L,615000.0
2022-03,VITB.ST,11900.0
2022-03,TOBII.ST,96000.0
2022-03,4755.T,58700.0
2022-03,IFX.DE,4940.0
2022-03,4689.T,130000.0
2022-03,FUTR.L,31970.0
2022-03,BOSS.DE,12000.0
2022-03,6544.T,24000.0
2022-03,DSY.PA,1000.0
2022-03,DIA.MI,990.0
2022-03,ASR,2800.0
2022-03,GVC.L,65000.0
2022-03,WOSG.L,40000.0
2022-03,4385.T,12000.0
2022-03,PETS.L,100000.0
2022-03,6929.T,2000.0
2022-03,6840.T,3000.0
2022-03,KAHOT.OL,200000.0
2022-03,BOKU.L,312000.0
2022-03,MUSTI.HE,37950.0
2022-03,MRX.DE,62111.0
2022-03,MELI,840.0
2022-04,BB,48950.0
2022-04,ASML,730.0
2022-04,RAY.ST,34550.0
2022-04,UMI.BR,2570.0
2022-04,BOOZT.ST,39800.0
2022-04,MTLS,28000.0
2022-04,NOD.OL,32500.0
2022-04,AM3D.DE,39950.0
2022-04,ASC.L,35585.0
2022-04,ZAL.DE,10560.0
2022-04,FNAC.PA,12000.0
2022-04,6146.T,2350.0
2022-04,ACSO.L,80000.0
2022-04,OCDO.L,43900.0
2022-04,4751.T,3880.0
2022-04,ALK-B.CO,1990.0
2022-04,6951.T,20000.0
2022-04,AMP.MI,12000.0
2022-04,6857.T,7900.0
2022-04,SCHA,2050.0
2022-04,ADYEN.AS,316.0
2022-04,FDP.L,1000.0
2022-04,SMDS.L,130000.0
2022-04,TSM,6400.0
2022-04,ZOO.L,414000.0
2022-04,IQE.L,28000.0
2022-04,ORP.PA,17600.0
2022-04,TPE.DE,26400.0
2022-04,3064.T,17500.0
2022-04,6594.T,3600.0
2022-04,3990.T,45000.0
2022-04,3844.T,22000.0
2022-04,LTG.L,390000.0
2022-04,6920.T,1000.0
2022-04,ADE.OL,66580.0
2022-04,LBIRD.PA,29492.0
2022-04,FDEV.L,43800.0
2022-04,AML.L,615000.0
2022-04,VITB.ST,11900.0
2022-04,TOBII.ST,96000.0
2022-04,4755.T,58700.0
2022-04,IFX.DE,4940.0
2022-04,4689.T,130000.0
2022-04,FUTR.L,31970.0
2022-04,BOSS.DE,12000.0
2022-04,DSY.PA,1000.0
2022-04,DIA.MI,990.0
2022-04,ASR,2800.0
2022-04,GVC.L,65000.0
2022-04,WOSG.L,40000.0
2022-04,4385.T,12000.0
2022-04,PETS.L,100000.0
2022-04,6929.T,2000.0
2022-04,6840.T,3000.0
2022-04,KAHOT.OL,200000.0
2022-04,BOKU.L,312000.0
2022-04,MUSTI.HE,37950.0
2022-04,MRX.DE,62111.0
2022-04,MELI,840.0
2022-04,EBRO.MC,30000.0
2022-04,NTR,7000.0
2022-04,CRESY,80000.0
2022-05,BB,48950.0
2022-05,ASML,730.0
2022-05,RAY.ST,94608.0
2022-05,UMI.BR,2570.0
2022-05,BOOZT.ST,39800.0
2022-05,MTLS,33000.0
2022-05,NOD.OL,32500.0
2022-05,AM3D.DE,59950.0
2022-05,ASC.L,35585.0
2022-05,ZAL.DE,13960.0
2022-05,FNAC.PA,12000.0
2022-05,ACSO.L,80000.0
2022-05,OCDO.L,43900.0
2022-05,4751.T,3880.0
2022-05,ALK-B.CO,1990.0
2022-05,6951.T,14950.0
2022-05,AMP.MI,12000.0
2022-05,SCHA,2050.0
2022-05,ADYEN.AS,316.0
2022-05,FDP.L,1000.0
2022-05,SMDS.L,130000.0
2022-05,TSM,6400.0
2022-05,ZOO.L,414000.0
2022-05,IQE.L,28000.0
2022-05,TPE.DE,26400.0
2022-05,3064.T,17500.0
2022-05,6594.T,600.0
2022-05,3990.T,50000.0
2022-05,3844.T,15920.0
2022-05,LTG.L,390000.0
2022-05,6920.T,1000.0
2022-05,ADE.OL,66580.0
2022-05,LBIRD.PA,29492.0
2022-05,FDEV.L,43800.0
2022-05,AML.L,615000.0
2022-05,VITB.ST,11900.0
2022-05,TOBII.ST,120000.0
2022-05,4755.T,58700.0
2022-05,IFX.DE,4940.0
2022-05,4689.T,99500.0
2022-05,FUTR.L,31970.0
2022-05,BOSS.DE,12000.0
2022-05,DSY.PA,1000.0
2022-05,DIA.MI,990.0
2022-05,ASR,2800.0
2022-05,GVC.L,65000.0
2022-05,WOSG.L,80000.0
2022-05,4385.T,12000.0
2022-05,PETS.L,100000.0
2022-05,6929.T,2000.0
2022-05,6840.T,3000.0
2022-05,KAHOT.OL,200000.0
2022-05,BOKU.L,312000.0
2022-05,MUSTI.HE,37950.0
2022-05,MRX.DE,76111.0
2022-05,MELI,1340.0
2022-05,EBRO.MC,30000.0
2022-05,NTR,7000.0
2022-05,CRESY,80000.0
2022-05,7270.T,30000.0
2022-06,BB,48950.0
2022-06,ASML,730.0
2022-06,RAY.ST,94608.0
2022-06,UMI.BR,2570.0
2022-06,BOOZT.ST,39800.0
2022-06,MTLS,33000.0
2022-06,NOD.OL,32500.0
2022-06,AM3D.DE,59950.0
2022-06,ASC.L,35585.0
2022-06,ZAL.DE,13960.0
2022-06,FNAC.PA,9000.0
2022-06,ACSO.L,80000.0
2022-06,OCDO.L,43900.0
2022-06,ALK-B.CO,1990.0
2022-06,6951.T,14950.0
2022-06,AMP.MI,12000.0
2022-06,SCHA,2050.0
2022-06,ADYEN.AS,316.0
2022-06,FDP.L,1000.0
2022-06,SMDS.L,130000.0
2022-06,TSM,4950.0
2022-06,ZOO.L,414000.0
2022-06,IQE.L,28000.0
2022-06,TPE.DE,26400.0
2022-06,3064.T,17500.0
2022-06,6594.T,600.0
2022-06,3990.T,40000.0
2022-06,3844.T,15920.0
2022-06,LTG.L,390000.0
2022-06,6920.T,1000.0
2022-06,ADE.OL,66580.0
2022-06,LBIRD.PA,29492.0
2022-06,FDEV.L,43800.0
2022-06,AML.L,615000.0
2022-06,VITB.ST,11900.0
2022-06,TOBII.ST,120000.0
2022-06,4755.T,58700.0
2022-06,IFX.DE,4940.0
2022-06,4689.T,99500.0
2022-06,FUTR.L,31970.0
2022-06,BOSS.DE,12000.0
2022-06,DSY.PA,1000.0
2022-06,DIA.MI,990.0
2022-06,ASR,2800.0
2022-06,GVC.L,65000.0
2022-06,WOSG.L,80000.0
2022-06,4385.T,12000.0
2022-06,PETS.L,100000.0
2022-06,6929.T,2000.0
2022-06,6840.T,3000.0
2022-06,KAHOT.OL,200000.0
2022-06,BOKU.L,312000.0
2022-06,MUSTI.HE,37950.0
2022-06,MRX.DE,76111.0
2022-06,MELI,1440.0
2022-06,EBRO.MC,30000.0
2022-06,NTR,7000.0
2022-06,CRESY,80000.0
2022-06,7270.T,30000.0
2022-07,BB,48950.0
2022-07,ASML,730.0
2022-07,RAY.ST,116194.0
2022-07,UMI.BR,2570.0
2022-07,BOOZT.ST,39800.0
2022-07,MTLS,33000.0
2022-07,NOD.OL,32500.0
2022-07,AM3D.DE,59950.0
2022-07,ASC.L,35585.0
2022-07,ZAL.DE,13960.0
2022-07,FNAC.PA,9000.0
2022-07,ACSO.L,80000.0
2022-07,OCDO.L,43900.0
2022-07,ALK-B.CO,1990.0
2022-07,6951.T,14950.0
2022-07,AMP.MI,12000.0
2022-07,SCHA,2050.0
2022-07,ADYEN.AS,316.0
2022-07,FDP.L,1000.0
2022-07,SMDS.L,130000.0
2022-07,TSM,6950.0
2022-07,ZOO.L,414000.0
2022-07,IQE.L,28000.0
2022-07,TPE.DE,26400.0
2022-07,3064.T,17500.0
2022-07,6594.T,600.0
2022-07,3990.T,40000.0
2022-07,3844.T,15920.0
2022-07,LTG.L,390000.0
2022-07,6920.T,1000.0
2022-07,ADE.OL,66580.0
2022-07,LBIRD.PA,23492.0
2022-07,FDEV.L,43800.0
2022-07,AML.L,615000.0
2022-07,VITB.ST,11900.0
2022-07,TOBII.ST,120000.0
2022-07,4755.T,58700.0
2022-07,IFX.DE,4940.0
2022-07,4689.T,99500.0
2022-07,FUTR.L,31970.0
2022-07,BOSS.DE,10000.0
2022-07,DSY.PA,1000.0
2022-07,DIA.MI,990.0
2022-07,ASR,2800.0
2022-07,GVC.L,65000.0
2022-07,WOSG.L,100000.0
2022-07,4385.T,12000.0
2022-07,PETS.L,100000.0
2022-07,6929.T,2000.0
2022-07,6840.T,3000.0
2022-07,KAHOT.OL,200000.0
2022-07,BOKU.L,312000.0
2022-07,MUSTI.HE,37950.0
2022-07,MRX.DE,76111.0
2022-07,MELI,1440.0
2022-07,NTR,7000.0
2022-07,CRESY,80000.0
2022-07,7270.T,30000.0
2022-07,7733.T,11000.0
2022-08,BB,48950.0
2022-08,ASML,730.0
2022-08,RAY.ST,116194.0
2022-08,UMI.BR,2570.0
2022-08,BOOZT.ST,39800.0
2022-08,MTLS,33000.0
2022-08,NOD.OL,32500.0
2022-08,AM3D.DE,59950.0
2022-08,ASC.L,35585.0
2022-08,ZAL.DE,13960.0
2022-08,FNAC.PA,9000.0
2022-08,ACSO.L,80000.0
2022-08,SAX.DE,5000.0
2022-08,OCDO.L,43900.0
2022-08,ALK-B.CO,1990.0
2022-08,6951.T,14950.0
2022-08,AMP.MI,12000.0
2022-08,SCHA,2050.0
2022-08,ADYEN.AS,216.0
2022-08,FDP.L,1000.0
2022-08,SMDS.L,130000.0
2022-08,ZOO.L,404000.0
2022-08,IQE.L,28000.0
2022-08,3064.T,17500.0
2022-08,6594.T,600.0
2022-08,3990.T,40000.0
2022-08,3844.T,15920.0
2022-08,LTG.L,390000.0
2022-08,6920.T,1000.0
2022-08,ADE.OL,66580.0
2022-08,LBIRD.PA,23492.0
2022-08,FDEV.L,43800.0
2022-08,AML.L,615000.0
2022-08,VITB.ST,11900.0
2022-08,TOBII.ST,120000.0
2022-08,4755.T,58700.0
2022-08,IFX.DE,4940.0
2022-08,4689.T,99500.0
2022-08,FUTR.L,31970.0
2022-08,BOSS.DE,8000.0
2022-08,DSY.PA,1000.0
2022-08,DIA.MI,990.0
2022-08,ASR,2800.0
2022-08,GVC.L,65000.0
2022-08,WOSG.L,100000.0
2022-08,PETS.L,100000.0
2022-08,6929.T,2000.0
2022-08,6840.T,3000.0
2022-08,KAHOT.OL,200000.0
2022-08,BOKU.L,312000.0
2022-08,MUSTI.HE,37950.0
2022-08,MRX.DE,76111.0
2022-08,MELI,1440.0
2022-08,NTR,7000.0
2022-08,CRESY,120000.0
2022-08,7270.T,30000.0
2022-08,7733.T,11000.0
2022-08,7269.T,7000.0
2022-09,BB,48950.0
2022-09,ASML,730.0
2022-09,RAY.ST,116194.0
2022-09,UMI.BR,2570.0
2022-09,BOOZT.ST,39800.0
2022-09,MTLS,43000.0
2022-09,NOD.OL,32500.0
2022-09,AM3D.DE,9950.0
2022-09,ASC.L,35585.0
2022-09,ZAL.DE,13960.0
2022-09,FNAC.PA,9000.0
2022-09,ACSO.L,80000.0
2022-09,SAX.DE,5000.0
2022-09,OCDO.L,43900.0
2022-09,ALK-B.CO,1990.0
2022-09,6951.T,14950.0
2022-09,AMP.MI,12000.0
2022-09,SCHA,2050.0
2022-09,ADYEN.AS,216.0
2022-09,FDP.L,1000.0
2022-09,SMDS.L,130000.0
2022-09,ZOO.L,329000.0
2022-09,IQE.L,28000.0
2022-09,3064.T,17500.0
2022-09,6594.T,600.0
2022-09,3990.T,40000.0
2022-09,3844.T,15920.0
2022-09,LTG.L,390000.0
2022-09,6920.T,1000.0
2022-09,ADE.OL,66580.0
2022-09,LBIRD.PA,23492.0
2022-09,FDEV.L,43800.0
2022-09,AML.L,807000.0
2022-09,VITB.ST,11900.0
2022-09,TOBII.ST,120000.0
2022-09,4755.T,58700.0
2022-09,IFX.DE,4940.0
2022-09,4689.T,99500.0
2022-09,FUTR.L,39970.0
2022-09,BOSS.DE,8000.0
2022-09,DSY.PA,1000.0
2022-09,DIA.MI,990.0
2022-09,ASR,2800.0
2022-09,GVC.L,65000.0
2022-09,WOSG.L,120000.0
2022-09,PETS.L,100000.0
2022-09,6929.T,2000.0
2022-09,6840.T,3000.0
2022-09,KAHOT.OL,200000.0
2022-09,BOKU.L,312000.0
2022-09,MUSTI.HE,37950.0
2022-09,MRX.DE,76111.0
2022-09,MELI,1440.0
2022-09,NTR,7000.0
2022-09,CRESY,120000.0
2022-09,7270.T,30000.0
2022-09,7733.T,11000.0
2022-09,7269.T,7000.0
2022-09,SGO.PA,10000.0
2022-09,FTCH,25000.0
2022-09,ONWD.BR,40000.0
2022-10,BB,48950.0
2022-10,ASML,730.0
2022-10,RAY.ST,116194.0
2022-10,UMI.BR,2570.0
2022-10,BOOZT.ST,39800.0
2022-10,MTLS,43000.0
2022-10,NOD.OL,32500.0
2022-10,AM3D.DE,9950.0
2022-10,ASC.L,9925.0
2022-10,SEDG,1000.0
2022-10,ZAL.DE,13960.0
2022-10,FNAC.PA,9000.0
2022-10,ACSO.L,80000.0
2022-10,SAX.DE,5000.0
2022-10,OCDO.L,43900.0
2022-10,6951.T,14950.0
2022-10,AMP.MI,12000.0
2022-10,SCHA,2050.0
2022-10,ADYEN.AS,216.0
2022-10,FDP.L,1000.0
2022-10,SMDS.L,130000.0
2022-10,ZOO.L,259000.0
2022-10,IQE.L,28000.0
2022-10,3064.T,17500.0
2022-10,6594.T,600.0
2022-10,3990.T,40000.0
2022-10,3844.T,15920.0
2022-10,LTG.L,390000.0
2022-10,6920.T,1000.0
2022-10,ADE.OL,66580.0
2022-10,LBIRD.PA,23492.0
2022-10,FDEV.L,43800.0
2022-10,AML.L,807000.0
2022-10,VITB.ST,11900.0
2022-10,TOBII.ST,120000.0
2022-10,4755.T,58700.0
2022-10,IFX.DE,4940.0
2022-10,4689.T,99500.0
2022-10,FUTR.L,39970.0
2022-10,BOSS.DE,8000.0
2022-10,DSY.PA,1000.0
2022-10,DIA.MI,990.0
2022-10,ASR,2800.0
2022-10,GVC.L,65000.0
2022-10,WOSG.L,120000.0
2022-10,PETS.L,100000.0
2022-10,6929.T,2000.0
2022-10,6840.T,3000.0
2022-10,KAHOT.OL,200000.0
2022-10,BOKU.L,312000.0
2022-10,MUSTI.HE,37950.0
2022-10,MRX.DE,76111.0
2022-10,MELI,1440.0
2022-10,NTR,7000.0
2022-10,CRESY,120000.0
2022-10,7270.T,30000.0
2022-10,7733.T,11000.0
2022-10,7269.T,7000.0
2022-10,SGO.PA,10000.0
2022-10,FTCH,40000.0
2022-10,ONWD.BR,40000.0
2022-10,NEM.DE,12000.0
2022-11,BB,48950.0
2022-11,ASML,30.0
2022-11,RAY.ST,116194.0
2022-11,UMI.BR,2570.0
2022-11,BOOZT.ST,39800.0
2022-11,MTLS,43000.0
2022-11,NOD.OL,29500.0
2022-11,AM3D.DE,9950.0
2022-11,ASC.L,9925.0
2022-11,SEDG,1000.0
2022-11,ZAL.DE,13960.0
2022-11,ACSO.L,50000.0
2022-11,SAX.DE,5000.0
2022-11,OCDO.L,43900.0
2022-11,4751.T,15000.0
2022-11,6951.T,14950.0
2022-11,AMP.MI,12000.0
2022-11,MONC.MI,5000.0
2022-11,SCHA,2050.0
2022-11,ADYEN.AS,216.0
2022-11,FDP.L,1000.0
2022-11,SMDS.L,100000.0
2022-11,ZOO.L,244000.0
2022-11,IQE.L,28000.0
2022-11,3064.T,17500.0
2022-11,6594.T,600.0
2022-11,3990.T,40000.0
2022-11,3844.T,15920.0
2022-11,LTG.L,390000.0
2022-11,6920.T,1000.0
2022-11,ADE.OL,66580.0
2022-11,LBIRD.PA,23492.0
2022-11,FDEV.L,43800.0
2022-11,AML.L,807000.0
2022-11,VITB.ST,11900.0
2022-11,TOBII.ST,120000.0
2022-11,4755.T,58700.0
2022-11,IFX.DE,4940.0
2022-11,4689.T,99500.0
2022-11,FUTR.L,39970.0
2022-11,BOSS.DE,8000.0
2022-11,DSY.PA,1000.0
2022-11,DIA.MI,990.0
2022-11,RYAAY,15000.0
2022-11,ASR,2800.0
2022-11,GVC.L,65000.0
2022-11,WOSG.L,120000.0
2022-11,PETS.L,100000.0
2022-11,6929.T,2000.0
2022-11,6840.T,3000.0
2022-11,KAHOT.OL,200000.0
2022-11,BOKU.L,312000.0
2022-11,MUSTI.HE,37950.0
2022-11,MRX.DE,76111.0
2022-11,MELI,1440.0
2022-11,NTR,7000.0
2022-11,CRESY,120000.0
2022-11,7270.T,30000.0
2022-11,7733.T,11000.0
2022-11,7269.T,7000.0
2022-11,SGO.PA,10000.0
2022-11,FTCH,40000.0
2022-11,ONWD.BR,40000.0
2022-11,NEM.DE,12000.0
2022-12,BB,48950.0
2022-12,ASML,30.0
2022-12,RAY.ST,116194.0
2022-12,UMI.BR,2570.0
2022-12,BOOZT.ST,39800.0
2022-12,MTLS,43000.0
2022-12,NOD.OL,29500.0
2022-12,AM3D.DE,9950.0
2022-12,ASC.L,9925.0
2022-12,SEDG,1000.0
2022-12,ZAL.DE,13960.0
2022-12,ACSO.L,40000.0
2022-12,SAX.DE,5000.0
2022-12,OCDO.L,43900.0
2022-12,4751.T,15000.0
2022-12,6951.T,14950.0
2022-12,AMP.MI,12000.0
2022-12,MONC.MI,5000.0
2022-12,SCHA,2050.0
2022-12,ADYEN.AS,216.0
2022-12,FDP.L,1000.0
2022-12,SMDS.L,100000.0
2022-12,ZOO.L,244000.0
2022-12,IQE.L,28000.0
2022-12,3064.T,17500.0
2022-12,6594.T,600.0
2022-12,3990.T,40000.0
2022-12,3844.T,15920.0
2022-12,LTG.L,390000.0
2022-12,6920.T,1000.0
2022-12,ADE.OL,66580.0
2022-12,LBIRD.PA,18492.0
2022-12,FDEV.L,53800.0
2022-12,AML.L,667000.0
2022-12,VITB.ST,11900.0
2022-12,TOBII.ST,120000.0
2022-12,4755.T,58700.0
2022-12,IFX.DE,4940.0
2022-12,4689.T,99500.0
2022-12,FUTR.L,49970.0
2022-12,BOSS.DE,8000.0
2022-12,DSY.PA,1000.0
2022-12,DIA.MI,990.0
2022-12,RYAAY,15000.0
2022-12,ASR,2000.0
2022-12,GVC.L,65000.0
2022-12,WOSG.L,120000.0
2022-12,PETS.L,100000.0
2022-12,6929.T,2000.0
2022-12,6840.T,3000.0
2022-12,KAHOT.OL,200000.0
2022-12,BOKU.L,312000.0
2022-12,MUSTI.HE,37950.0
2022-12,MRX.DE,76111.0
2022-12,MELI,1440.0
2022-12,NTR,7000.0
2022-12,CRESY,120000.0
2022-12,7270.T,30000.0
2022-12,7733.T,11000.0
2022-12,7269.T,7000.0
2022-12,SGO.PA,10000.0
2022-12,FTCH,55000.0
2022-12,ONWD.BR,40000.0
2022-12,NEM.DE,12000.0
