Date Posted,Activity,Description,Principal Cash
04/04/18,Purchase,"Purchased 94,626.51 Units Of -94,626.51 94,626.51","5,373.49"
04/04/18,Purchase,"Purchased 300 Shares Of -3,221.49 3,221.49","2,152.00"
04/04/18,Purchase,"Purchased 400 Shares Of -2,152.00 2,152.00",0.00
04/05/18,Sale,"Sold 12,038.92 Units Of 12,038.92 -12,038.92","12,038.92"
04/05/18,Purchase,"Purchased 1,840.54 Units Of -2,270.33 2,270.33","9,768.59"
04/05/18,Purchase,"Purchased 1,314.66 Units Of -1,621.65 1,621.65","8,146.94"
04/05/18,Purchase,"Purchased 1,956.58 Units Of -2,045.44 2,045.44","6,101.50"
04/05/18,Purchase,"Purchased 20 Shares Of -2,418.40 2,418.40","3,683.10"
04/05/18,Purchase,"Purchased 100 Shares Of -2,471.00 2,471.00","1,212.10"
04/05/18,Purchase,"Purchased 10 Shares Of -1,212.10 1,212.10",0.00
04/05/18,Purchase,"Purchased 20 Shares Of -2,048.88 2,048.88","-2,048.88"
04/05/18,Purchase,"Purchased 150 Shares Of -2,265.61 2,265.61","-4,314.49"
04/05/18,Purchase,"Purchased 20 Shares Of -1,618.28 1,618.28","-5,932.77"
04/06/18,Sale,"Sold 13,803.95 Units Of 13,803.95 -13,803.95","13,803.95"
04/06/18,Purchase,"Purchased 1,242.62 Units Of -1,532.66 1,532.66","12,271.29"
04/06/18,Purchase,"Purchased 21,010.50 Units Of -2,692.80 2,692.80","9,578.49"
04/06/18,Purchase,"Purchased 12,058.63 Units Of -1,439.01 1,439.01","8,139.48"
04/06/18,Purchase,"Purchased 60 Shares Of -11,623.80 11,623.80","-3,484.32"
04/06/18,Purchase,"Purchased 30 Shares Of -1,587.30 1,587.30","-5,071.62"
04/06/18,Purchase,"Purchased 100 Shares Of -2,665.00 2,665.00","-7,736.62"
04/06/18,Sale,"Sold 40 Shares Of 7,736.62 -7,749.20",0.00
04/06/18,Purchase,"Purchased 100 Shares Of -1,440.68 1,440.68","-1,440.68"
04/06/18,Purchase,"Purchased 100 Shares Of -2,682.20 2,682.20","-4,122.88"
04/06/18,Purchase,"Purchased 30 Shares Of -1,525.19 1,525.19","-5,648.07"
04/09/18,Sale,"Sold 50,713.34 Units Of 50,713.34 -50,713.34","50,713.34"
04/09/18,Purchase,"Purchased 16,358.18 Units Of -1,946.72 1,946.72","48,766.62"
04/09/18,Purchase,"Purchased 21,760.88 Units Of -2,589.70 2,589.70","46,176.92"
04/09/18,Purchase,"Purchased 22,901.45 Units Of -2,724.37 2,724.37","43,452.55"
04/09/18,Purchase,"Purchased 20,130.06 Units Of -2,393.89 2,393.89","41,058.66"
04/09/18,Purchase,"Purchased 3,136.57 Units Of -3,857.21 3,857.21","37,201.45"
04/09/18,Purchase,"Purchased 2,109.05 Units Of -2,594.04 2,594.04","34,607.41"
04/09/18,Purchase,"Purchased 2,674.01 Units Of -3,288.38 3,288.38","31,319.03"
04/09/18,Purchase,"Purchased 1,488.43 Units Of -1,830.11 1,830.11","29,488.92"
04/09/18,Purchase,"Purchased 18,449.22 Units Of -2,362.78 2,362.78","27,126.14"
04/09/18,Purchase,"Purchased 17,168.58 Units Of -2,198.89 2,198.89","24,927.25"
04/09/18,Purchase,"Purchased 12,967.98 Units Of -15,950.03 15,950.03","8,977.22"
04/09/18,Purchase,"Purchased 1,395.90 Units Of -1,970.90 1,970.90","7,006.32"
04/09/18,Purchase,"Purchased 20 Shares Of -2,282.02 2,282.02","4,724.30"
04/09/18,Purchase,"Purchased 150 Shares Of -1,765.50 1,765.50","2,958.80"
04/09/18,Purchase,"Purchased 50 Shares Of -1,945.73 1,945.73","1,013.07"
04/09/18,Purchase,"Purchased 100 Shares Of -2,724.03 2,724.03","-1,710.96"
04/09/18,Purchase,"Purchased 300 Shares Of -2,588.36 2,588.36","-4,299.32"
04/09/18,Purchase,"Purchased 200 Shares Of -2,394.38 2,394.38","-6,693.70"
04/09/18,Purchase,"Purchased 5 Shares Of -2,593.92 2,593.92","-9,287.62"
04/09/18,Purchase,"Purchased 20 Shares Of -1,966.06 1,966.06","-11,253.68"
04/09/18,Purchase,"Purchased 400 Shares Of -2,355.76 2,355.76","-13,609.44"
04/09/18,Purchase,"Purchased 100 Shares Of -3,288.77 3,288.77","-16,898.21"
04/09/18,Purchase,"Purchased 300 Shares Of -1,830.62 1,830.62","-18,728.83"
04/09/18,Purchase,"Purchased 100 Shares Of -3,857.67 3,857.67","-22,586.50"
04/09/18,Purchase,"Purchased 100 Shares Of -2,192.23 2,192.23","-24,778.73"
04/09/18,Purchase,"Purchased 300 Shares Of -15,949.32 15,949.32","-40,728.05"
04/10/18,Sale,"Sold 18,070.3 Units Of 18,070.30 -18,070.30","21,029.10"
04/10/18,Purchase,"Purchased 15 Shares Of -1,609.56 1,609.56","19,419.54"
04/10/18,Purchase,"Purchased 40 Shares Of -2,178.00 2,178.00","17,241.54"
04/10/18,Purchase,"Purchased 150 Shares Of -1,288.65 1,288.65","15,952.89"
04/10/18,Purchase,"Purchased 200 Shares Of -18,911.96 18,911.96","-2,959.07"
04/10/18,Purchase,"Purchased 20 Shares Of -1,094.20 1,094.20","-4,053.27"
04/11/18,Purchase,"Purchased 40 Shares Of -1,746.40 1,746.40","-5,799.67"
04/12/18,Purchase,"Purchased 170 Shares Of -16,151.70 16,151.70","-21,951.37"
04/12/18,Purchase,"Purchased 40 Shares Of -2,195.32 2,184.13","-24,146.69"
04/13/18,Purchase,"Purchased 2,901.35 Units Of -2,901.35 2,901.35","-27,048.04"
04/13/18,Purchase,"Purchased 10 Shares Of -2,091.81 2,091.81","-29,139.85"
04/13/18,Purchase,"Purchased 5 Shares Of -2,958.80 2,958.80","-32,098.65"
04/13/18,Sale,"Sold 340 Shares Of 32,098.65 -32,226.87",0.00
04/18/18,Purchase,"Purchased 3,000 Units Of -3,000.00 3,000.00",0.00
04/19/18,Sale,"Sold 3,000 Units Of 3,000.00 -3,000.00",0.00
04/20/18,Purchase,"Purchased 45,750 Units Of -45,750.00 45,750.00",0.00
04/23/18,Sale,"Sold 21,801.26 Units Of 21,801.26 -21,801.26","22,584.38"
04/23/18,Purchase,"Purchased 300 Shares Of -2,284.84 2,291.20","20,299.54"
04/23/18,Purchase,"Purchased 20 Shares Of -1,496.52 1,493.63","18,803.02"
04/23/18,Purchase,"Purchased 150 Shares Of -1,378.77 1,376.81","17,424.25"
04/23/18,Purchase,"Purchased 100 Shares Of -1,514.86 1,512.70","15,909.39"
04/23/18,Purchase,"Purchased 30 Shares Of -1,596.77 1,596.77","14,312.62"
04/23/18,Purchase,"Purchased 20 Shares Of -1,658.16 1,658.16","12,654.46"
04/23/18,Purchase,"Purchased 100 Shares Of -3,017.94 3,026.34","9,636.52"
04/23/18,Purchase,"Purchased 10 Shares Of -1,990.50 1,990.50","7,646.02"
04/23/18,Purchase,"Purchased 10 Shares Of -1,238.60 1,238.60","6,407.42"
04/23/18,Purchase,"Purchased 20 Shares Of -2,537.20 2,537.20","3,870.22"
04/23/18,Purchase,"Purchased 30 Shares Of -1,535.70 1,535.70","2,334.52"
04/23/18,Purchase,"Purchased 400 Shares Of -2,334.52 2,334.52",0.00
04/24/18,Sale,"Sold 8,160.96 Units Of 8,160.96 -8,160.96","8,160.96"
04/24/18,Purchase,"Purchased 40 Shares Of -2,057.14 2,060.06","6,103.82"
04/24/18,Purchase,"Purchased 10 Shares Of -2,162.42 2,165.49","3,941.40"
04/24/18,Purchase,"Purchased 15 Shares Of -1,735.61 1,746.70","2,205.79"
04/24/18,Purchase,"Purchased 20 Shares Of -1,991.98 2,000.59",213.81
04/24/18,Purchase,"Purchased 300 Shares Of -1,315.58 1,323.99","-1,101.77"
04/24/18,Sale,"Sold 20 Shares Of 1,101.77 -1,094.20",0.00
04/25/18,Sale,"Sold 2,496 Units Of 2,496.00 -2,496.00","2,496.00"
04/25/18,Purchase,"Purchased 20 Shares Of -2,496.00 2,496.00",0.00
04/26/18,Purchase,"Purchased 18,490 Units Of -18,490.00 18,490.00","2,110.00"
04/26/18,Purchase,"Purchased 200 Shares Of -2,110.00 2,110.00",0.00
04/27/18,Sale,"Sold 10,657.01 Units Of 10,657.01 -10,657.01","10,657.01"
04/27/18,Purchase,"Purchased 100 Shares Of -3,149.89 3,163.89","7,507.12"
04/27/18,Purchase,"Purchased 50 Shares Of -2,488.69 2,499.75","5,018.43"
04/27/18,Purchase,"Purchased 20 Shares Of -1,458.20 1,461.59","3,560.23"
04/27/18,Purchase,"Purchased 20 Shares Of -1,683.83 1,685.51","1,876.40"
04/27/18,Purchase,"Purchased 40 Shares Of -1,876.40 1,876.40",0.00
04/30/18,Sale,"Sold 5,809 Units Of 5,809.00 -5,809.00","5,809.00"
04/30/18,Purchase,"Purchased 100 Shares Of -1,216.00 1,216.00","4,593.00"
04/30/18,Purchase,"Purchased 20 Shares Of -2,492.00 2,492.00","2,101.00"
04/30/18,Purchase,"Purchased 200 Shares Of -2,101.00 2,101.00",0.00
05/01/18,Sale,"Sold 1,411.9 Units Of 1,411.90 -1,411.90","2,211.90"
05/01/18,Purchase,"Purchased 300 Shares Of -2,211.90 2,234.56",0.00
05/02/18,Sale,Sold 33.04 Units Of 39.55 -39.55,122.01
05/02/18,Sale,"Sold 6,919.54 Units Of 6,919.54 -6,919.54","7,041.55"
05/02/18,Purchase,"Purchased 300 Shares Of -1,864.92 1,861.73","5,176.63"
05/02/18,Purchase,"Purchased 300 Shares Of -2,764.97 2,785.11","2,411.66"
05/02/18,Purchase,"Purchased 150 Shares Of -2,322.19 2,323.23",89.47
05/03/18,Sale,Sold 15.75 Units Of 18.79 -18.79,87.50
05/03/18,Purchase,"Purchased 215,897.38 Units Of -215,897.38 215,897.38","3,024.01"
05/03/18,Purchase,"Purchased 300 Shares Of -2,986.43 2,993.21",37.58
05/04/18,Purchase,Purchased 18.79 Units Of -18.79 18.79,0.00
05/07/18,Sale,"Sold 96,398.42 Units Of 96,398.42 -96,398.42","122,948.47"
05/07/18,Purchase,"Purchased 80 Shares Of -4,130.37 4,121.79","118,818.10"
05/07/18,Purchase,"Purchased 40 Shares Of -3,035.21 3,028.90","115,782.89"
05/07/18,Purchase,"Purchased 100 Shares Of -3,788.02 3,780.14","111,994.87"
05/07/18,Purchase,"Purchased 40 Shares Of -2,992.06 2,985.84","109,002.81"
05/07/18,Purchase,"Purchased 60 Shares Of -3,380.44 3,373.42","105,622.37"
05/07/18,Purchase,"Purchased 300 Shares Of -4,574.39 4,564.88","101,047.98"
05/07/18,Purchase,"Purchased 30 Shares Of -3,304.00 3,297.14","97,743.98"
05/07/18,Purchase,"Purchased 5 Shares Of -2,723.54 2,717.88","95,020.44"
05/07/18,Purchase,"Purchased 300 Shares Of -3,000.31 2,994.08","92,020.13"
05/07/18,Purchase,"Purchased 600 Shares Of -2,671.06 2,665.51","89,349.07"
05/07/18,Purchase,"Purchased 200 Shares Of -3,055.48 3,017.42","86,293.59"
05/07/18,Purchase,"Purchased 100 Shares Of -3,335.83 3,328.89","82,957.76"
05/07/18,Purchase,"Purchased 100 Shares Of -2,549.26 2,517.50","80,408.50"
05/07/18,Purchase,"Purchased 40 Shares Of -3,541.66 3,537.65","76,866.84"
05/07/18,Purchase,"Purchased 50 Shares Of -2,123.63 2,097.17","74,743.21"
05/07/18,Purchase,"Purchased 300 Shares Of -2,516.35 2,485.00","72,226.86"
05/07/18,Purchase,"Purchased 600 Shares Of -5,352.77 5,286.08","66,874.09"
05/07/18,Purchase,"Purchased 200 Shares Of -2,027.88 2,002.61","64,846.21"
05/07/18,Purchase,"Purchased 100 Shares Of -2,888.79 2,865.69","61,957.42"
05/07/18,Purchase,"Purchased 100 Shares Of -3,756.43 3,726.38","58,200.99"
05/07/18,Purchase,"Purchased 700 Shares Of -4,585.53 4,548.85","53,615.46"
05/07/18,Purchase,"Purchased 20 Shares Of -2,275.00 2,275.00","51,340.46"
05/07/18,Purchase,"Purchased 20 Shares Of -2,531.60 2,531.60","48,808.86"
05/07/18,Purchase,"Purchased 20 Shares Of -2,720.64 2,720.64","46,088.22"
05/07/18,Purchase,"Purchased 30 Shares Of -5,736.60 5,736.60","40,351.62"
05/07/18,Purchase,"Purchased 30 Shares Of -2,598.90 2,598.90","37,752.72"
05/07/18,Purchase,"Purchased 60 Shares Of -3,123.00 3,123.00","34,629.72"
05/07/18,Purchase,"Purchased 60 Shares Of -7,617.60 7,617.60","27,012.12"
05/07/18,Purchase,"Purchased 80 Shares Of -3,756.80 3,756.80","23,255.32"
05/07/18,Purchase,"Purchased 100 Shares Of -2,142.00 2,142.00","21,113.32"
05/07/18,Purchase,"Purchased 100 Shares Of -2,760.00 2,760.00","18,353.32"
05/07/18,Purchase,"Purchased 250 Shares Of -2,992.25 2,992.25","15,361.07"
05/07/18,Purchase,"Purchased 700 Shares Of -7,566.02 7,566.02","7,795.05"
05/07/18,Purchase,"Purchased 800 Shares Of -4,660.00 4,660.00","3,135.05"
05/08/18,Sale,"Sold 26,676.49 Units Of 26,676.49 -26,676.49","29,811.54"
05/08/18,Purchase,"Purchased 100 Shares Of -3,008.55 3,013.69","26,802.99"
05/08/18,Purchase,"Purchased 600 Shares Of -4,701.23 4,709.27","22,101.76"
05/08/18,Purchase,"Purchased 40 Shares Of -3,292.42 3,298.04","18,809.34"
05/08/18,Purchase,"Purchased 2,000 Shares Of -7,687.74 7,700.88","11,121.60"
05/08/18,Purchase,"Purchased 60 Shares Of -7,986.55 7,993.98","3,135.05"
05/09/18,Sale,"Sold 15,856.29 Units Of 15,856.29 -15,856.29","21,034.44"
05/09/18,Purchase,"Purchased 200 Shares Of -6,819.39 6,822.54","14,215.05"
05/09/18,Purchase,"Purchased 200 Shares Of -5,670.50 5,647.15","8,544.55"
05/09/18,Purchase,"Purchased 60 Shares Of -5,366.40 5,366.40","3,178.15"
05/10/18,Sale,"Sold 27,688.99 Units Of 27,688.99 -27,688.99","27,010.94"
05/10/18,Purchase,"Purchased 90 Shares Of -4,974.03 4,967.42","22,036.91"
05/10/18,Purchase,"Purchased 90 Shares Of -4,974.03 4,967.42","17,062.88"
05/10/18,Purchase,"Purchased 20 Shares Of -3,762.19 3,757.20","13,300.69"
05/10/18,Purchase,"Purchased 20 Shares Of -3,762.19 3,757.20","9,538.50"
05/10/18,Purchase,"Purchased 100 Shares Of -3,199.43 3,195.18","6,339.07"
05/10/18,Purchase,"Purchased 100 Shares Of -3,204.02 3,199.76","3,135.05"
05/11/18,Sale,"Sold 8,021.69 Units Of 8,021.69 -8,021.69","11,156.74"
05/11/18,Purchase,"Purchased 50 Shares Of -3,735.69 3,735.69","7,421.05"
05/11/18,Purchase,"Purchased 200 Shares Of -4,286.00 4,286.00","3,135.05"
05/14/18,Sale,"Sold 17,019.5 Units Of 17,019.50 -17,019.50","20,154.55"
05/14/18,Purchase,"Purchased 150 Shares Of -7,477.50 7,477.50","12,677.05"
05/14/18,Purchase,"Purchased 400 Shares Of -9,542.00 9,542.00","3,135.05"
05/15/18,Sale,Sold 262.50 Units Of 32.60 -32.60,"3,200.25"
05/15/18,Purchase,"Purchased 5 Shares Of -3,135.05 3,135.05",65.20
05/16/18,Purchase,"Purchased 134,650.91 Units Of -134,650.91 134,650.91","5,345.71"
05/16/18,Purchase,"Purchased 200 Shares Of -9,904.00 9,904.00","-4,558.29"
05/16/18,Sale,"Sold 40 Shares Of 4,558.29 -4,771.00",0.00
05/17/18,Purchase,"Purchased 5,490.05 Units Of -5,490.05 5,490.05","4,490.00"
05/17/18,Purchase,"Purchased 100 Shares Of -4,490.00 4,490.00",0.00
05/18/18,Sale,"Sold 96,608.64 Units Of 96,608.64 -96,608.64","96,608.64"
05/18/18,Purchase,"Purchased 1,000 Shares Of -9,342.76 9,361.13","87,265.88"
05/18/18,Purchase,"Purchased 400 Shares Of -3,758.89 3,756.84","83,506.99"
05/18/18,Purchase,"Purchased 600 Shares Of -5,225.27 5,222.42","78,281.72"
05/18/18,Purchase,"Purchased 100 Shares Of -5,640.63 5,637.56","72,641.09"
05/18/18,Purchase,"Purchased 600 Shares Of -5,044.33 5,076.60","67,596.76"
05/18/18,Purchase,"Purchased 50 Shares Of -5,467.43 5,502.40","62,129.33"
05/18/18,Purchase,"Purchased 70 Shares Of -6,367.64 6,359.57","55,761.69"
05/18/18,Purchase,"Purchased 400 Shares Of -6,047.19 6,085.87","49,714.50"
05/18/18,Purchase,"Purchased 70 Shares Of -5,321.01 5,355.05","44,393.49"
05/18/18,Purchase,"Purchased 70 Shares Of -5,934.79 5,939.81","38,458.70"
05/18/18,Purchase,"Purchased 40 Shares Of -5,362.00 5,362.00","33,096.70"
05/18/18,Purchase,"Purchased 40 Shares Of -6,055.60 6,055.60","27,041.10"
05/18/18,Purchase,"Purchased 100 Shares Of -5,042.00 5,042.00","21,999.10"
05/18/18,Purchase,"Purchased 100 Shares Of -5,227.00 5,227.00","16,772.10"
05/18/18,Purchase,"Purchased 200 Shares Of -4,312.00 4,312.00","12,460.10"
05/18/18,Purchase,"Purchased 1,000 Shares Of -6,270.00 6,270.00","6,190.10"
05/18/18,Purchase,"Purchased 10 Shares Of -6,190.10 6,190.10",0.00
05/21/18,Sale,"Sold 37,641.65 Units Of 37,641.65 -37,641.65","40,141.65"
05/21/18,Purchase,"Purchased 500 Shares Of -9,533.19 9,524.79","30,608.46"
05/21/18,Purchase,"Purchased 120 Shares Of -6,890.95 6,884.87","23,717.51"
05/21/18,Purchase,"Purchased 400 Shares Of -4,874.52 4,884.97","18,842.99"
05/21/18,Purchase,"Purchased 200 Shares Of -5,090.74 5,101.65","13,752.25"
05/21/18,Purchase,"Purchased 150 Shares Of -7,442.25 7,442.25","6,310.00"
05/21/18,Purchase,"Purchased 500 Shares Of -6,310.00 6,310.00",0.00
05/22/18,Sale,"Sold 9,620.66 Units Of 9,620.66 -9,620.66","9,274.80"
05/22/18,Purchase,"Purchased 500 Shares Of -9,274.80 9,294.58",0.00
05/23/18,Sale,Sold 81.40 Units Of 95.69 -95.69,191.38
05/23/18,Sale,Sold 79.92 Units Of 93.95 -93.95,379.28
05/23/18,Sale,"Sold 10,098.56 Units Of 10,098.56 -10,098.56","10,477.84"
05/23/18,Purchase,"Purchased 400 Shares Of -10,098.56 10,100.24",379.28
05/24/18,Sale,Sold 280.00 Units Of 32.29 -32.29,254.22
05/24/18,Sale,Sold 175.00 Units Of 20.24 -20.24,294.70
05/24/18,Sale,Sold 665.00 Units Of 75.40 -75.40,445.50
05/24/18,Sale,"Sold 3,045.96 Units Of 3,045.96 -3,045.96","5,791.46"
05/24/18,Purchase,"Purchased 40 Shares Of -5,535.60 5,535.60",255.86
05/25/18,Purchase,Purchased 127.93 Units Of -127.93 127.93,0.00
05/29/18,Purchase,"Purchased 286,781.93 Units Of -286,781.93 286,781.93",0.00
05/29/18,Sale,"Sold 8,372.75 Units Of 8,372.75 -8,372.75","8,372.75"
05/29/18,Purchase,"Purchased 150 Shares Of -8,372.75 8,372.75",0.00
05/30/18,Sale,"Sold 181,982.77 Units Of 181,982.77 -181,982.77","110,243.82"
05/30/18,Purchase,"Purchased 700 Shares Of -6,719.44 6,757.02","103,524.38"
05/30/18,Purchase,"Purchased 800 Shares Of -6,800.93 6,838.97","96,723.45"
05/30/18,Purchase,"Purchased 800 Shares Of -7,191.14 7,231.36","89,532.31"
05/30/18,Purchase,"Purchased 50 Shares Of -8,001.56 8,021.47","81,530.75"
05/30/18,Purchase,"Purchased 1,100 Shares Of -7,362.79 7,396.35","74,167.96"
05/30/18,Purchase,"Purchased 100 Shares Of -3,189.65 3,204.19","70,978.31"
05/30/18,Purchase,"Purchased 300 Shares Of -8,471.71 8,510.32","62,506.60"
05/30/18,Purchase,"Purchased 100 Shares Of -5,593.01 5,607.54","56,913.59"
05/30/18,Purchase,"Purchased 100 Shares Of -7,717.74 7,737.79","49,195.85"
05/30/18,Purchase,"Purchased 1,000 Shares Of -3,841.77 3,851.74","45,354.08"
05/30/18,Purchase,"Purchased 200 Shares Of -7,582.83 7,602.53","37,771.25"
05/30/18,Purchase,"Purchased 100 Shares Of -6,797.80 6,815.46","30,973.45"
05/30/18,Purchase,"Purchased 10 Shares Of -5,331.24 5,345.09","25,642.21"
05/30/18,Purchase,"Purchased 150 Shares Of -7,855.56 7,875.97","17,786.65"
05/30/18,Purchase,"Purchased 700 Shares Of -10,983.62 11,012.15","6,803.03"
05/30/18,Purchase,"Purchased 800 Shares Of -6,803.03 6,820.71",0.00
05/31/18,Sale,"Sold 45,493.69 Units Of 45,493.69 -45,493.69","45,493.69"
05/31/18,Purchase,"Purchased 300 Shares Of -8,800.55 8,830.77","36,693.14"
05/31/18,Purchase,"Purchased 400 Shares Of -9,606.24 9,639.22","27,086.90"
05/31/18,Purchase,"Purchased 130 Shares Of -7,081.50 7,105.82","20,005.40"
05/31/18,Purchase,"Purchased 1,000 Shares Of -10,812.50 10,849.62","9,192.90"
05/31/18,Purchase,"Purchased 50 Shares Of -9,192.90 9,224.46",0.00
06/01/18,Purchase,"Purchased 79,980 Units Of -79,980.00 79,980.00",0.00
06/04/18,Sale,"Sold 70,748.73 Units Of 70,748.73 -70,748.73","70,870.91"
06/04/18,Purchase,"Purchased 2,000 Shares Of -8,030.45 8,021.51","62,840.46"
06/04/18,Purchase,"Purchased 100 Shares Of -8,789.21 8,779.43","54,051.25"
06/04/18,Purchase,Accrued Interest Paid Accrued Dividend On Purchase Of -4.40,"54,046.85"
06/04/18,Purchase,"Purchased 200 Shares Of -6,674.31 6,666.88","47,372.54"
06/04/18,Purchase,"Purchased 50 Shares Of -7,387.50 7,387.50","39,985.04"
06/04/18,Purchase,"Purchased 100 Shares Of -8,526.00 8,526.00","31,459.04"
06/04/18,Purchase,"Purchased 170 Shares Of -8,470.05 8,470.05","22,988.99"
06/04/18,Purchase,"Purchased 200 Shares Of -3,926.00 3,926.00","19,062.99"
06/04/18,Purchase,"Purchased 300 Shares Of -7,134.99 7,134.99","11,928.00"
06/04/18,Purchase,"Purchased 1,000 Shares Of -11,928.00 11,928.00",0.00
06/05/18,Sale,Sold 220.14 Units Of 257.20 -257.20,514.40
06/05/18,Purchase,"Purchased 52,500 Units Of -52,500.00 52,500.00",514.40
06/06/18,Sale,"Sold 1,915.82 Units Of 1,915.82 -1,915.82",0.00
06/07/18,Sale,"Sold 20,493.17 Units Of 20,493.17 -20,493.17","21,493.17"
06/07/18,Purchase,"Purchased 40 Shares Of -5,434.30 5,434.30","16,058.87"
06/07/18,Purchase,"Purchased 50 Shares Of -10,433.22 10,433.22","5,625.65"
06/07/18,Purchase,"Purchased 100 Shares Of -5,625.65 5,625.65",0.00
06/11/18,Purchase,"Purchased 153,720.2 Units Of -153,720.20 153,720.20",0.00
06/13/18,Sale,"Sold 34,617.42 Units Of 34,617.42 -34,617.42","34,617.42"
06/13/18,Sale,"Sold 6,170.1 Units Of 6,170.10 -6,170.10","40,787.52"
06/13/18,Purchase,"Purchased 100 Shares Of -4,584.22 4,567.49","36,203.30"
06/13/18,Purchase,"Purchased 50 Shares Of -5,089.77 5,071.19","31,113.53"
06/13/18,Purchase,"Purchased 10 Shares Of -4,985.93 4,967.73","26,127.60"
06/13/18,Purchase,"Purchased 50 Shares Of -7,841.50 7,841.50","18,286.10"
06/13/18,Purchase,"Purchased 80 Shares Of -3,796.00 3,796.00","14,490.10"
06/13/18,Purchase,"Purchased 400 Shares Of -8,320.00 8,320.00","6,170.10"
06/13/18,Purchase,"Purchased 10 Shares Of -6,170.10 6,170.10",0.00
06/14/18,Sale,"Sold 71,010.7 Units Of 71,010.70 -71,010.70","71,010.70"
06/14/18,Purchase,"Purchased 400 Shares Of -10,264.04 10,209.37","60,746.66"
06/14/18,Purchase,"Purchased 800 Shares Of -10,580.48 10,524.12","50,166.18"
06/14/18,Purchase,"Purchased 1,500 Shares Of -4,979.27 4,987.63","45,186.91"
06/14/18,Purchase,"Purchased 160 Shares Of -10,518.99 10,536.66","34,667.92"
06/14/18,Purchase,"Purchased 650 Shares Of -9,868.92 9,885.50","24,799.00"
06/14/18,Purchase,"Purchased 150 Shares Of -9,801.50 9,801.50","14,997.50"
06/14/18,Purchase,"Purchased 200 Shares Of -9,895.00 9,895.00","5,102.50"
06/14/18,Purchase,"Purchased 250 Shares Of -5,102.50 5,102.50",0.00
06/19/18,Sale,Sold 49.50 Units Of 57.35 -57.35,537.82
06/19/18,Purchase,Purchased 480.47 Units Of -480.47 480.47,57.35
06/20/18,Sale,"Sold 2,620.78 Units Of 2,620.78 -2,620.78",0.00
06/21/18,Sale,"Sold 8,565.86 Units Of 8,565.86 -8,565.86","8,144.00"
06/21/18,Purchase,"Purchased 200 Shares Of -8,144.00 8,144.00",0.00
06/22/18,Sale,"Sold 2,997.06 Units Of 2,997.06 -2,997.06","2,997.06"
06/22/18,Purchase,"Purchased 100 Shares Of -2,997.06 2,978.99",0.00
06/25/18,Sale,"Sold 6,043.8 Units Of 6,043.80 -6,043.80","6,043.80"
06/25/18,Purchase,"Purchased 200 Shares Of -6,043.80 6,056.73",0.00
06/26/18,Purchase,"Purchased 16,122.98 Units Of -16,122.98 16,122.98",35.70
06/27/18,Sale,"Sold 19,320.69 Units Of 19,320.69 -19,320.69","19,356.39"
06/27/18,Sale,"Sold 15,779.28 Units Of 15,779.28 -15,779.28","35,135.67"
06/27/18,Purchase,"Purchased 200 Shares Of -10,292.97 10,296.39","24,842.70"
06/27/18,Purchase,"Purchased 1,000 Shares Of -9,063.42 9,066.44","15,779.28"
06/27/18,Purchase,"Purchased 600 Shares Of -6,009.78 6,009.78","9,769.50"
06/27/18,Purchase,"Purchased 200 Shares Of -9,769.50 9,769.50",0.00
06/28/18,Sale,"Sold 1,930.5 Units Of 1,930.50 -1,930.50",0.00
06/29/18,Sale,"Sold 27,040.38 Units Of 27,040.38 -27,040.38","27,040.38"
06/29/18,Purchase,"Purchased 150 Shares Of -12,113.16 12,142.40","14,927.22"
06/29/18,Purchase,"Purchased 660 Shares Of -14,927.22 15,066.07",0.00
07/02/18,Sale,"Sold 7,408.44 Units Of 7,408.44 -7,408.44","7,408.44"
07/02/18,Sale,"Sold 14,293.72 Units Of 14,293.72 -14,293.72","21,702.16"
07/02/18,Purchase,"Purchased 100 Shares Of -7,408.44 7,432.12","14,293.72"
07/02/18,Purchase,"Purchased 160 Shares Of -4,668.92 4,771.06","9,624.80"
07/02/18,Purchase,"Purchased 70 Shares Of -9,624.80 9,624.80",0.00
07/03/18,Sale,Sold 61.20 Units Of 70.95 -70.95,339.88
07/03/18,Purchase,"Purchased 4,194,035.91 Units Of -4,194,035.91 4,194,035.91","11,402.43"
07/03/18,Purchase,"Purchased 250 Shares Of -11,260.53 11,204.02",141.90
07/05/18,Sale,"Sold 3,575,662.93 Units Of 3,575,662.93 -3,575,662.93","3,557,007.14"
07/05/18,Purchase,"Purchased 10,000 Shares Of -87,970.10 87,970.10","3,469,037.04"
07/05/18,Purchase,"Purchased 2,640 Shares Of -59,785.26 59,785.26","3,409,251.78"
07/05/18,Purchase,"Purchased 8,000 Shares Of -64,345.70 64,345.70","3,344,906.08"
07/05/18,Purchase,"Purchased 8,000 Shares Of -72,421.13 72,421.13","3,272,484.95"
07/05/18,Purchase,"Purchased 1,600 Shares Of -80,538.05 80,538.05","3,191,946.90"
07/05/18,Purchase,"Purchased 3,200 Shares Of -73,355.75 73,355.75","3,118,591.15"
07/05/18,Purchase,"Purchased 6,400 Shares Of -73,886.58 73,886.58","3,044,704.57"
07/05/18,Purchase,"Purchased 440 Shares Of -73,228.67 73,228.67","2,971,475.90"
07/05/18,Purchase,"Purchased 1,000 Shares Of -82,873.50 82,873.50","2,888,602.40"
07/05/18,Purchase,"Purchased 16,000 Shares Of -75,934.25 75,934.25","2,812,668.15"
07/05/18,Purchase,"Purchased 4,800 Shares Of -66,450.49 66,450.49","2,746,217.66"
07/05/18,Purchase,"Purchased 1,600 Shares Of -50,650.89 50,650.89","2,695,566.77"
07/05/18,Purchase,"Purchased 8,000 Shares Of -65,140.88 65,140.88","2,630,425.89"
07/05/18,Purchase,"Purchased 120 Shares Of -63,964.02 63,964.02","2,566,461.87"
07/05/18,Purchase,"Purchased 640 Shares Of -60,463.14 60,463.14","2,505,998.73"
07/05/18,Purchase,"Purchased 5,400 Shares Of -69,020.81 69,020.81","2,436,977.92"
07/05/18,Purchase,"Purchased 1,600 Shares Of -59,967.58 59,967.58","2,377,010.34"
07/05/18,Purchase,"Purchased 1,560 Shares Of -94,002.02 94,002.02","2,283,008.32"
07/05/18,Purchase,"Purchased 1,240 Shares Of -71,045.96 71,045.96","2,211,962.36"
07/05/18,Purchase,"Purchased 4,000 Shares Of -83,623.85 83,623.85","2,128,338.51"
07/05/18,Purchase,"Purchased 1,600 Shares Of -70,977.90 70,977.90","2,057,360.61"
07/05/18,Purchase,"Purchased 1,000 Shares Of -45,941.84 45,941.84","2,011,418.77"
07/05/18,Purchase,"Purchased 14,800 Shares Of -48,207.00 48,207.00","1,963,211.77"
07/05/18,Purchase,"Purchased 1,600 Shares Of -118,377.63 118,377.63","1,844,834.14"
07/05/18,Purchase,"Purchased 1,600 Shares Of -67,994.87 67,994.87","1,776,839.27"
07/05/18,Purchase,"Purchased 4,000 Shares Of -57,467.02 57,467.02","1,719,372.25"
07/05/18,Purchase,"Purchased 1,000 Shares Of -78,376.84 78,376.84","1,640,995.41"
07/05/18,Purchase,"Purchased 1,360 Shares Of -78,692.32 78,692.32","1,562,303.09"
07/05/18,Purchase,"Purchased 10,000 Shares Of -64,615.42 64,615.42","1,497,687.67"
07/05/18,Purchase,"Purchased 1,840 Shares Of -55,155.63 55,155.63","1,442,532.04"
07/05/18,Purchase,"Purchased 2,800 Shares Of -84,013.81 84,013.81","1,358,518.23"
07/05/18,Purchase,"Purchased 3,618 Shares Of -88,079.49 88,079.49","1,270,438.74"
07/05/18,Purchase,"Purchased 4,000 Shares Of -563,671.60 563,671.60","706,767.14"
07/05/18,Purchase,"Purchased 120 Shares Of -1,471.40 1,471.40","705,295.74"
07/05/18,Purchase,"Purchased 8,000 Shares Of -197,899.20 197,899.20","507,396.54"
07/05/18,Purchase,"Purchased 1,600 Shares Of -106,369.44 106,369.44","401,027.10"
07/05/18,Purchase,"Purchased 2,800 Shares Of -206,390.52 206,390.52","194,636.58"
07/05/18,Purchase,"Purchased 1,000 Shares Of -8,215.00 8,215.00","186,421.58"
07/05/18,Purchase,"Purchased 440 Shares Of -85,580.62 85,580.62","100,840.96"
07/05/18,Purchase,"Purchased 480 Shares Of -64,563.55 64,563.55","36,277.41"
07/05/18,Purchase,"Purchased 800 Shares Of -112,219.68 112,219.68","-75,942.27"
07/05/18,Purchase,"Purchased 840 Shares Of -124,636.60 124,636.60","-200,578.87"
07/05/18,Purchase,"Purchased 880 Shares Of -74,900.41 74,900.41","-275,479.28"
07/05/18,Purchase,"Purchased 1,088 Shares Of -13,843.60 13,843.60","-289,322.88"
07/05/18,Purchase,"Purchased 1,320 Shares Of -64,109.36 64,109.36","-353,432.24"
07/05/18,Purchase,"Purchased 1,800 Shares Of -100,608.84 100,608.84","-454,041.08"
07/05/18,Purchase,"Purchased 1,800 Shares Of -90,637.92 90,637.92","-544,679.00"
07/05/18,Purchase,"Purchased 2,000 Shares Of -80,620.00 80,620.00","-625,299.00"
07/05/18,Purchase,"Purchased 2,400 Shares Of -111,501.60 111,501.60","-736,800.60"
07/05/18,Purchase,"Purchased 2,600 Shares Of -44,876.00 44,876.00","-781,676.60"
07/05/18,Purchase,"Purchased 2,800 Shares Of -61,751.48 61,751.48","-843,428.08"
07/05/18,Purchase,"Purchased 4,000 Shares Of -78,040.00 78,040.00","-921,468.08"
07/05/18,Purchase,"Purchased 10,400 Shares Of -58,867.12 58,867.12","-980,335.20"
07/05/18,Purchase,"Purchased 12,000 Shares Of -118,826.40 118,826.40","-1,099,161.60"
07/05/18,Sale,"Sold 120 Shares Of 1,535.98 -1,471.40","-1,097,625.62"
07/05/18,Sale,"Sold 1,000 Shares Of 8,367.39 -8,215.00","-1,089,258.23"
07/05/18,Sale,"Sold 1,600 Shares Of 106,948.68 -106,369.44","-982,309.55"
07/05/18,Sale,"Sold 2,800 Shares Of 207,950.21 -206,390.52","-774,359.34"
07/05/18,Sale,"Sold 3,618 Shares Of 88,167.34 -88,079.49","-686,192.00"
07/05/18,Sale,"Sold 4,000 Shares Of 564,008.26 -563,671.60","-122,183.74"
07/05/18,Sale,"Sold 8,000 Shares Of 188,786.34 -197,899.20","66,602.60"
07/06/18,Sale,"Sold 465,762.14 Units Of 465,762.14 -465,762.14","532,364.74"
07/06/18,Purchase,"Purchased 1,600 Shares Of -94,829.67 94,829.67","437,535.07"
07/06/18,Purchase,"Purchased 440 Shares Of -74,313.35 74,313.35","363,221.72"
07/06/18,Purchase,"Purchased 2,400 Shares Of -76,136.58 76,136.58","287,085.14"
07/06/18,Purchase,"Purchased 8,000 Shares Of -82,966.92 82,966.92","204,118.22"
07/06/18,Purchase,"Purchased 1,200 Shares Of -35,127.45 35,127.45","168,990.77"
07/06/18,Purchase,"Purchased 3,200 Shares Of -65,368.86 65,368.86","103,621.91"
07/06/18,Purchase,"Purchased 2,912 Shares Of -37,144.31 37,144.31","66,477.60"
07/06/18,Purchase,"Purchased 120 Shares Of -66,477.60 600.16",0.00
07/09/18,Sale,"Sold 12,715.99 Units Of 12,715.99 -12,715.99",0.00
07/11/18,Purchase,"Purchased 38,432.77 Units Of -38,432.77 38,432.77",0.00
07/12/18,Sale,"Sold 2,446.26 Units Of 2,446.26 -2,446.26",0.00
07/16/18,Sale,Sold 90 Units Of 90.00 -90.00,0.00
07/17/18,Sale,"Sold 70,106.2 Units Of 70,106.20 -70,106.20","68,382.61"
07/17/18,Purchase,"Purchased 40 Shares Of -68,382.61 68,801.82",0.00
07/18/18,Purchase,"Purchased 1,120 Units Of -1,120.00 1,120.00",0.00
07/20/18,Purchase,"Purchased 4,557.12 Units Of -4,557.12 4,557.12",0.00
07/23/18,Sale,"Sold 97,150.5 Units Of 97,150.50 -97,150.50","97,150.50"
07/23/18,Purchase,"Purchased 1,000 Shares Of -45,305.00 45,305.00","51,845.50"
07/23/18,Purchase,"Purchased 5,000 Shares Of -51,845.50 51,845.50",0.00
07/25/18,Purchase,Purchased 500 Units Of -500.00 500.00,0.00
07/27/18,Purchase,"Purchased 3,807.01 Units Of -3,807.01 3,807.01",0.00
07/30/18,Sale,"Sold 6,211.75 Units Of 6,211.75 -6,211.75",0.00
07/31/18,Sale,"Sold 5,352.55 Units Of 5,352.55 -5,352.55",0.00
08/01/18,Sale,Sold 744.06 Units Of 744.06 -744.06,0.00
08/02/18,Purchase,Purchased 671.72 Units Of -671.72 671.72,0.00
08/03/18,Sale,"Sold 4,573.00 Units Of 40.88 -40.88",81.76
08/06/18,Purchase,"Purchased 71,653.19 Units Of -71,653.19 71,653.19",0.00
08/08/18,Sale,"Sold 4,992.89 Units Of 4,992.89 -4,992.89",0.00
08/09/18,Purchase,"Purchased 30,372.95 Units Of -30,372.95 30,372.95","-30,372.95"
08/09/18,Purchase,"Purchased 10,000 Shares Of -74,640.00 74,640.00","-105,012.95"
08/09/18,Sale,"Sold 4,000 Shares Of 105,012.95 -93,908.30",0.00
08/13/18,Sale,"Sold 12,818.43 Units Of 12,818.43 -12,818.43",0.00
08/16/18,Sale,"Sold 21,045 Units Of 21,045.00 -21,045.00","21,045.00"
08/16/18,Purchase,"Purchased 500 Shares Of -21,045.00 21,045.00",0.00
08/17/18,Purchase,"Purchased 88,775.08 Units Of -88,775.08 88,775.08",0.00
08/20/18,Purchase,"Purchased 83,214.59 Units Of -83,214.59 83,214.59",0.00
08/21/18,Purchase,"Purchased 10,482.01 Units Of -10,482.01 10,482.01",0.00
08/22/18,Sale,"Sold 6,010.92 Units Of 6,010.92 -6,010.92",0.00
08/23/18,Sale,"Sold 117,456.7 Units Of 117,456.70 -117,456.70","116,153.53"
08/23/18,Purchase,"Purchased 2,000 Shares Of -27,579.28 27,405.98","88,574.25"
08/23/18,Purchase,"Purchased 1,000 Shares Of -35,185.25 34,960.80","53,389.00"
08/23/18,Purchase,"Purchased 10,000 Shares Of -53,389.00 53,389.00",0.00
08/27/18,Purchase,"Purchased 156,172.77 Units Of -156,172.77 156,172.77","-156,172.77"
08/27/18,Sale,"Sold 1,100 Shares Of 156,172.77 -94,228.50",0.00
08/28/18,Sale,"Sold 47,687.5 Units Of 47,687.50 -47,687.50","47,687.50"
08/28/18,Purchase,"Purchased 1,000 Shares Of -47,687.50 47,687.50",0.00
08/29/18,Sale,"Sold 1,260 Units Of 1,260.00 -1,260.00",0.00
08/30/18,Sale,Sold 416.50 Units Of 485.78 -485.78,971.56
08/30/18,Sale,"Sold 1,005 Units Of 1,005.00 -1,005.00",971.56
08/31/18,Sale,Sold 314.22 Units Of 314.22 -314.22,758.66
09/04/18,Sale,"Sold 38,656.94 Units Of 38,656.94 -38,656.94","39,415.60"
09/04/18,Purchase,"Purchased 7,000 Shares Of -39,415.60 39,415.60",0.00
09/05/18,Purchase,"Purchased 1,274.75 Units Of -1,274.75 1,274.75",0.00
09/07/18,Sale,Sold 198.95 Units Of 198.95 -198.95,0.00
09/12/18,Sale,"Sold 4,866.32 Units Of 4,866.32 -4,866.32",0.00
09/13/18,Sale,"Sold 1,147.1 Units Of 1,147.10 -1,147.10",0.00
09/13/18,Sale,"Sold 70,294.17 Units Of 70,294.17 -70,294.17","70,294.17"
09/13/18,Purchase,"Purchased 100 Shares Of -70,294.17 70,399.84",0.00
09/14/18,Sale,"Sold 43,583 Units Of 43,583.00 -43,583.00","43,583.00"
09/14/18,Purchase,"Purchased 250 Shares Of -43,583.00 43,583.00",0.00
09/17/18,Sale,"Sold 23,186.73 Units Of 23,186.73 -23,186.73","28,301.21"
09/17/18,Purchase,"Purchased 180 Shares Of -135,527.26 135,000.04","-107,226.05"
09/17/18,Sale,"Sold 140 Shares Of 107,226.05 -105,000.03",0.00
09/18/18,Sale,"Sold 18,452.95 Units Of 18,452.95 -18,452.95",-275.53
09/18/18,Sale,Sold 210.00 Units Of 275.53 -275.53,0.00
09/19/18,Sale,"Sold 11,941.00 Units Of 107.28 -107.28",214.56
09/19/18,Sale,"Sold 27,287.02 Units Of 27,287.02 -27,287.02",214.56
09/20/18,Sale,"Sold 68,737.46 Units Of 68,737.46 -68,737.46","-43,231.44"
09/24/18,Purchase,Reversal- 210.00 Units Of -275.53 275.53,"-43,506.97"
09/24/18,Sale,Sold 210.00 Units Of 275.53 -275.53,"-42,955.91"
09/24/18,Purchase,"Purchased 14,246.65 Units Of -14,246.65 14,246.65",275.53
09/24/18,Sale,Sold 275.53 Units Of 275.53 -275.53,551.06
09/25/18,Purchase,"Purchased 66,272.69 Units Of -66,272.69 66,272.69","-64,976.57"
09/25/18,Sale,"Sold 1,500 Shares Of 67,234.07 -71,669.85","2,257.50"
09/26/18,Purchase,"Purchased 1,822.5 Units Of -1,822.50 1,822.50",0.00
09/27/18,Purchase,"Purchased 79,823.41 Units Of -79,823.41 79,823.41","-80,279.76"
09/27/18,Sale,"Sold 6,750 Shares Of 80,279.76 -89,918.46",0.00
09/28/18,Purchase,"Purchased 320,683.77 Units Of -320,683.77 320,683.77",0.00
10/01/18,Sale,Sold 0.4389 Shares Of 19.41 -20.39,19.41
10/02/18,Sale,"Sold 140,286.09 Units Of 140,286.09 -140,286.09","160,847.53"
10/02/18,Purchase,"Purchased 23,000 Shares Of -80,293.23 80,732.03","80,554.30"
10/02/18,Purchase,"Purchased 1,500 Shares Of -80,554.30 81,009.43",0.00
10/03/18,Sale,"Sold 153,191.57 Units Of 153,191.57 -153,191.57","158,567.81"
10/03/18,Purchase,"Purchased 5,000 Shares Of -42,477.39 42,598.71","116,090.42"
10/03/18,Purchase,"Purchased 30 Shares Of -59,369.05 59,784.17","56,721.37"
10/03/18,Purchase,"Purchased 100 Shares Of -56,721.37 56,787.84",0.00
10/05/18,Purchase,"Purchased 5,850.05 Units Of -5,850.05 5,850.05",0.00
10/09/18,Sale,"Sold 17,920.59 Units Of 17,920.59 -17,920.59","24,608.17"
10/09/18,Purchase,"Purchased 500 Shares Of -24,608.17 24,593.04",0.00
10/10/18,Purchase,"Purchased 29,592.93 Units Of -29,592.93 29,592.93",-445.00
10/11/18,Sale,"Sold 53,870.46 Units Of 53,870.46 -53,870.46","51,029.54"
10/11/18,Purchase,"Purchased 5,000 Shares Of -51,029.54 51,020.59",0.00
10/12/18,Sale,Sold 201.84 Units Of 201.84 -201.84,0.00
10/15/18,Purchase,"Purchased 25,539.37 Units Of -25,539.37 25,539.37",0.00
10/15/18,Sale,"Sold 46,628 Units Of 46,628.00 -46,628.00","46,628.00"
10/15/18,Purchase,"Purchased 400 Shares Of -46,628.00 46,628.00",0.00
10/16/18,Sale,"Sold 8,263.83 Units Of 8,263.83 -8,263.83",0.00
10/18/18,Purchase,"Purchased 1,676.42 Units Of -1,676.42 1,676.42",0.00
10/19/18,Sale,"Sold 31,291.48 Units Of 31,291.48 -31,291.48","31,291.48"
10/19/18,Purchase,"Purchased 1,000 Shares Of -31,291.48 31,398.83",0.00
10/23/18,Purchase,"Purchased 57,075.05 Units Of -57,075.05 57,075.05",0.00
10/24/18,Sale,"Sold 2,576.53 Units Of 2,576.53 -2,576.53",0.00
10/26/18,Sale,"Sold 13,274.73 Units Of 13,274.73 -13,274.73",0.00
10/29/18,Sale,"Sold 16,774.35 Units Of 16,774.35 -16,774.35",0.00
10/31/18,Sale,"Sold 22,817.52 Units Of 22,817.52 -22,817.52","49,013.71"
10/31/18,Purchase,"Purchased 10,000 Shares Of -49,013.71 49,013.71",0.00
11/02/18,Sale,"Sold 57,685.65 Units Of 57,685.65 -57,685.65","57,970.50"
11/02/18,Purchase,"Purchased 1,500 Shares Of -57,970.50 57,970.50",0.00
11/05/18,Sale,"Sold 36,514.98 Units Of 36,514.98 -36,514.98","31,577.48"
11/05/18,Purchase,"Purchased 750 Shares Of -31,577.48 31,577.48",0.00
11/07/18,Sale,Sold 475.09 Units Of 475.09 -475.09,0.00
11/08/18,Purchase,"Purchased 47,783.45 Units Of -47,783.45 47,783.45","-47,783.45"
11/08/18,Sale,"Sold 2,000 Shares Of 47,783.45 -100,514.90",0.00
11/09/18,Purchase,"Purchased 1,428 Shares Of -10,028.03 10,028.03","-10,028.03"
11/09/18,Purchase,"Purchased 89,964.00 Units Of -9,948.19 10,028.03","-19,976.22"
11/13/18,Sale,"Sold 14,070.49 Units Of 14,070.49 -14,070.49",0.00
11/15/18,Sale,"Sold 6,508.65 Units Of 6,508.65 -6,508.65",0.00
11/16/18,Sale,Sold 239.5 Units Of 239.50 -239.50,0.00
11/19/18,Sale,Sold 467.62 Units Of 467.62 -467.62,0.00
11/23/18,Purchase,Purchased 766.5 Units Of -766.50 766.50,0.00
11/26/18,Sale,"Sold 12,703.00 Units Of 112.47 -112.47",224.94
11/26/18,Purchase,"Purchased 7,518.43 Units Of -7,518.43 7,518.43",224.94
11/27/18,Sale,Sold 182.61 Units Of 182.61 -182.61,0.00
11/28/18,Sale,"Sold 4,314.92 Units Of 4,314.92 -4,314.92",0.00
11/30/18,Purchase,"Purchased 2,139 Units Of -2,139.00 2,139.00",0.00
12/03/18,Sale,Sold 781.09 Units Of 781.09 -781.09,0.00
12/04/18,Sale,"Sold 9,333.48 Units Of 9,333.48 -9,333.48",0.00
12/06/18,Sale,"Sold 1,662.49 Units Of 1,662.49 -1,662.49",0.00
12/07/18,Sale,"Sold 21,181.13 Units Of 21,181.13 -21,181.13","-51,491.85"
12/10/18,Sale,"Sold 53,097.00 Units Of 470.80 -470.80","-50,550.25"
12/10/18,Sale,"Sold 38,108.00 Units Of 337.33 -338.14","-50,212.92"
12/11/18,Sale,"Sold 169,370.00 Units Of 1,490.10 -1,490.10","-82,108.21"
12/11/18,Sale,Sold 154.00 Units Of 195.86 -195.86,"-81,716.49"
12/11/18,Sale,"Sold 3,250 Shares Of 41,844.83 -59,329.50","-39,871.66"
12/12/18,Purchase,"Purchased 79,960.07 Units Of -79,960.07 79,960.07","-121,479.28"
12/12/18,Sale,"Sold 5,000 Shares Of 52,292.46 -42,312.43","-69,186.82"
12/12/18,Sale,"Sold 23,000 Shares Of 71,116.73 -80,732.03","1,929.91"
12/13/18,Purchase,"Purchased 1,929.91 Units Of -1,929.91 1,929.91",0.00
12/14/18,Purchase,"Purchased 20,647.44 Units Of -20,647.44 20,647.44",0.00
12/17/18,Sale,"Sold 54,198.00 Units Of 477.35 -477.35","3,037.57"
12/18/18,Sale,"Sold 21,678.92 Units Of 2,395.32 -2,395.32","7,675.30"
12/18/18,Purchase,"Purchased 29,935.22 Units Of -29,935.22 29,935.22","5,145.08"
12/19/18,Purchase,"Purchased 2,749.76 Units Of -2,749.76 2,749.76",0.00
12/20/18,Sale,"Sold 21,472.07 Units Of 21,472.07 -21,472.07","45,885.61"
12/20/18,Purchase,"Purchased 30,000 Shares Of -45,885.61 45,802.05",0.00
12/21/18,Purchase,"Purchased 6,748.54 Units Of -6,748.54 6,748.54","-13,497.08"
12/21/18,Sale,"Sold 13,497.08 Units Of 13,497.08 -13,497.08",0.00
12/24/18,Sale,"Sold 11,213.19 Units Of 11,213.19 -11,213.19",0.00
12/26/18,Sale,"Sold 22,241.87 Units Of 22,241.87 -22,241.87",0.00
12/27/18,Sale,"Sold 64,798.38 Units Of 64,798.38 -64,798.38","64,798.38"
12/27/18,Purchase,"Purchased 1,000 Shares Of -23,277.96 23,277.96","41,520.42"
12/27/18,Purchase,"Purchased 50,000 Shares Of -41,520.42 41,520.42",0.00
12/28/18,Purchase,"Purchased 49,981.19 Units Of -49,981.19 49,981.19",178.50
12/31/18,Purchase,"Purchased 73,818.14 Units Of -73,818.14 73,818.14","-59,909.22"
12/31/18,Sale,"Sold 3,000 Shares Of 59,909.22 -38,264.01",0.00
