,PC1,PC2,PC3,PC4,PC5,PC6,PC7,PC8,PC9,PC10,PC11,PC12,PC13,PC14,PC15,PC16,PC17,PC18,PC19,PC20,PC21,PC22,PC23,PC24,PC25,PC26,PC27,PC28,PC29,PC30,PC31,PC32,PC33,PC34,PC35,PC36,PC37,PC38,PC39,PC40,PC41,PC42,PC43,PC44,PC45,PC46,PC47,PC48
vix,0.0017120097685994187,-0.02999727132115633,0.2157596632397062,0.042179573145816225,-0.39296234408499187,-0.047700579190938494,-0.006749205885915761,0.2588455766022015,-0.11234914267509905,0.1141971008528478,-0.17092526823330703,0.08328103592754112,-0.26663669040649707,0.06231598196864666,-0.11581128979447998,0.13871195033642048,-0.23955620549048084,0.2334231264943066,-0.0635980000496508,0.030240620867304755,0.1401989928376127,0.23264060505455758,-0.1498629071926196,-0.07307799455656318,-0.09835283966275812,-0.06721131231617279,-0.2113158158702298,0.13405474220258282,0.24529611850144573,-0.22695916409835062,-0.024232891437885363,-0.2810909411588668,-0.21435383521530074,0.04133174428353624,0.030027839979384713,0.11000557574829824,0.015372182491834262,0.0027044628570518188,0.043711960182436775,0.026017690362305817,0.038782929536745385,0.04912809490038993,0.03100200668325716,0.03248463843619265,0.040365110234592945,0.004453133609215807,0.0,0.0
vix_chg,-0.01690040028881652,-0.00881760688117067,0.045756341209876816,-0.228679989206878,-0.3630094461892708,0.1496977447200212,0.11837611488545338,-0.045471646810171774,0.14339633175822455,0.16032791931391688,0.1185820204588994,0.496481933844905,0.11893791251717713,-0.20118528311401973,-0.1494722967808449,0.1466859717885179,-0.1227925422012295,0.04244629097754826,-0.3829806423262785,0.042335865032339916,-0.09822949760699409,-0.17100288999481347,-0.03908856549095142,0.19186264867941513,0.07597280028779965,0.02598907902252893,-0.012320439358092142,-0.09730003718372979,-0.17630021092285422,0.1672316766834505,0.1259025494826737,0.14686561910367946,-0.04318320190362293,-0.08240837527034289,0.014779163489130075,-0.021617877730961854,0.020264335878372286,-0.02264505625371043,-0.014217651399957537,-0.02794838098609736,0.03659229280971737,-0.043117716934177236,0.006005943737481737,-0.0054762100563781856,-0.006088974430996274,-0.0041167055189492,2.5760643618255585e-16,-1.6479873021779667e-16
cpi_yoy,-0.03593128631280316,-0.307914188058212,0.009521621510846012,-0.027409365675024437,-0.004323978878602142,0.026218738508041406,-0.04702740742896405,-0.033881717843835174,-0.14919529238446766,0.08725961711163793,-0.13828173701759414,-0.05401762381094734,-0.004993442741465381,-0.11521848535623941,0.008961741864728291,-0.01637069876011247,-0.07221135193121472,0.05403189339180402,-0.012462611366376906,-0.08976382058297593,0.04439424921948722,0.03422014931797386,0.11331920163107276,-0.08710825755084273,0.040875776317600185,0.11136111872706797,-0.060178078937250135,-0.15330610785135743,-0.015645435613159148,-0.1721360471982517,0.15575674071865772,0.3413147376112434,-0.052765287354515786,0.23254576667630988,-0.11654207756327929,0.1354821248438881,-0.0858905687709593,-0.033308206049047204,0.2569985018448099,-0.09752009241216733,-0.19171701344013747,0.0023419534678364093,-0.004319978922308612,-0.2976711301541882,-0.16712951887122968,-0.5054886245506922,-8.215033685528614e-16,-6.864988577413582e-15
core_cpi_yoy,-0.050876530705586315,-0.3046433881172702,0.03811235677852612,-0.030723704382723357,0.014783615333600342,0.018928987414887025,-0.07114846894000709,-0.01593594579826335,-0.08982873417297707,0.015514604676602872,-0.14573576132676003,-0.005032773353113473,-0.01975127381155134,-0.04239293570048381,0.038952823818426616,0.02970066877550802,-0.08230893533838836,0.13906237836369603,0.07622613691087181,-0.08229937960508421,0.04327903408444886,-0.19295896718836303,0.1665339277516481,0.06842086061019235,-0.05048956487782216,0.1336197616507415,-0.1458550982289225,0.029876191785089292,-0.03864700371711416,0.23808946102024653,0.1614891156532715,-0.19501737271947667,0.14742878055611452,0.05346208402592324,0.0004531157398750714,-0.01721687384864686,-0.09260546252323086,-0.24079691424558541,-0.18006158625187452,0.5244579565650753,-0.26947309965839267,0.09027204746240439,0.05601699244649949,-0.16649151175263616,-0.059763524733987536,0.2701004178887026,-1.5944879118853255e-15,4.542056674291718e-15
pce_yoy,-0.021401128420888288,-0.3121259536234771,0.004615735925356634,-0.020224770083914073,-0.0019720203628030286,0.010838815172991616,-0.04868614961248172,-0.0325997023024035,-0.13910124289726944,0.07761060703940026,-0.10988720804815541,-0.04874394978992838,-0.02092487545121341,-0.07891194400902313,0.026541732363225254,0.014989389025356625,-0.04319646593967827,0.009307778554794185,-0.030650985494464805,-0.06824576246890517,0.028205328643696397,0.06817544562852224,0.011868644246072493,-0.13382869457448898,0.061314605989832516,0.06921725677557515,0.02680321854202125,-0.15522170280695516,0.034754176755423166,-0.10742894509589883,0.04143114951813735,0.33254039013154996,-0.08460213368664572,0.07548063967080504,-0.08921409326475371,-0.030906542705157948,0.10653591665562395,0.12932248482544115,0.11604436790168388,-0.1992258141059363,0.02786867595249312,-0.12994216271690653,-0.10669026653397969,0.16804069899886592,0.02364951681291988,0.7074033958286035,-5.208798868938567e-16,1.0568819230323336e-14
core_pce_yoy,-0.01779882723296644,-0.3139858225064738,0.015247029357941977,-0.02466775533232124,0.01383589428524977,0.006904835255842567,-0.05863545858213371,-0.016425648271864827,-0.10473511354590734,0.029451807596570595,-0.10159591535710544,-0.015046721195588628,-0.04492095658439649,-0.001216375778370353,0.059918210634870676,0.04441719447300717,-0.04535675961254239,0.043345812938137905,0.008576429002093464,-0.04931262194975943,0.037688350948000805,-0.031405279194948774,0.0012422430615291469,-0.08173443207351372,0.020663245965923498,0.06584657877112102,0.0003260909857975246,-0.05024245427489743,0.0495702610541181,0.15958563416208238,0.045862244045444464,0.02952765888881259,0.05344677971032638,-0.09554071880399985,0.01504742437537559,-0.17307079855542315,0.19752183207503005,0.03885488637086333,-0.2446028720347344,0.011892647793485301,-0.07887962729043821,-0.11119471692606521,-0.030331607191010447,0.6491490206735079,0.27254382145493883,-0.393422689022675,5.4955397287869546e-15,-8.047746163783173e-15
m2_yoy,0.20815007884722594,0.048918833352173174,0.10180175052418569,0.16957868687023558,-0.10104004942035967,-0.14192618580399427,0.1556272057842902,-0.09969211285074547,0.04119742080877549,0.11317085465399868,0.09738484787400291,0.0006748237590951667,0.09294691287786877,0.007382480296803107,0.018748740489837046,0.2737603211811289,-0.035438963201269824,-0.12653927926834455,0.24434139112048414,0.01931596537365384,-0.26195906363413185,0.05789900389110839,-0.2572342291935465,0.1845175460710301,0.04092117374735803,0.21276401378440957,0.08012107821758616,-0.1376139888568195,0.04100101895770181,-0.14497785005393005,-0.20339765028801313,0.02721134749877696,-0.1344800027155702,-0.013163020447954504,-0.2630967142853846,-0.1490884363540602,-0.15584943505355472,0.035620541315163984,0.0896844562171743,0.2049457208286621,-0.39633021924682293,-0.03880902986128702,-0.04859082173883822,0.08783855963700038,0.04494428046579636,0.005916565960454558,9.723418070156455e-16,2.599904288956125e-16
y10,-0.17272411328559148,-0.14003775541797728,-0.19823414673614584,-0.08371428744615839,0.02341195218206231,-0.09500541583126913,-0.13560728790566542,-0.11652332666062482,-0.08262974871815262,0.06279976720946652,0.04118470098857406,-0.024775209868100778,-0.03930076772005947,0.10877682842022879,-0.0693990594743828,0.07300102779797138,-0.11436559504236654,-0.22894166372243488,0.0077732158199701785,0.2261373496565191,-0.032002733220689236,-0.16769882866636546,-0.3295591834431486,0.015360499737931087,0.07115306837815993,0.056709764255235856,-0.005939071906484107,0.058775362829163666,0.1997220645599243,0.07417036099574008,0.057772171829628696,-0.06328750339007526,0.04777050903282781,0.0047934718722832635,0.02604278167776953,0.05266557486192039,0.023361175754369176,-0.07690934247296392,0.08219739973483912,-0.07369611637414408,0.0519467637236688,0.07512489075469872,-0.0022630351339023823,-0.049599687190514705,-0.019043485097293537,-0.003514786816732484,0.28994124968864354,0.6223071111510733
y2,-0.21713508879009605,-0.1195697137158428,-0.12570699314074085,-0.07639091117867475,0.03514490298613784,-0.09231807454719976,-0.17362466266901086,-0.09922077375584093,-0.009225096400504562,0.033591874277746764,-0.00247488847044508,0.017220901720372953,-0.016317750194721536,-0.023513740951398576,0.0223125104741259,0.05980851112226655,-0.08741397903018405,-0.0952130967421354,0.09298742306606797,0.13294115545878682,-0.09155143679675865,-0.19963238331239758,-0.1291615948879641,0.08744589526336066,0.03520954140970218,0.09629181161301321,-0.0291428682236278,0.04283652696751376,0.10861356851511624,-0.031752250069411805,-0.01603492379373847,-0.1234395141003154,-0.07623924293809232,-0.004916752887503026,0.060658558837541704,0.0008008329525164143,-0.027816558900722724,0.019797122073463583,0.07342455931587814,-0.09368424975593367,0.10392684550469893,0.0454185625987495,0.009821989101314554,-0.02388583634818632,0.0030877537663819704,-0.011866214311984697,-0.7995259056865978,-0.16093375520944614
y3m,-0.24574295614651653,-0.04942144298358683,-0.1202964424739637,-0.045674021718177325,0.0708885532205676,-0.05005455705719819,-0.07429254528370947,-0.05522864783286796,0.16625854417184835,0.020759728441671566,0.061611799832541725,0.12317886693517074,-0.04380074631108574,0.06960143464853483,0.09828749084189331,0.14963425289075719,-0.0018187704108807712,-0.14683842963665766,-0.0031426604009190395,0.08285908056797761,0.07266603292470261,-0.03602764372801584,-0.1916017082299058,-0.157943056057116,0.18151280308089937,0.05352207080796242,-0.014453252188908809,0.029179865313081386,0.24675077574584509,0.017213702425685498,0.05641517418602496,-0.017958971672680485,0.01662168653581883,0.04768076920592379,0.019223839248354673,-0.0038427219787424832,-0.012345085385733251,-0.12458941059619795,0.053671077651421775,0.0009202207813176801,-0.014242869318242191,0.04788694705026966,-0.012616883942074551,-0.014845125932893308,-0.020322213696464923,0.003734142071390746,0.3781363435096843,-0.672784856781155
slope_10y_2y,0.2444388464035613,0.04971719228357794,-0.04411643364641364,0.04263478824083864,-0.04815188099149897,0.06316939194341328,0.20019185445234955,0.0406554591772578,-0.13188536458858047,0.03035787326546613,0.08432858271175211,-0.09208647062029517,-0.03136550240413005,0.2673585881600989,-0.18979264507520494,-0.01928572083441174,0.013694295382797594,-0.1823054070812699,-0.22976263626033422,0.07782461920543146,0.18020362954350813,0.20792245013073773,-0.2831860422723723,-0.20085783626538195,0.04188961853433575,-0.14597910070904302,0.06539006029918742,-0.001549518794589266,0.09186420969352019,0.2236242270997353,0.15131963040873586,0.20491732745303223,0.29068922656027096,0.02198317827677068,-0.11025249353472431,0.0974113851869455,0.11726901179593233,-0.19737144341350965,-0.03770297088409492,0.10702684287944715,-0.17505067941045793,0.022556675685788365,-0.03009685201250205,-0.03093086453116335,-0.04410176527348229,0.02455308339034984,-0.30413412872130746,-0.06121808821246416
slope_10y_3m,0.21547746995362838,-0.10437412939137268,-0.0539840673915738,-0.03234820862367427,-0.09920841378392709,-0.04002666349875894,-0.0518302657301416,-0.06057230112502349,-0.42560835039742595,0.049420404898595144,-0.05699763222257098,-0.26420667730139163,0.026462396258677467,0.022932887197263038,-0.2804349089627568,-0.17633349573853935,-0.15703586493276195,-0.047616763152489375,0.01675775791427384,0.16286183386175915,-0.18025117517487593,-0.16812464603483357,-0.10537211203361713,0.31575806093101016,-0.23830806121306486,-0.02015089436078297,0.01859217086011551,0.028090488914684138,-0.17948402494333413,0.07197568240263566,-0.024049809425074863,-0.055321729485504206,0.03604666166157568,-0.08209433105363728,0.000721361734526773,0.08103357693539967,0.05576541844349456,0.1241984329369867,0.01532375844420207,-0.10508975970776246,0.09939835453236336,0.016177452847866987,0.02032792011799351,-0.04192182331170795,0.011142765154074072,-0.011886134445988909,0.202996885023072,-0.3611745672200129
baa_spread,-0.05897966346810392,0.11924541047201362,0.21997393717950733,0.15326240866899843,-0.21138944171027835,0.02467193896684818,-0.100935522387323,0.35185526026886876,-0.06711985139985255,-0.11096376316373632,-0.13793066062699327,-0.10650979506369262,-0.05882225908962084,0.2110350425637148,0.1529939693032558,-0.07935221097680464,-0.19475117725318117,-0.1222136746242749,-0.06703895055857427,-0.36200786301499815,-0.20678998357633463,-0.17019113190619933,-0.050072005885685236,0.027249053999216885,0.3588502271172179,0.23007793416868907,0.19393097912522286,-0.12998918960623235,0.0070601224517732875,0.1778387728586573,-0.009732902010075983,-0.035154002770693804,0.16374579355481883,0.004857245544053063,0.046250114695159564,-0.08898100475560754,-0.012153961291257457,0.004223325435314573,0.04917615783736717,-0.11064348353671144,0.11366937604634475,0.00380335406591132,-0.009328036669612627,-0.08501054134481467,-0.038473139411368776,-0.014036469820225498,-4.0245584642661925e-16,5.551115123125783e-17
baa_aaa_spread,-0.1595027112694676,0.0764462868243885,0.12056787668235387,0.20819670241007585,-0.07198543433634147,-0.08380944803079823,-0.2510569023647049,0.21422451234363515,-0.006803997902764369,-0.27771010188389245,-0.02681751244120928,-0.08002650649817303,0.05252874476086217,0.08960249572906165,-0.030893680943472217,0.025584287832517066,-0.008464459115460565,-0.06126348904142481,-0.0918959701142893,0.42041597354464255,0.09121629091828129,-0.19401346838988365,-0.011412737342893775,-0.223723331163533,0.011316196857788924,-0.11305615814512145,-0.149520602207803,-0.14712404096891446,-0.36756125953293295,0.027242552471442825,-0.0188113733662061,0.19283113792568582,-0.28586832643762994,-0.1522275774087006,-0.027885073707539114,-0.009976498126747474,-0.15866147780095233,-0.09366359744738854,0.007487371984847349,0.06155026559105918,-0.15438490101522473,0.012219760000322932,0.051137526797196964,0.07780011802689116,0.03251788906130942,0.016968181573536485,7.216449660063518e-16,9.71445146547012e-17
sp500,0.13847974214240905,-0.25048718267935116,0.05978344449499832,0.059252777017197576,0.07454449688130527,0.014139268739889004,0.13873979658603608,-0.11650587439706629,-0.06052961582553684,0.05820802819322868,0.02799710353404848,0.03540089035924021,-0.035550781358048324,-0.05675817606713057,0.07278182165634403,0.18738165543013263,-0.0627779153966091,0.011884787969473398,0.05085932363073816,-0.12848132507109167,0.06718296801760976,-0.0010270681430289987,0.009724276516011664,-0.16946873141646457,0.061726288115700176,-0.11651798907850838,0.016158694853884742,-0.18356702581943887,-0.03230160107007986,0.07270136911877567,-0.21720134627231755,-0.11425766345132851,0.1232522698067792,-0.49470263375354423,0.0622157412746052,0.30938197511480736,-0.42497012355034774,-0.1434945746390501,-0.02091724533040714,-0.2442514618186706,0.08576395589641171,0.07252594784279237,0.08472352973742145,-0.03196931393328971,0.04777931379827744,0.01127603557994325,-7.147060721024445e-16,2.2898349882893854e-16
sp500_ret,0.04635663435806306,0.05776613184643727,-0.028941281046815474,0.2508997834104747,0.41117544648797066,-0.07542068757426994,-0.05519213474389079,0.01797359668635839,-0.06931682487544885,0.026302665079080245,0.02300385273509345,-0.03205587355308483,-0.16726773086860186,-0.14858541581351487,-0.10504432610303657,0.12513031952154807,-0.21602777702161716,0.12942496985819663,-0.25684311401317794,0.23720013728401862,-0.00751987483398045,0.2961470191545079,0.1895811366553992,0.33160528704581643,0.4095670118614203,0.02074762424033208,-0.14829305797571282,-0.06616012168730181,0.076687901296495,0.15126898530347688,0.022513080535565867,-0.03363419907638078,0.007385940848620043,-0.0422496479600506,-0.05635410202628939,-0.10543535321260836,0.0018663240618741403,0.038526524611646205,0.048852598288666754,0.0008987037184226623,0.05344514303085203,-0.02546101689674239,0.02455233967253455,-0.01878121228313004,-0.006107527641035199,-0.006179274584594803,1.942890293094024e-16,1.1102230246251565e-16
sp500_mom_12m,0.22204628266857168,0.04029558520012238,-0.0699239785636166,-0.00382425575215599,0.13252176482021152,0.08782777336917882,0.21803663132969922,-0.16037129527765895,-0.1411559886418169,0.11691224556371832,0.2671720863483211,-0.03435513016111569,-0.04729417693461785,0.09560296775135296,-0.10049902509245084,-0.24803419018342227,-0.08562866386470172,0.04384185951686348,-0.14514007498428755,-0.132862660898813,0.0900802272932582,-0.36316664952565636,-0.03331076648652842,-0.2788774370541212,0.31187676833759803,0.07784894648592393,-0.20966932371325234,-0.08865673859867493,-0.07652118395033236,-0.1794181282703729,-0.04859031503002202,-0.22360719963959444,-0.27651570219418964,0.18200313710563257,0.09178391719186893,-0.0955205350857419,-0.03211662389004687,0.0202571189335357,0.03196318764881573,0.08974500065798902,0.016179037434211174,-0.0028199268603811556,0.017624173373452665,0.07016566991268058,0.030144597373134713,0.0008421895649719079,9.43689570931383e-16,-3.469446951953614e-16
Mkt_RF,0.04159341375763259,0.04012224518274439,-0.02420378908300291,0.23703461226795705,0.3984428335642743,-0.1900105086663386,-0.0023945183506596853,0.07312625612895463,0.12580596136194228,-0.07247059522464176,0.0009413873836584541,0.024475540114750283,0.02448447728671352,-0.03193631303027072,-0.016306164076587804,0.27124486478626586,-0.29696372160236745,0.06531678760684934,-0.24179997583806384,-0.36184993056832615,-0.07214757898561734,-0.19115206422874945,-0.23590231295749414,-0.01619924042621461,-0.37239284794268485,-0.05726277073516041,0.07196963265229224,0.10541134390212566,-0.10804663258569727,-0.10686608407638463,0.2164336518516783,0.06556505948271045,-0.07436986686528022,0.02399857520367599,0.06425260805259086,0.09272695304634569,0.0906012387551855,-0.03674477845802801,-0.019621797370802746,-0.013351490802832218,-0.006144801883904885,-0.007702879080169769,-0.03375560045819159,0.01799395871182599,0.003025088201217316,0.003940839700992535,3.3306690738754696e-16,-2.2898349882893854e-16
SMB,0.03760917874370156,0.05432393899679355,0.07239918655251515,0.18713332668912777,-0.09430109405510315,0.13530601065778092,-0.07756069707565275,-0.64911212521992,0.0778876283264636,-0.4349462821613501,-0.3538065418681159,0.220704206490515,-0.07726793240881796,0.16089408493591967,-0.06600456966302276,-0.14807947309117972,-0.17835214456295212,-0.09162215791956083,-0.035952528644584064,-0.09275124702499521,0.034306104149960215,0.09653091206365473,-0.034910749837656976,0.04236540400941251,-0.002348079165689243,-0.01225528992506314,-0.06395930438290073,0.00020145862531770198,0.024544960137056343,0.009179970481124011,-0.024261427453052993,0.0012109051401106158,-0.03127123514192327,0.021970606689798035,-0.003335941516903057,0.004138598887997835,-0.017631343548166253,0.038859367290352304,0.019660953538421178,0.004531963158315347,-0.013538620290634712,-0.02003504687013674,0.0020657829644398634,0.00917649770129196,0.0033319319925873003,0.0017566218338989636,-2.7755575615628914e-17,-6.591949208711867e-17
HML,0.05393099570053495,-0.11342313463515301,-0.03568831417408712,-0.19395959722653658,-0.0007120478880789415,-0.41151058833527343,0.21599954151921255,-0.004910627157056681,0.057169415151392,-0.22201120099526184,-0.02527382427711125,-0.01691298215764904,0.10345911751172841,0.18917460489296406,0.02680258361233301,0.04105740610450204,0.04246433473091234,0.1563482671929871,-0.21827599856726376,0.0914099768560031,0.25003217046507054,0.12300056203243032,0.02612070958806475,-0.0034911928901185524,-0.11933432117418438,0.551145542098833,0.09066757820953641,0.007541867729296561,-0.11810380375197507,0.16469539964680538,-0.24940623838409925,-0.03821392875412029,-0.055358906694304155,0.07961580231061316,0.06997066789925849,0.023105613931544533,0.024952111259278695,-0.0027498740237944146,0.08629996072747742,-0.05294465513031478,0.0815027159739036,0.037397937162645195,0.02542475166890462,-0.02934399025607287,-0.001253278416024045,-0.008093177000345706,-4.440892098500626e-16,-2.7755575615628914e-16
RMW,-0.019701260306133433,0.07382948260806708,0.0011497504200177935,0.21150577758888628,0.11649456122583855,0.32558955867731804,-0.23350079357767614,-0.06436404621323788,-0.21828105815561852,0.3927771076616155,-0.1009688726956891,0.13029103829746835,0.28787564528701104,0.43487002439917444,0.20414539226972425,0.14195794118040733,0.260498234192216,0.059563911942861314,-0.1829494285072843,-0.02322766692298211,0.054459156344091486,0.03573575133483253,0.015363994877748546,0.10288548999132169,-0.13984965664109628,0.15684806282819508,-0.09163522828028509,0.021663649665627158,0.004357601818559043,0.03872785490018971,-0.06852796553150656,-0.005877951687804833,-0.13103289086721512,-0.04640645914468985,-0.0007176764052029012,0.02686999662222632,0.010198131158441953,-0.006375005166047878,0.0434521043489154,-0.014097890519272592,0.05688357713252258,0.04183001938282388,0.025816151380916155,-0.016751743813824202,0.017078866152267225,-0.004413795305512898,-2.7755575615628914e-16,5.551115123125783e-17
CMA,0.02437265375261106,-0.1403773912045683,-0.025486385858002208,-0.27918701545684077,-0.10193469802330099,-0.294282895662007,0.12578663625892736,-0.05019310445740972,-0.01395101884879277,-0.14071774016271366,0.0014187537321799358,-0.18140733807127518,0.1636509352616653,0.34515493932391694,0.22662367164237007,0.107693009655655,0.07524091085134636,-0.12642878450519277,-0.2195988155386851,-0.1424708835924298,-0.18417099768922598,0.04180396470423131,0.19455208075740416,0.21057935946821218,0.1327306476069059,-0.3653695592256853,-0.21337068927462666,0.03307769421666909,0.09292818143369222,-0.13678744273584503,0.21223426306735302,-0.0018255003283525195,-0.15221859380960345,-0.11624777852915112,-0.033762817895665376,-0.04827547736078973,-0.041138895164527636,0.0009680978233156797,0.01480142992526419,0.03556922406406095,-0.010443687443299834,-0.0045098624811109045,0.041038817230846694,0.00679529201254786,0.024985223461770706,0.004853450395364407,2.498001805406602e-16,1.457167719820518e-16
Mom,-0.03201313938076214,-0.001785990555844438,0.08286440642395765,-0.024295197619408467,-0.2323592294606988,0.3469360222185324,-0.16599279879809223,-0.2610218286358261,0.15757957738798223,-0.11062326206282737,0.3954338051436827,-0.5684587176311519,-0.09363615322956141,-0.0776539218615796,0.12239107547489475,0.3056900296106315,-0.07732291051531302,0.12059163284103046,-0.134789510883754,-0.02010849423339741,0.06439184149317834,0.059470156898071135,-0.00400441098037938,0.020942445803804097,-0.05376272594814327,0.12963810570183937,-0.0059547660934864965,0.03485401518896619,-0.057380124810300775,0.0021608310747145976,0.037500346249257355,-0.028266620027623313,0.019420761799942926,0.013360431533327832,0.031998784546296885,0.0033954364833765063,0.06319773862315478,-0.0235717960787247,0.022704445389333194,-0.018047721111497203,0.027255592721772817,0.01127652724811315,-0.009548131677042729,-0.006278117051860446,-0.0014776143730251823,-0.001638461280097054,-9.020562075079397e-17,0.0
ff_pe_dil_whmean,0.16062043530565714,-0.2105451639332396,0.008165484759319944,-0.025481604245081384,0.01852037165730993,0.06678822039380981,-0.21301695429685458,0.054790554288863355,-0.07084056136008997,-0.1065140679985468,0.14135163609698562,0.14037502009471678,0.08687711848123517,0.16401841939569517,-0.40599322029990215,0.2659412391965854,-0.04188321257322605,-0.1739579488506911,0.042753294713633316,-0.00045572184464659493,-0.11056514877269116,0.15676247240523394,0.25755482918804185,-0.20619889196437494,0.010028696332417424,0.04903480945965501,0.2628754179424164,0.14440638516376386,-0.011683635030273476,-0.14784040490901856,0.05187945015092846,-0.006566869814556564,-0.03704561901986597,0.10165440793924653,0.10176551740772616,-0.310913932825851,-0.20700839806730542,0.03422014702593525,-0.1945585027096113,0.019168639003309354,0.16238562154361452,0.13245300297768992,-0.029668662878406804,-0.08220641820947824,-0.016941915017693904,-0.020578653338365706,-9.367506770274758e-17,-2.220446049250313e-16
ff_pbk_tang_whmean,0.17161218867706932,-0.17915751532672483,0.17146521198566114,0.0022816029753093283,0.058548204145613215,0.04433461256168009,-0.022613178065019862,-0.0077858069690856435,-0.06937982609096337,-0.042258924774809095,-0.13180046205512208,0.08154211330793636,-0.04983941316528833,-0.19422329699034308,0.3433622069717633,-0.02929651881857972,0.10008029186318693,-0.15031879309786178,-0.3119182867444079,0.24128010272966072,-0.16622773020991888,0.0015147196740990382,-0.10041400068423859,-0.09848436921422526,0.11502331670272384,0.04699650533052773,0.06102887903845833,0.2893090756666508,-0.20910596011759147,-0.37888136837750674,-0.14154992699836774,-0.15787413201349776,0.22501067624065652,-0.05525728647847918,0.020721968799262674,-0.03793218041022603,0.2080863034700519,-0.06943986325360403,-0.09269708412451376,-0.01833783085016192,-0.09288478323532644,0.02482421840490623,-0.08156836812723164,-0.08160052964588237,-0.0876764083949221,-0.003986522745930816,-3.436984445546986e-17,2.7755575615628914e-16
ff_psales_dil_whmean,0.09178674004061925,-0.1821526466179032,0.16935081268159843,0.17567205244373155,0.04063256131611943,0.14879171586203163,0.2048931908948163,0.10431991069672837,0.0695022942358872,-0.16185234623218125,0.06670064297911432,0.06258352521395226,0.014251696598245659,0.01094037355440841,-0.08772289029813593,0.06469173586887654,0.10390529668984547,-0.22320282714540532,0.2402064099744552,0.03888121798580493,0.08729456278463715,-0.09823956113284082,0.12697761151561412,0.1901957139215626,0.03654706664851706,0.12120956183543675,-0.01625234358666998,-0.015183380259348789,0.017215268931435684,-0.08493008038479793,0.1342015015969199,-0.039002687125303595,-0.19096870579831865,-0.01982232818919269,-0.18325035400953382,0.15674224578022702,0.391579811227032,-0.40122754979193964,0.07162188590317178,-0.06179404865845118,0.2423015689647054,-0.012297521437160425,0.21418757077947478,-0.015184883553640768,0.1199612308028771,0.0033269740223331075,-3.1051202798371533e-16,6.938893903907228e-18
ff_pfcf_whmean,-0.10612934383991822,-0.028783759271565647,0.071967977853536,-0.2467699572529806,0.21420349019175672,0.25965818501175597,0.12101516439043249,0.04650501547940369,-0.06629430426924164,-0.28245224924244633,-0.15892993089129412,-0.03978311547141292,0.16240713959203415,0.09737562715979657,-0.16854609104175897,0.0886928748186356,0.16491538035634629,0.5333199278853425,0.09804238206888902,0.06764077434967117,-0.21768139155139274,0.024378053131763167,-0.36759885029065376,-0.019487328647454227,0.19556754103438112,-0.024469904767937797,0.10035601223231566,-0.10813636672160301,-9.544268600569783e-05,-0.08736348347636186,0.10683355488473421,-0.04308803093247393,-0.028454268578509356,-0.08396798965098365,-0.03363208931431519,-0.02505167762362659,0.03602609660830661,-0.006795103435621976,-0.034097897524313664,-0.012719211338193478,-0.0009098606152476221,0.03558352251512703,0.009604739470787244,-0.06400402807909658,-0.0020222260684842064,-0.003084429727446842,-5.971481203436012e-17,-5.551115123125783e-17
ff_div_yld_wmean,-0.14481667778186577,0.09206811124524018,0.017291874895230958,-0.2539576627981774,0.1623545798598348,0.1758100009685517,0.14389092030638986,0.036022084837114526,-0.10314327195693336,0.01617832911369412,-0.00819342259309104,-0.012442643415505668,-0.5416075387666773,0.12106440462875853,0.017838788684500128,-0.08863668349478603,-0.013214715605787988,-0.11506709726253855,-0.06633743467549597,-0.0329781823402131,-0.10598597236194825,0.004392631951995657,0.01228864971803037,0.09157396139365681,-0.15318180016409538,0.19011368257902272,0.03042530916791563,0.11185822507740689,0.048484256172507456,-0.09041959914246811,-0.11040732884792617,0.3385957872332703,-0.19815594120153485,-0.284701668555858,0.030948156832472984,-0.0840783903415494,-0.14250809451608953,-0.15225227087576118,-0.0830991586804728,0.20259182900675798,0.08007773965149269,-0.1293622873264182,-0.06826310028071045,-0.04483793339273004,-1.81926997024906e-05,-0.0221496622311795,-5.049121589611528e-16,-2.7755575615628914e-16
ff_earn_yld_wmean,-0.14856960591121732,0.07853776306343765,0.28710283941532794,-0.06836741838651121,0.09525034977062062,-0.006914488047652635,0.04627516330340753,-0.04820054117818449,-0.04976078844366254,0.012308967078900376,0.0998839497454634,0.019976651524786962,-0.0104381286144119,-0.02224499469895068,0.013492041248677013,-0.21573186775762374,0.0028452612026040386,-0.010883015989495497,-0.14069528498832196,0.0439345470703556,0.08123751333156481,-0.0340454127203321,0.037979662954626764,-0.01607324061628028,-0.16260395628921664,0.1262729670714292,0.08442944407813602,0.10912456834608947,0.04806837091628452,-0.016847976546482013,0.34413145705947207,-0.2023269618729496,0.08249629266344417,-0.027303746096604537,-0.5568405075820507,-0.14095436576828685,-0.3152267755032906,0.014931940931907216,0.06989815675738707,-0.22180667199301177,-0.024071375081694636,0.19715589245863516,0.006824470045742777,0.1466443943048611,0.054199030613333476,0.03079222336908373,1.9894149756370943e-15,5.967448757360216e-16
ff_fcf_yld_wmean,0.04928089479800354,-0.18048103127537493,-0.04305472539266243,0.30426962296796956,-0.14543238876548348,-0.13761326574639973,0.0823092554349193,-0.07368893170093846,-0.042701576987788536,0.022744657489502274,0.07826078749954782,0.014362637301794426,-0.11909733300688191,-0.08951346967772561,0.26465501865667507,-0.12487831741541075,0.1812905425990982,0.08207628902284321,-0.0007325490910673803,0.053554807667930804,0.18532937570361352,0.040371967529470476,-0.2756871163632741,0.11561438891885367,0.003890088989247059,-0.039364931477862686,0.1982038980846948,-0.1855373520110037,0.016897534763761435,-0.009328009963439632,0.26367855911822075,0.09032750009487373,-0.18538219685313875,-0.028542898725348584,0.0578645708744655,-0.19378065721084725,-0.0828168860505244,0.17005878835285673,-0.3323224854951478,0.11477421962088272,0.2776950342157715,0.13775052293333062,0.03241437464462773,-0.21542523482189296,-0.00408374592593419,-0.03975315780045992,-6.981974199560473e-16,-4.996003610813204e-16
ff_entrpr_val_ebitda_oper_whmean,0.05379790529412122,-0.25743535782713617,0.07380724006555489,-0.016078810811912064,0.10640288568426501,0.15621489332370878,-0.11982327158612566,0.19917732922900344,0.08393606074740961,-0.2051038520636918,0.06539241691649662,0.00954636116597948,-0.041433900603798,-0.19390675195456752,-0.12159681399882372,-0.098638788596169,0.36181618570687346,-0.2921545045977394,-0.2130532637060509,-0.16840826643867285,-0.10678098122038616,0.1560708140236639,-0.22981768442560802,0.04441230690261409,-0.14352989523495233,0.02416598179112206,-0.22520224357141505,-0.12460875314077013,0.08077776235954898,0.21488169606191437,-0.046951926812239246,-0.21274194906552568,-0.12840991829951864,0.08547302622856601,0.05750782890406814,0.049239937496791966,-0.15680364723199183,0.19388519497653656,0.15858063244617285,0.08096006951200804,-0.016683503011339543,-0.15700228202734523,0.00037699478808899886,0.017274341644613334,-0.031224489608398215,-0.017127110910176536,1.1016960524719513e-16,-1.1102230246251565e-16
ff_entrpr_val_sales_whmean,0.14133016259808778,-0.15821491614753622,0.24707869181255587,0.013472523975824987,0.08003549163412586,0.07455476828451914,0.02852345395300139,0.03469611981879267,0.018801975842491523,-0.08793599227038494,0.14974543439670884,0.08464051167000942,-0.021879196108457108,0.02408090596472548,0.08026522392122151,-0.04398950358563806,-0.05167307121696658,0.10715238320135564,0.05049700074220772,0.027616419837245082,0.08469947443946821,-0.21758454696704477,0.052649651058689684,-0.00521375452191461,-0.024771660173565684,-0.16425130328454396,0.08151349863493493,0.27886325239059007,0.28041925168660947,0.26808685862390336,-0.1709768628589002,0.18131237097343714,-0.148802755235086,-0.17352618598155048,0.08672865481982482,-0.17746480229755343,0.19124732150161022,0.2697857598462944,0.24189938688122237,-0.05398591466188141,-0.2307544568183696,0.3058700103123505,0.08314351401264755,-0.10339010182776294,-0.0825234930163144,-0.001643439956852094,-9.677900748349528e-16,1.4988010832439613e-15
ff_roce_wmean,-0.1737730748389593,0.01820868846569774,0.2650119101990582,0.05681543605868968,0.03562038228135375,-0.09221276480703039,0.09669743987618191,-0.11233483892690944,-0.1433970885241039,0.027616252079817667,0.1573313339075511,0.031960542120385446,0.022304775543743955,-0.0051845577343304725,0.01409270658194626,-0.10769927705537302,-0.011168831130158693,0.0207229400534844,-0.031910025000286044,0.07168982678594663,-0.19669876766488636,0.11895639389593939,0.054105120726364475,-0.007786789567401919,-0.2656020060700565,-0.09228233121334084,-0.03233525334283412,-0.38983970545743535,0.12127033362321282,0.024429740480289786,-0.0440012225867861,-0.09343404489534085,0.01687541685062323,0.09917626437441991,0.35563581433814495,-0.28610486160373627,0.11162961581320024,-0.3988792502599371,0.01710171218360826,-0.20105113826795934,-0.1053464204838627,0.07253932909333563,-0.1514435409234821,-0.00634657131764943,-0.11828526585900268,0.014040055326063831,4.2423811078867346e-16,5.551115123125783e-16
ff_roic_wmean,-0.24611960539575103,0.07226919731850846,0.0804207506540303,0.0858987917948335,-0.02100959581773609,-0.10028665526768402,0.05339560213765094,-0.11277167149297121,-0.17661667121826835,0.0020558176372126465,0.09019852807158524,0.006990160836385884,0.006475265424953623,-0.055489655574226006,-0.07950512322368183,0.024624649562408646,0.06516866766080509,-0.014323020318310455,-0.16771263255812027,0.017915625736153042,-0.16912219356176042,-0.0035526794546512815,0.09408173842612082,-0.19942593564159106,-0.06452061051208086,0.05793454496374901,0.11293232366227471,-0.07106310114764638,0.1510582989403016,-0.09127861363377948,-0.006822801084745783,0.014913238072480017,0.14207051360493417,-0.042010124050097124,0.05345386860424431,0.05443044240956548,0.10519192408241154,0.2060717927712183,-0.0009479577121777327,0.11374026893045627,-0.09726986135046194,-0.19746180934058774,0.6053185177564142,-0.18898837687389008,0.3642644488255477,0.021731708860504673,-3.3306690738754696e-16,3.95516952522712e-16
ff_roa_ptx_wmean,-0.2258227474482036,0.05799033813313475,0.12866754046847223,0.11794934057515967,-0.028793716644890114,-0.10611245356106168,0.12171278578293167,-0.12438067229358528,-0.1894961922102284,-0.02345919798004394,0.08373015032483426,0.0025717476688195584,0.020293951054678464,-0.03420202287043991,-0.09904189075805132,0.10242089765767098,0.10375399171762549,-0.05795853851850389,-0.032107936610966795,0.011087529808222231,-0.15012395230174755,-0.022929946346781027,0.19100799071506835,-0.17509696623236184,0.06634848329220444,0.0815350881034148,0.12822765883190085,-0.003300749200139279,0.08872107865936724,0.110393127053263,0.0746216401923278,-0.11922454208377614,-0.19199781358310286,-0.14152814302797587,-0.0953470172553986,0.4063553952190059,0.2035858970501934,0.23343019143647584,-0.1681631469398632,0.13820305599208804,0.009326216904997603,-0.01217642166634083,-0.3529584561099983,0.04839598839187363,-0.36270418065102045,-0.03844930873395319,-4.440892098500626e-16,-9.71445146547012e-16
ff_ebit_oper_mgn_wmean,-0.13749951465017035,0.07505285247736126,0.2759394776902157,-0.032620693954025594,0.030974919942463656,-0.17367347986689313,-0.04657881690313124,-0.10293110498437875,-0.12723189019182873,0.05550197434328947,0.0825104550102425,0.027674394110692755,-0.17490909851795503,0.0028870082813141906,-0.17650506584386813,0.10459387645301892,0.29182489766422837,-0.05478357665737866,0.11690775114555263,-0.20818042129794734,0.11457412578343357,0.02442966559316115,-0.1316001625834553,0.21251054655065554,0.21938850503863716,0.04034656892493982,-0.17655476965927397,0.23491860765662742,-0.243538745726928,0.002609409433856652,0.025262416026998552,0.15190757856428866,0.02604184766554718,0.17592084467666202,0.20878207135159998,0.13743318640213004,-0.04197923411188831,0.01200329935820317,-0.23612981919173148,-0.25206233070704187,-0.21557240886180964,0.19324127999483445,0.07968380594201732,0.04793818830685097,0.06438565955091938,0.0489676881937158,-4.996003610813204e-16,2.7755575615628914e-16
ff_ebitda_oper_mgn_wmean,0.025022037071262725,-0.046040877326493465,0.33728463369979556,0.071463280593652,-0.004929517443002699,-0.19713368188048871,-0.04802703031061155,-0.12476919271254767,-0.09073848163805202,0.035637493486281945,0.11770914516210547,0.06491946943372898,0.015366193885914014,0.06344855758982101,-0.031841230740934146,0.08241720226822494,0.12406143911846157,0.14821147788840391,0.13384364937387808,0.03486036857042003,0.11671609687456247,-0.12714526297740836,-0.07717493985664262,-0.021782744717005628,0.0399819509840412,-0.08728545710577541,-0.048643166398337184,0.20549566620545281,-0.048236890450169115,0.032984799544327814,0.08155044899666822,0.05719114703554862,0.22862810861930108,-0.02838675036282502,0.053817128337891304,-0.140498836608373,-0.1032384107205464,-0.036539120739685765,0.3205416208720611,0.1675561141601339,0.2866697022685792,-0.540004770868703,-0.14637684398936174,-0.008777590452406253,-0.07587045008086526,-0.05057547725994259,-2.7755575615628914e-16,-6.106226635438361e-16
ff_debt_eq_wmean,0.12217428020008325,0.000707044078047862,0.1462123513798217,-0.18565082169534647,0.05099330272375276,-0.14664949789709117,-0.39694910465214944,-0.09010234918974336,-0.01457533888770736,0.09004639359299338,0.16932280329931804,0.02981751883188391,0.15193723440115794,-0.08731640891394926,0.10336386611333909,-0.29878565738278223,-0.14527105774971497,0.0960269381325388,-0.0020117329156013287,-0.0962635840944354,-0.12018923900402936,0.243235427906075,-0.12144202052442375,-0.05063319996185101,0.11771874979297008,-0.06700325835354445,0.25359586500364056,0.12776526172526453,0.010310546924691216,0.15627311316154888,-0.08178753811421774,0.036833272103731926,-0.3335394188017712,0.04004569448924518,-0.09843809465402895,0.21063306790015252,0.017867769488856655,-0.30173314692235986,-0.09624559774226969,0.08231865034833441,0.02870969390529951,-0.10995717253890629,0.14357381902626992,0.011003601630947088,0.029213028333704455,0.0020642974371359035,-5.689893001203927e-16,-3.3306690738754696e-16
ff_tcap_assets_wmean,0.08364393757837599,-0.04161459725100846,0.32958328664330483,-0.07880048350085463,0.1256385096305616,0.030100656005971622,-0.045510845360630936,0.058102289540123045,0.13664734875994783,-0.057967635268744,0.12362848501610492,0.024724463738988116,0.12378469272796006,0.118785304310802,0.05536880084248362,-0.05396081643648678,-0.15388868637839478,0.010851909437528257,-0.028378236992822013,0.17643786435687334,-0.03390636977172699,-0.1629415371353689,0.000811591455280326,0.09706303772028604,-0.06835078337373829,0.00891166557339472,-0.21571182998432684,-0.18530481689041792,0.2717241591816226,-0.12857140978332038,-0.20158734447336946,0.23781649607942276,0.223378580639935,0.2630297007992762,-0.06651089507976093,0.27063336606579497,-0.10265837005176379,0.14844184401626592,-0.33264911836154937,0.10018011279183094,0.20227504500176122,0.06296750414701485,-0.10015428484240271,-0.0007195403687805108,0.09941270408946501,-0.01079409055099767,-8.326672684688674e-16,-1.3600232051658168e-15
ff_ebit_oper_int_covg_wmean,-0.04656648873508706,0.11669766191237205,-0.23018421805617467,0.01116932027119332,-0.0624570701706812,0.07306728833203,0.05012636072778377,0.09794788570621293,-0.5149983130926287,-0.3734312182807923,0.30157442516276045,0.24526673315066366,0.15225011945681247,-0.16037301323211162,0.2797121367002088,0.08015090815399659,-0.1491844501757824,0.00520490506517933,0.14396537807078466,-0.10495974845908057,-0.013069869981026591,0.13608260207096068,-0.06547776327157089,-0.039407456979698496,-0.045417057196197874,0.06954270685297206,-0.2891838034965084,0.13283832085191508,0.0013068421101223582,0.04435135552232357,-0.03082669210290004,0.09588130207828846,0.06107835787841148,0.03273682934722433,-0.08992564930621541,-0.03476954165389308,-0.022824904639650367,-0.019821994463635778,-0.019793796862026543,-0.009030517658439291,0.06993117627742063,0.027982535316934093,-0.014951891028277091,0.010598045484549262,0.009090699425223281,0.0010919888132054911,5.551115123125783e-17,0.0
ff_zscore_wmean,-0.04694150803914316,-0.0842102618342706,-0.22313482004749768,0.2876987175058182,-0.1556011528460824,0.04040330010303726,0.08598424563894834,0.03642534087662982,-0.07833966401069294,-0.16081372708558114,0.021142923114273435,-0.01961828390002679,-0.04132419311222806,-0.05186354875134474,-0.04926765644915752,-0.03528865717456791,0.2247129151422682,0.21470781311889475,-0.2331430211729202,0.039046201113127295,-0.09824658019548287,-0.2227210523153264,0.11189176286071341,0.178904998803592,0.03246296240934429,-0.10360281628174306,0.27691907990045805,0.21515401076718282,0.2538606742126643,-0.03927755457502298,-0.16391888057327542,0.07377632651051594,-0.0162897071310199,0.26084254934199924,0.02184336380221949,0.14524298627316953,-0.2798666432547029,-0.2566544645754822,0.028547650266231864,-0.05674169089603216,-0.08036310757896245,-0.05842130666054132,-0.0556927573442552,0.19954615674539072,0.04406700737593486,0.022729662943798357,2.7755575615628914e-16,-1.0408340855860843e-16
ff_fscore_wmean,-0.24779345287070823,-0.08925045482785815,0.0006801557944516322,0.048270352202132064,-0.0016656428854147226,0.053336823043377536,-0.0583200248893144,0.09024476798696987,-0.009713836662878526,-0.05508335189765623,0.15875736561089773,-0.014564485577085604,0.32871186012250486,-0.018778674113578205,-0.18100407820283151,-0.263131633287702,-0.133707718183177,-0.07659944629700542,-0.06871081111008089,-0.13704678054698172,0.3779555212524285,0.09400424242660829,-0.05001388945289617,0.2706298026832358,0.08333671905366327,0.0685675334699198,0.12336267845045241,-0.01469376106064215,0.06479949782800164,-0.3808294267498946,-0.03166174932043608,-0.0018345429210427922,0.09805160274571684,-0.32759007465199336,0.1815398328926335,0.027030864164949583,0.008924239282486701,0.020433431842660804,0.051627081231746835,0.16642562279375148,-0.1606856305819112,-0.006867572112087064,-0.10791258352233443,0.05955774272636686,-0.02001373481608415,0.005423236044428403,1.3877787807814457e-16,1.3877787807814457e-16
ff_sales_gr_wmean,-0.23972482201606893,-0.10614031236568593,-0.05386157713627848,0.09645786139143837,-0.058931735777443484,-0.10309432530383833,-0.018927852473490554,-0.0486977181316012,0.0475214835315035,0.0641455626936627,-0.04064159508477345,-0.11121924512171802,0.0713870958914015,-0.07171800978595581,-0.23316057225061557,0.003348456529040896,0.07288326415565606,0.04944318234991878,-0.12666566690803344,-0.24350712783034822,0.03650875103538257,-0.05884407908382207,-0.07309535372523009,-0.0661549139465856,0.002393441158164991,-0.143810054701205,-0.19459164790011912,0.05602075521102939,-0.006471876572869515,0.03811860313940879,-0.45534943924330573,0.03902915373341884,0.01435645018423952,-0.07140319803918257,-0.44258115591996444,-0.2923773715434119,0.1692758063551631,-0.12050539887798024,-0.20635002973644417,-0.04333420535813878,0.13106600463366475,0.008668810741386212,-0.06192539171063538,-0.22175327342455037,-0.028605660166716174,-0.0466335121090341,5.551115123125783e-17,1.3877787807814457e-17
ff_eps_dil_gr_wmean,-0.20615679183757127,-0.049528979899522846,0.12053203714588169,0.0072891406576847005,0.05918430580828936,0.1401390445469101,0.3062962515892268,-0.005151062245559528,-0.018869533687829045,0.09317055443548392,-0.1514920754945524,-0.14271418947547077,0.19237208407038142,-0.06244239622172341,0.052732038507082885,0.05310729925747431,-0.1859171377757941,-0.15720319471885355,0.01213555496902159,0.050369800813820594,0.0404646442713536,0.08163433720103414,-0.08828957840151123,0.019312931313198167,0.0032253358296487206,-0.10179707188955463,0.051484995913317226,0.13045958416614828,-0.08352024260534865,0.05327119845835969,-0.11376776969569219,0.04731314556468155,-0.05401345405977964,0.1975920957959699,0.06875647534325675,-0.0787179118860356,-0.15225258908041467,0.035872921625696934,-0.055388363871471225,0.07935882121569926,0.1582235319294516,-0.018001787479899528,0.42602594059987126,0.2575893606524288,-0.48085180146871337,-0.0016634287042776863,9.43689570931383e-16,1.1102230246251565e-16
ff_eps_basic_gr_wmean,-0.2078869060056446,-0.049680065720198,0.12530896117040913,0.004926987436441205,0.06214010697948075,0.14169450889583482,0.29668131372562473,-0.005522276894649411,-0.04487346606007347,0.07141346115645213,-0.13342192756150487,-0.11387459732576272,0.1856212133293313,-0.07898910700107484,0.07205800327962039,0.03164988220345006,-0.16929057093337577,-0.1675021600678609,0.016764406850894954,0.06541564188329504,0.04965046005489379,0.09720525602942824,-0.009572304890089159,-0.02721470786739344,0.04790588377017218,-0.12585807247114,0.11176709972640896,0.18030011880682925,-0.11760945588082934,0.1888970377645234,-0.02956361103167577,-0.057637498919116306,-0.17662056784864918,0.17847712816217953,0.0962709350422552,0.015704590153066245,-0.08929559886029197,0.0388636989633264,0.035522136001640385,0.030055669058163814,0.009593280429331053,-0.03385431875050671,-0.35281090837865337,-0.22152995777092743,0.5400672225979608,-0.016894546334110222,-1.1657341758564144e-15,-8.326672684688674e-16
ff_bps_gr_wmean,-0.2146099028222237,-0.18096170768413203,-0.03525280887721108,0.02199510509796925,0.02308876053324129,-0.013309639006841989,-0.0174237144546157,-0.019699375613561707,-0.0048542040504502715,0.025021961829831737,0.1968589009549282,0.1534187275993341,-0.24941942033224937,0.19646073898377164,0.03802812894005639,-0.027785546423329255,-0.007912527100751738,0.06363509598075254,0.006826129374898949,-0.06285255730389541,-0.11398523169509293,0.12686452717491206,-0.007899431887706233,0.05242796541867317,-0.001132666718554276,-0.21587558197305756,0.15203037097055205,-0.14219629502477457,-0.35800598198388356,-0.04223477923881894,-0.16131384562685538,-0.030749624909277656,0.1521480981779982,0.1504445279201994,-0.11732091892530452,0.1227112326510558,0.09559026386037767,0.07314435506114253,0.3355217829631523,0.2928165243626357,0.15598208768289806,0.3479815065245171,-0.005376937395238202,0.15935900781600457,0.08257473469118307,-0.012833093882405777,3.885780586188048e-16,-1.1102230246251565e-16
ff_com_eq_gr_wmean,-0.12424501625211216,-0.2386398571774633,-0.0926691234136793,0.06710563206769017,0.03271305000366155,0.1112299949435618,0.06379862673335183,0.09604391281935686,0.1131231196334758,-0.021184750053670216,0.25061059289660564,0.1479482252373452,-0.1494181428650119,0.35398806473362415,0.08827013633414599,-0.08660286266879563,-0.17325823272944318,0.07302044971484738,0.09755344941566531,0.07801502099998509,0.018352520977688757,0.04800657824323526,0.015461425733185742,0.09945480502281355,-0.04501091141008544,-0.07798128254357917,0.055398232352566065,0.023844289982740824,-0.16576551405243117,0.03624083932308127,-0.027514683625687014,-0.17699021207151203,-0.013462476972190609,0.08659821254104068,-0.10614504910634356,0.030441579292520757,0.022256297181894286,0.14111040915347572,-0.23333153672834267,-0.286742387828877,-0.28318057883526526,-0.4406934342093999,0.03400329410806169,-0.1536732062102636,-0.11920008338613305,0.015781154261996083,-1.942890293094024e-16,1.1102230246251565e-16
ff_assets_gr_wmean,-0.06010865039387654,-0.17610559250276261,-0.06796239318002098,0.29274187405148244,-0.09198442118827259,-0.023270649408595134,0.14099858764557358,0.006137020045782662,0.2816587473356112,0.11544255425236241,0.09378881590230492,-0.05925072497780731,0.11739602335368704,0.0866940653603464,-0.07977028829018264,-0.2994102368567549,-0.03792536342479885,0.13160666883959288,0.0633093016197047,0.04542869886874387,-0.4164557987727264,0.18246763997629029,-0.020226568313233752,-0.15348330074501274,0.012258038987902453,0.22788462220140726,-0.32033007819036724,0.29312279292006643,-0.044196539514629415,0.03154382565769315,0.15441759097037466,0.16502437742119647,0.0619022754305939,-0.16233459883804388,0.1235611408010548,0.0421253468429183,-0.0584938783443313,-0.018195419579194183,0.028348378109773892,-0.020197687538401482,0.07023058661949531,0.1155509228497662,-0.009771473658178383,0.04147085989495804,0.03559615211404976,0.011791510400980604,-2.220446049250313e-16,1.3877787807814457e-16
_explained_var_ratio,0.2681279502412378,0.2036268896349323,0.1443255820049781,0.10079016487037266,0.06622865265980615,0.057013397351125907,0.04622244504147067,0.02003900963692879,0.016258001948990644,0.014386474010509923,0.011293919894352028,0.010444728377658722,0.006754803054872515,0.00545474962605385,0.0051344496840320065,0.0043651507392706975,0.0034420351474457114,0.0028406359607952283,0.002211850988989727,0.0015857170011445666,0.0014902840715825755,0.001281688657103202,0.0012407635393018384,0.0010247058410252224,0.0009760476817267094,0.000792537015000161,0.0007162619048966171,0.0004268052284710763,0.000327413381430368,0.0002549808403121838,0.00022050565589928187,0.00016185683403858336,0.00013140759822552735,9.310986770747237e-05,7.756464673853982e-05,6.862346527542146e-05,4.6665366096519366e-05,3.319522292977544e-05,2.9249422677301997e-05,1.8994151724565584e-05,1.3765933818920115e-05,1.1940684652155832e-05,9.71680593279366e-06,3.710243427873565e-06,1.3946558785558724e-06,2.0340915863832097e-07,1.5517329059625334e-33,1.5517329059625327e-33
_cumulative,0.2681279502412378,0.4717548398761701,0.6160804218811482,0.7168705867515208,0.783099239411327,0.8401126367624528,0.8863350818039235,0.9063740914408523,0.922632093389843,0.9370185674003529,0.948312487294705,0.9587572156723637,0.9655120187272362,0.9709667683532901,0.9761012180373221,0.9804663687765928,0.9839084039240384,0.9867490398848336,0.9889608908738233,0.9905466078749678,0.9920368919465504,0.9933185806036536,0.9945593441429554,0.9955840499839806,0.9965600976657073,0.9973526346807075,0.998068896585604,0.9984957018140751,0.9988231151955055,0.9990780960358177,0.9992986016917169,0.9994604585257555,0.999591866123981,0.9996849759916885,0.9997625406384271,0.9998311641037025,0.9998778294697991,0.9999110246927289,0.9999402741154062,0.9999592682671308,0.9999730342009497,0.9999849748856019,0.9999946916915347,0.9999984019349625,0.999999796590841,0.9999999999999997,0.9999999999999997,0.9999999999999997
